wind_speed,ACSA A29/225
1.0,0.0
1.01,0.0271265265381499
1.02,0.0534351678540441
1.03,0.078934185414574
1.04,0.103631840686631
1.05,0.1275363951371067
1.06,0.1506561102328926
1.07,0.1729992474408799
1.08,0.1945740682279603
1.09,0.2153888340610253
1.1,0.2354518064069663
1.11,0.2547712467326747
1.12,0.2733554165050421
1.13,0.2912125771909595
1.14,0.3083509902573192
1.15,0.3247789171710123
1.16,0.3405046193989303
1.17,0.3555363584079645
1.18,0.3698823956650066
1.19,0.3835509926369478
1.2,0.3965504107906797
1.21,0.408888911593094
1.22,0.4205747565110818
1.23,0.4316162070115348
1.24,0.4420215245613444
1.25,0.4517989706274022
1.26,0.4609568066765994
1.27,0.4695032941758278
1.28,0.4774466945919784
1.29,0.4847952693919432
1.3,0.4915572800426136
1.31,0.4977409880108808
1.32,0.5033546547636363
1.33,0.5084065417677719
1.34,0.5129049104901786
1.35,0.5168580223977481
1.36,0.520274138957372
1.37,0.5231615216359417
1.38,0.5255284319003486
1.39,0.5273831312174841
1.4,0.5287338810542399
1.41,0.5295889428775071
1.42,0.5299565781541777
1.43,0.529845048351143
1.44,0.5292626149352941
1.45,0.5282175393735228
1.46,0.5267180831327207
1.47,0.5247725076797788
1.48,0.522389074481589
1.49,0.5195760450050426
1.5,0.5163416807170311
1.51,0.512694243084446
1.52,0.5086419935741787
1.53,0.5041931936531208
1.54,0.4993561047881636
1.55,0.4941389884461988
1.56,0.4885501060941175
1.57,0.4825977191988116
1.58,0.4762900892271726
1.59,0.4696354776460912
1.6,0.4626421459224599
1.61,0.4553183555231692
1.62,0.4476723679151118
1.63,0.439712444565178
1.64,0.43144684694026
1.65,0.4228838365072486
1.66,0.4140316747330356
1.67,0.4048986230845131
1.68,0.3954929430285716
1.69,0.3858228960321032
1.7,0.3758967435619987
1.71,0.3657227470851505
1.72,0.3553091680684495
1.73,0.344664267978787
1.74,0.3337963082830546
1.75,0.3227135504481445
1.76,0.3114242559409476
1.77,0.2999366862283547
1.78,0.2882591027772585
1.79,0.2763997670545496
1.8,0.26436694052712
1.81,0.2521688846618607
1.82,0.2398138609256637
1.83,0.2273101307854199
1.84,0.2146659557080213
1.85,0.2018895971603592
1.86,0.1889893166093247
1.87,0.1759733755218098
1.88,0.1628500353647058
1.89,0.1496275576049044
1.9,0.1363142037092965
1.91,0.1229182351447736
1.92,0.109447913378228
1.93,0.0959114998765501
1.94,0.0823172561066322
1.95,0.068673443535365
1.96,0.0549883236296414
1.97,0.0412701578563513
1.98,0.0275272076823865
1.99,0.0137677345746389
2.0,0.0
2.01,0.0
2.02,0.0
2.03,0.0
2.04,0.0
2.05,0.0
2.06,0.0
2.07,0.0
2.08,0.0
2.09,0.0
2.1,0.0
2.11,0.0
2.12,0.0
2.13,0.0
2.14,0.0
2.15,0.0
2.16,0.0
2.17,0.0
2.18,0.0
2.19,0.0
2.2,0.0
2.21,0.0
2.22,0.0
2.23,0.0
2.24,0.0
2.25,0.0
2.26,0.0
2.27,0.0
2.28,0.0
2.29,0.0
2.3,0.0
2.31,0.0
2.32,0.0
2.33,0.0
2.34,0.0
2.35,0.0
2.36,0.0
2.37,0.0
2.38,0.0
2.39,0.0
2.4,0.0
2.41,0.0
2.42,0.0
2.43,0.0
2.44,0.0
2.45,0.0
2.46,0.0
2.47,0.0
2.48,0.0
2.49,0.0
2.5,0.0
2.51,0.0
2.52,0.0
2.53,0.0
2.54,0.0
2.55,0.0
2.56,0.0
2.57,0.0
2.58,0.0
2.59,0.0
2.6,0.0
2.61,0.0
2.62,0.0
2.63,0.0
2.64,0.0
2.65,0.0
2.66,0.0
2.67,0.0
2.68,0.0
2.69,0.0
2.7,0.0
2.71,0.0
2.72,0.0
2.73,0.0
2.74,0.0
2.75,0.0
2.76,0.0
2.77,0.0
2.78,0.0
2.79,0.0
2.8,0.0
2.81,0.0
2.82,0.0
2.83,0.0
2.84,0.0
2.85,0.0
2.86,0.0
2.87,0.0
2.88,0.0
2.89,0.0
2.9,0.0
2.91,0.0
2.92,0.0
2.93,0.0
2.94,0.0
2.95,0.0
2.96,0.0
2.97,0.0
2.98,0.0
2.99,0.0
3.0,0.0
3.01,0.0279515117604043
3.02,0.0567304628755009
3.03,0.086338146010828
3.04,0.1167758538319331
3.05,0.1480448790043529
3.06,0.180146514193635
3.07,0.2130820520653192
3.08,0.2468527852849505
3.09,0.2814600065180678
3.1,0.3169050084302182
3.11,0.3531890836869411
3.12,0.3903135249537806
3.13,0.4282796248962791
3.14,0.4670886761799789
3.15,0.506741971470423
3.16,0.5472408034331554
3.17,0.588586464733714
3.18,0.630780248037648
3.19,0.6738234460104943
3.2,0.7177173513177997
3.21,0.7624632566251032
3.22,0.808062454597951
3.23,0.8545162379018829
3.24,0.9018258992024448
3.25,0.949992731165174
3.26,0.9990180264556175
3.27,1.0489030777393191
3.28,1.099649177681816
3.29,1.1512576189486574
3.3,1.2037296942053797
3.31,1.2570666961175303
3.32,1.311269917350648
3.33,1.366340650570279
3.34,1.422280188441962
3.35,1.479089823631246
3.36,1.5367708488036649
3.37,1.5953245566247696
3.38,1.654752239760097
3.39,1.715055190875194
3.4,1.7762347026355978
3.41,1.8382920677068573
3.42,1.901228578754511
3.43,1.9650455284441035
3.44,2.0297442094411746
3.45,2.095325914411273
3.46,2.161791936019932
3.47,2.229143566932705
3.48,2.2973820998151244
3.49,2.366508827332741
3.5,2.436525042151092
3.51,2.5074320369357217
3.52,2.579231104352176
3.53,2.6519235370659917
3.54,2.7255106277427177
3.55,2.7999936690478897
3.56,2.875373953647057
3.57,2.9516527742057583
3.58,3.028831423389538
3.59,3.106911193863935
3.6,3.1858933782945
3.61,3.265779269346765
3.62,3.346570159686282
3.63,3.4282673419785863
3.64,3.5108721088892283
3.65,3.594385753083743
3.66,3.67880956722768
3.67,3.764144843986573
3.68,3.8503928760259742
3.69,3.9375549560114194
3.7,4.025632376608457
3.71,4.114626430482622
3.72,4.204538410299467
3.73,4.295369608724523
3.74,4.387121318423345
3.75,4.479794832061464
3.76,4.573391442304427
3.77,4.667912441817784
3.78,4.763359123267067
3.79,4.859732779317826
3.8,4.957034702635598
3.81,5.055266185885932
3.82,5.154428521734362
3.83,5.254523002846439
3.84,5.3555509218877
3.85,5.457513571523692
3.86,5.560412244419952
3.87,5.66424823324203
3.88,5.769022830655461
3.89,5.874737329325796
3.9,5.981393021918569
3.91,6.088991201099329
3.92,6.197533159533614
3.93,6.307020189886972
3.94,6.417453584824939
3.95,6.528834637013063
3.96,6.641164639116884
3.97,6.754444883801948
3.98,6.8686766637337895
3.99,6.983861271577964
4.0,7.1
4.01,7.217093557685919
4.02,7.335140317403615
4.03,7.454138067941469
4.04,7.57408459808782
4.05,7.694977696631051
4.06,7.816815152359531
4.07,7.9395947540616305
4.08,8.063314290525705
4.09,8.18797155054012
4.1,8.313564322893251
4.11,8.44009039637347
4.12,8.567547559769134
4.13,8.695933601868601
4.14,8.82524631146026
4.15,8.955483477332475
4.16,9.086642888273593
4.17,9.218722333071993
4.18,9.351719600516043
4.19,9.48563247939412
4.2,9.62045875849457
4.21,9.756196226605772
4.22,9.892842672516087
4.23,10.030395885013904
4.24,10.168853652887556
4.25,10.308213764925426
4.26,10.448474009915882
4.27,10.589632176647289
4.28,10.731686053908026
4.29,10.874633430486442
4.3,11.018472095170909
4.31,11.163199836749795
4.32,11.30881444401148
4.33,11.455313705744308
4.34,11.602695410736647
4.35,11.750957347776884
4.36,11.900097305653386
4.37,12.050113073154495
4.38,12.201002439068594
4.39,12.352763192184051
4.4,12.50539312128924
4.41,12.658890015172512
4.42,12.813251662622232
4.43,12.96847585242678
4.44,13.12456037337453
4.45,13.281503014253824
4.46,13.439301563853045
4.47,13.597953810960552
4.48,13.757457544364732
4.49,13.917810552853927
4.5,14.07901062521651
4.51,14.241055550240858
4.52,14.403943116715324
4.53,14.567671113428302
4.54,14.732237329168129
4.55,14.89763955272318
4.56,15.063875572881823
4.57,15.23094317843244
4.58,15.398840158163372
4.59,15.567564300863005
4.6,15.73711339531969
4.61,15.907485230321823
4.62,16.07867759465774
4.63,16.250688277115813
4.64,16.423515066484416
4.65,16.597155751551938
4.66,16.771608121106706
4.67,16.946869963937097
4.68,17.122939068831496
4.69,17.299813224578266
4.7,17.47749021996576
4.71,17.655967843782346
4.72,17.835243884816396
4.73,18.0153161318563
4.74,18.196182373690387
4.75,18.37784039910704
4.76,18.560287996894623
4.77,18.743522955841502
4.78,18.927543064736074
4.79,19.11234611236665
4.8,19.297929887521644
4.81,19.484292178989403
4.82,19.671430775558303
4.83,19.859343466016696
4.84,20.048028039152957
4.85,20.23748228375545
4.86,20.427703988612567
4.87,20.61869094251264
4.88,20.81044093424405
4.89,21.00295175259515
4.9,21.196221186354343
4.91,21.39024702430996
4.92,21.585027055250382
4.93,21.780559067963974
4.94,21.976840851239125
4.95,22.17387019386416
4.96,22.371644884627468
4.97,22.57016271231742
4.98,22.76942146572239
4.99,22.96941893363072
5.0,23.170152904830797
5.01,23.37162116811096
5.02,23.57382151225961
5.03,23.77675172606512
5.04,23.980409598315816
5.05,24.184792917800088
5.06,24.389899473306308
5.07,24.59572705362285
5.08,24.80227344753805
5.09,25.009536443840297
5.1,25.217513831317945
5.11,25.426203398759395
5.12,25.635602934952967
5.13,25.845710228687054
5.14,26.05652306875001
5.15,26.268039243930247
5.16,26.48025654301606
5.17,26.693172754795853
5.18,26.906785668058
5.19,27.121093071590877
5.2,27.33609275418281
5.21,27.5517825046222
5.22,27.768160111697387
5.23,27.985223364196774
5.24,28.2029700509087
5.25,28.421397960621533
5.26,28.640504882123658
5.27,28.860288604203426
5.28,29.08074691564922
5.29,29.301877605249384
5.3,29.5236784617923
5.31,29.746147274066324
5.32,29.969281830859856
5.33,30.193079920961225
5.34,30.4175393331588
5.35,30.642657856240955
5.36,30.868433278996093
5.37,31.094863390212524
5.38,31.32194597867864
5.39,31.549678833182803
5.4,31.778059742513417
5.41,32.007086495458786
5.42,32.236756880807306
5.43,32.46706868734735
5.44,32.6980197038673
5.45,32.929607719155484
5.46,33.161830522000294
5.47,33.39468590119009
5.48,33.62817164551325
5.49,33.86228554375813
5.5,34.09702538471308
5.51,34.33238895716648
5.52,34.56837404990672
5.53,34.804978451722164
5.54,35.042199951401145
5.55,35.28003633773205
5.56,35.518485399503234
5.57,35.75754492550311
5.58,35.997212704519974
5.59,36.23748652534224
5.6,36.47836417675827
5.61,36.71984344755644
5.62,36.961922126525074
5.63,37.20459800245257
5.64,37.4478688641273
5.65,37.69173250033764
5.66,37.93618669987192
5.67,38.18122925151852
5.68,38.426857944065816
5.69,38.673070566302194
5.7,38.91986490701599
5.71,39.16723875499556
5.72,39.4151898990293
5.73,39.66371612790559
5.74,39.912815230412754
5.75,40.162484995339184
5.76,40.41272321147324
5.77,40.66352766760329
5.78,40.91489615251773
5.79,41.16682645500488
5.8,41.41931636385311
5.81,41.67236366785083
5.82,41.925966155786384
5.83,42.180121616448126
5.84,42.43482783862443
5.85,42.69008261110366
5.86,42.94588372267422
5.87,43.202228962124416
5.88,43.45911611824265
5.89,43.71654297981728
5.9,43.97450733563671
5.91,44.23300697448924
5.92,44.49203968516326
5.93,44.75160325644717
5.94,45.01169547712932
5.95,45.27231413599807
5.96,45.53345702184176
5.97,45.79512192344881
5.98,46.05730662960757
5.99,46.32000892910639
6.0,46.58322661073363
6.01,46.84695746327769
6.02,47.111199275526914
6.03,47.3759498362697
6.04,47.64120693429437
6.05,47.9069683583893
6.06,48.17323189734286
6.07,48.43999533994348
6.08,48.70725647497943
6.09,48.97501309123912
6.1,49.24326297751092
6.11,49.5120039225832
6.12,49.78123371524432
6.13,50.05095014428264
6.14,50.32115099848653
6.15,50.59183406664438
6.16,50.862997137544525
6.17,51.134637999975325
6.18,51.4067544427252
6.19,51.67934425458248
6.2,51.95240522433552
6.21,52.2259351407727
6.22,52.49993179268239
6.23,52.77439296885299
6.24,53.04931645807281
6.25,53.32470004913023
6.26,53.60054153081362
6.27,53.87683869191137
6.28,54.15358932121185
6.29,54.43079120750338
6.3,54.708442139574366
6.31,54.98653990621317
6.32,55.26508229620815
6.33,55.54406709834767
6.34,55.8234921014201
6.35,56.10335509421381
6.36,56.3836538655172
6.37,56.66438620411858
6.38,56.94554989880632
6.39,57.22714273836882
6.4,57.50916251159446
6.41,57.79160700727156
6.42,58.0744740141885
6.43,58.35776132113366
6.44,58.64146671689543
6.45,58.92558799026214
6.46,59.21012293002215
6.47,59.49506932496385
6.48,59.7804249638756
6.49,60.066187635545774
6.5,60.35235512876271
6.51,60.63892523231482
6.52,60.92589573499044
6.53,61.21326442557797
6.54,61.50102909286573
6.55,61.789187525642106
6.56,62.07773751269546
6.57,62.3666768428142
6.58,62.65600330478663
6.59,62.94571468740114
6.6,63.23580877944613
6.61,63.52628336970996
6.62,63.817136246980944
6.63,64.10836520004749
6.64,64.39996801769794
6.65,64.69194248872073
6.66,64.98428640190413
6.67,65.27699754603657
6.68,65.57007370990638
6.69,65.863512682302
6.7,66.15731225201169
6.71,66.45147020782387
6.72,66.74598433852692
6.73,67.04085243290922
6.74,67.33607227975911
6.75,67.63164166786491
6.76,67.92755838601508
6.77,68.22382022299792
6.78,68.52042496760185
6.79,68.81737040861516
6.8,69.11465433482628
6.81,69.41227453502357
6.82,69.7102287979954
6.83,70.0085149125301
6.84,70.30713066741608
6.85,70.60607385144166
6.86,70.90534225339528
6.87,71.20493366206523
6.88,71.5048458662399
6.89,71.80507665470768
6.9,72.10562381625695
6.91,72.40648513967602
6.92,72.70765841375328
6.93,73.00914142727711
6.94,73.3109319690359
6.95,73.61302782781797
6.96,73.91542679241168
6.97,74.21812665160543
6.98,74.52112519418762
6.99,74.82442020894653
7.0,75.1280094846706
7.01,75.43189081014815
7.02,75.73606197416755
7.03,76.04052076551723
7.04,76.34526497298549
7.05,76.6502923853607
7.06,76.95560079143127
7.07,77.26118797998556
7.08,77.56705173981186
7.09,77.87318985969863
7.1,78.17960012843417
7.11,78.48628033480695
7.12,78.79322826760522
7.13,79.1004417156174
7.14,79.40791846763182
7.15,79.71565631243692
7.16,80.023653038821
7.17,80.33190643557246
7.18,80.64041429147964
7.19,80.94917439533096
7.2,81.25818453591472
7.21,81.56744250201933
7.22,81.87694608243315
7.23,82.18669306594457
7.24,82.49668124134189
7.25,82.80690839741354
7.26,83.11737232294782
7.27,83.42807080673316
7.28,83.73900163755793
7.29,84.05016260421047
7.3,84.36155149547913
7.31,84.67316610015232
7.32,84.98500420701839
7.33,85.29706360486568
7.34,85.60934208248258
7.35,85.92183742865747
7.36,86.23454743217872
7.37,86.54746988183466
7.38,86.86060256641368
7.39,87.17394327470411
7.4,87.48748979549443
7.41,87.80123991757287
7.42,88.11519142972786
7.43,88.42934212074775
7.44,88.74368977942096
7.45,89.05823219453578
7.46,89.37296715488063
7.47,89.68789244924386
7.48,90.00300586641384
7.49,90.31830519517892
7.5,90.63378822432747
7.51,90.94945274264788
7.52,91.2652965389285
7.53,91.58131740195776
7.54,91.8975131205239
7.55,92.21388148341536
7.56,92.53042027942053
7.57,92.84712729732776
7.58,93.16400032592536
7.59,93.48103715400175
7.6,93.79823557034533
7.61,94.1155933637444
7.62,94.43310832298737
7.63,94.75077823686256
7.64,95.06860089415838
7.65,95.38657408366323
7.66,95.70469559416536
7.67,96.02296321445328
7.68,96.34137473331522
7.69,96.65992793953968
7.7,96.97862062191489
7.71,97.29745056922933
7.72,97.61641557027131
7.73,97.93551341382926
7.74,98.2547418886914
7.75,98.57409878364628
7.76,98.89358188748214
7.77,99.21318898898738
7.78,99.53291787695042
7.79,99.85276634015956
7.8,100.17273216740315
7.81,100.49281314746963
7.82,100.81300706914736
7.83,101.13331172122469
7.84,101.45372489248992
7.85,101.77424437173148
7.86,102.09486794773778
7.87,102.4155934092971
7.88,102.73641854519786
7.89,103.0573411442284
7.9,103.37835899517712
7.91,103.69946988683236
7.92,104.02067160798246
7.93,104.34196194741584
7.94,104.66333869392088
7.95,104.98479963628589
7.96,105.30634256329924
7.97,105.62796526374932
7.98,105.94966552642455
7.99,106.2714411401132
8.0,106.59328989360368
8.01,106.91520957568436
8.02,107.23719797514356
8.03,107.55925288076972
8.04,107.8813720813512
8.05,108.20355336567636
8.06,108.52579452253352
8.07,108.84809334071107
8.08,109.17044760899742
8.09,109.49285511618083
8.1,109.81531365104978
8.11,110.13782100239258
8.12,110.46037495899763
8.13,110.78297330965334
8.14,111.10561384314796
8.15,111.4282943482699
8.16,111.75101261380752
8.17,112.07376642854922
8.18,112.39655358128338
8.19,112.71937186079836
8.2,113.04221905588244
8.21,113.36509295532414
8.22,113.6879913479117
8.23,114.01091202243352
8.24,114.333852767678
8.25,114.65681137243342
8.26,114.97978562548828
8.27,115.30277331563084
8.28,115.6257722316495
8.29,115.9487801623326
8.3,116.27179489646868
8.31,116.59481422284586
8.32,116.9178359302526
8.33,117.24085780747733
8.34,117.56387764330832
8.35,117.88689322653396
8.36,118.20990234594268
8.37,118.5329027903228
8.38,118.85589234846276
8.39,119.17886880915076
8.4,119.5018299611753
8.41,119.82477359332472
8.42,120.1476974943874
8.43,120.47059945315164
8.44,120.79347725840589
8.45,121.11632869893845
8.46,121.4391515635378
8.47,121.76194364099216
8.48,122.08470272008998
8.49,122.4074265896196
8.5,122.73011303836935
8.51,123.05275985512772
8.52,123.37536482868296
8.53,123.69792574782352
8.54,124.02044040133764
8.55,124.3429065780139
8.56,124.66532206664044
8.57,124.98768465600575
8.58,125.3099921348982
8.59,125.6322422921061
8.6,125.95443291641784
8.61,126.2765617966218
8.62,126.59862672150634
8.63,126.92062547985986
8.64,127.2425558604707
8.65,127.56441565212717
8.66,127.88620264361772
8.67,128.20791462373066
8.68,128.52954938125436
8.69,128.85110470497727
8.7,129.17257838368766
8.71,129.49396820617395
8.72,129.81527196122454
8.73,130.1364874376277
8.74,130.45761242417183
8.75,130.77864470964528
8.76,131.0995820828365
8.77,131.42042233253378
8.78,131.7411632475255
8.79,132.06180261660006
8.8,132.38233822854585
8.81,132.70276787215113
8.82,133.02308933620435
8.83,133.34330040949385
8.84,133.66339888080802
8.85,133.98338253893516
8.86,134.30324917266375
8.87,134.62299657078205
8.88,134.94262252207852
8.89,135.26212481534145
8.9,135.58150123935926
8.91,135.90074958292024
8.92,136.21986763481286
8.93,136.53885318382538
8.94,136.8577040187463
8.95,137.17641792836383
8.96,137.49499270146651
8.97,137.81342612684256
8.98,138.13171599328038
8.99,138.44986008956838
9.0,138.7678562044949
9.01,139.0857021268483
9.02,139.403395645417
9.03,139.72093454898925
9.04,140.03831662635355
9.05,140.35553966629826
9.06,140.67260145761165
9.07,140.98949978908212
9.08,141.30623244949803
9.09,141.62279722764782
9.1,141.93919191231973
9.11,142.25541429230228
9.12,142.5714621563837
9.13,142.8873332933525
9.14,143.2030254919969
9.15,143.51853654110533
9.16,143.83386422946614
9.17,144.14900634586772
9.18,144.46396067909845
9.19,144.77872501794667
9.2,145.09329715120074
9.21,145.40767486764912
9.22,145.72185595608005
9.23,146.0358382052819
9.24,146.34961940404312
9.25,146.66319734115203
9.26,146.97656980539702
9.27,147.28973458556644
9.28,147.6026894704486
9.29,147.915432248832
9.3,148.22796070950497
9.31,148.54027264125574
9.32,148.85236583287286
9.33,149.16423807314453
9.34,149.47588715085925
9.35,149.78731085480536
9.36,150.09850697377118
9.37,150.40947329654512
9.38,150.72020761191553
9.39,151.03070770867075
9.4,151.34097137559922
9.41,151.65099640148918
9.42,151.9607805751291
9.43,152.27032168530732
9.44,152.5796175208123
9.45,152.88866587043222
9.46,153.1974645229556
9.47,153.50601126717078
9.48,153.81430389186607
9.49,154.1223401858298
9.5,154.43011793785047
9.51,154.73763493671635
9.52,155.04488897121584
9.53,155.3518778301373
9.54,155.65859930226912
9.55,155.9650511763997
9.56,156.27123124131728
9.57,156.57713728581032
9.58,156.8827670986672
9.59,157.18811846867618
9.6,157.49318918462578
9.61,157.7979770353042
9.62,158.10247980949998
9.63,158.40669529600143
9.64,158.71062128359682
9.65,159.0142555610746
9.66,159.31759591722312
9.67,159.62064014083077
9.68,159.92338602068588
9.69,160.2258313455768
9.7,160.527973904292
9.71,160.82981148561984
9.72,161.1313418783485
9.73,161.43256287126655
9.74,161.73347225316223
9.75,162.034067812824
9.76,162.3343473390401
9.77,162.63430862059903
9.78,162.93394944628915
9.79,163.23326760489869
9.8,163.53226088521626
9.81,163.83092707602998
9.82,164.12926396612832
9.83,164.42726934429967
9.84,164.72494099933238
9.85,165.02227672001476
9.86,165.3192742951352
9.87,165.6159315134821
9.88,165.91224616384395
9.89,166.20821603500883
9.9,166.50383891576536
9.91,166.79911259490177
9.92,167.09403486120647
9.93,167.38860350346778
9.94,167.68281631047415
9.95,167.9766710710139
9.96,168.27016557387543
9.97,168.56329760784706
9.98,168.85606496171718
9.99,169.14846542427415
10.0,169.44049678430633
10.01,169.73215683060212
10.02,170.02344335194982
10.03,170.31435413713783
10.04,170.6048869749546
10.05,170.89503965418845
10.06,171.18480996362769
10.07,171.47419569206068
10.08,171.7631946282758
10.09,172.05180456106152
10.1,172.3400232792061
10.11,172.62784857149796
10.12,172.91527822672538
10.13,173.2023100336769
10.14,173.48894178114074
10.15,173.77517125790524
10.16,174.06099625275888
10.17,174.34641455448997
10.18,174.63142395188686
10.19,174.91602223373798
10.2,175.20020718883168
10.21,175.48397660595634
10.22,175.7673282739002
10.23,176.05025998145177
10.24,176.33276951739936
10.25,176.61485467053132
10.26,176.89651322963607
10.27,177.1777429835019
10.28,177.45854172091728
10.29,177.73890723067052
10.3,178.01883730155004
10.31,178.29832972234408
10.32,178.57738228184107
10.33,178.85599276882948
10.34,179.1341589720975
10.35,179.41187868043363
10.36,179.68914968262618
10.37,179.9659697674635
10.38,180.24233672373407
10.39,180.5182483402261
10.4,180.79370240572803
10.41,181.06869670902825
10.42,181.34322903891515
10.43,181.6172971841769
10.44,181.89089893360216
10.45,182.1640320759791
10.46,182.43669440009623
10.47,182.7088836947417
10.48,182.98059774870407
10.49,183.2518343507716
10.5,183.5225912897328
10.51,183.7928663543758
10.52,184.0626573334892
10.53,184.3319620158612
10.54,184.60077819028027
10.55,184.8691036455348
10.56,185.13693617041304
10.57,185.40427355370343
10.58,185.6711135841943
10.59,185.93745405067403
10.6,186.20329274193105
10.61,186.4686274467537
10.62,186.73345595393025
10.63,186.9977760522492
10.64,187.26158553049885
10.65,187.5248821774676
10.66,187.78766378194365
10.67,188.04992813271565
10.68,188.31167301857172
10.69,188.5728962283004
10.7,188.83359555069
10.71,189.09376877452888
10.72,189.35341368860531
10.73,189.61252808170784
10.74,189.8711097426247
10.75,190.1291564601444
10.76,190.38666602305508
10.77,190.6436362201453
10.78,190.90006484020336
10.79,191.1559496720176
10.8,191.4112885043765
10.81,191.6660791260683
10.82,191.92031932588145
10.83,192.17400689260413
10.84,192.42713961502497
10.85,192.6797152819322
10.86,192.93173168211428
10.87,193.1831866043594
10.88,193.4340778374561
10.89,193.6844031701927
10.9,193.9341603913575
10.91,194.1833472897389
10.92,194.43196165412533
10.93,194.68000127330504
10.94,194.92746393606657
10.95,195.17434743119807
10.96,195.42064954748813
10.97,195.66636807372493
10.98,195.91150079869692
10.99,196.1560455111925
11.0,196.4
11.01,196.64336061875355
11.02,196.8861179804704
11.03,197.12826126301368
11.04,197.3697796442464
11.05,197.61066230203164
11.06,197.85089841423243
11.07,198.09047715871188
11.08,198.32938771333292
11.09,198.5676192559588
11.1,198.8051609644524
11.11,199.0420020166768
11.12,199.2781315904952
11.13,199.5135388637705
11.14,199.74821301436572
11.15,199.9821432201441
11.16,200.2153186589686
11.17,200.44772850870228
11.18,200.67936194720815
11.19,200.91020815234936
11.2,201.14025630198887
11.21,201.3694955739899
11.22,201.59791514621529
11.23,201.82550419652813
11.24,202.0522519027916
11.25,202.27814744286877
11.26,202.50317999462243
11.27,202.727338735916
11.28,202.9506128446122
11.29,203.1729914985744
11.3,203.39446387566545
11.31,203.6150191537484
11.32,203.8346465106864
11.33,204.05333512434248
11.34,204.2710741725796
11.35,204.487852833261
11.36,204.70366028424965
11.37,204.9184857034085
11.38,205.1323182686008
11.39,205.34514715768944
11.4,205.55696154853757
11.41,205.76775061900813
11.42,205.9775035469643
11.43,206.18620951026915
11.44,206.3938576867856
11.45,206.60043725437683
11.46,206.80593739090597
11.47,207.01034727423576
11.48,207.2136560822296
11.49,207.41585299275027
11.5,207.61692718366103
11.51,207.81686783282484
11.52,208.0156641181048
11.53,208.21330521736397
11.54,208.4097803084653
11.55,208.605078569272
11.56,208.79918917764695
11.57,208.9921013114534
11.58,209.1838041485543
11.59,209.3742868668127
11.6,209.5635386440917
11.61,209.75154865825425
11.62,209.9383060871635
11.63,210.1238001086826
11.64,210.3080199006744
11.65,210.49095464100205
11.66,210.67259350752863
11.67,210.8529256781172
11.68,211.0319403306308
11.69,211.2096266429324
11.7,211.38597379288512
11.71,211.56097095835207
11.72,211.73460731719624
11.73,211.9068720472808
11.74,212.0777543264686
11.75,212.24724333262287
11.76,212.4153282436066
11.77,212.5819982372828
11.78,212.7472424915146
11.79,212.91105018416505
11.8,213.0734104930972
11.81,213.23431259617408
11.82,213.3937456712588
11.83,213.55169889621425
11.84,213.70816144890367
11.85,213.8631225071901
11.86,214.01657124893651
11.87,214.1684968520061
11.88,214.31888849426167
11.89,214.46773535356647
11.9,214.6150266077836
11.91,214.76075143477595
11.92,214.9048990124067
11.93,215.0474585185389
11.94,215.18841913103543
11.95,215.32777002775956
11.96,215.46550038657423
11.97,215.6015993853426
11.98,215.73605620192765
11.99,215.86886001419248
12.0,216.0
12.01,216.1294694836994
12.02,216.25727837558333
12.03,216.38344073243056
12.04,216.50797061101972
12.05,216.6308820681296
12.06,216.7521891605388
12.07,216.87190594502616
12.08,216.9900464783703
12.09,217.10662481734988
12.1,217.2216550187437
12.11,217.3351511393304
12.12,217.44712723588867
12.13,217.5575973651973
12.14,217.6665755840349
12.15,217.7740759491803
12.16,217.880112517412
12.17,217.98469934550891
12.18,218.08785049024965
12.19,218.1895800084129
12.2,218.28990195677736
12.21,218.38883039212183
12.22,218.48637937122493
12.23,218.5825629508653
12.24,218.67739518782184
12.25,218.77089013887303
12.26,218.86306186079784
12.27,218.95392441037475
12.28,219.0434918443825
12.29,219.13177821959977
12.3,219.21879759280543
12.31,219.304564020778
12.32,219.3890915602963
12.33,219.47239426813897
12.34,219.5544862010848
12.35,219.63538141591235
12.36,219.71509396940047
12.37,219.79363791832776
12.38,219.871027319473
12.39,219.94727622961483
12.4,220.022398705532
12.41,220.0964088040032
12.42,220.1693205818071
12.43,220.24114809572248
12.44,220.311905402528
12.45,220.3816065590023
12.46,220.45026562192425
12.47,220.5178966480724
12.48,220.58451369422548
12.49,220.65013081716228
12.5,220.7147620736614
12.51,220.7784215205016
12.52,220.8411232144616
12.53,220.90288121232007
12.54,220.9637095708557
12.55,221.02362234684728
12.56,221.0826335970734
12.57,221.14075737831283
12.58,221.19800774734423
12.59,221.2543987609464
12.6,221.30994447589796
12.61,221.36465894897756
12.62,221.418556236964
12.63,221.47165039663605
12.64,221.52395548477227
12.65,221.57548555815143
12.66,221.6262546735522
12.67,221.67627688775335
12.68,221.7255662575335
12.69,221.77413683967143
12.7,221.82200269094577
12.71,221.8691778681353
12.72,221.91567642801868
12.73,221.96151242737463
12.74,222.00669992298185
12.75,222.05125297161905
12.76,222.0951856300649
12.77,222.13851195509807
12.78,222.18124600349745
12.79,222.2234018320416
12.8,222.26499349750924
12.81,222.30603505667904
12.82,222.3465405663298
12.83,222.3865240832401
12.84,222.42599966418877
12.85,222.4649813659544
12.86,222.50348324531572
12.87,222.54151935905156
12.88,222.5791037639405
12.89,222.61625051676123
12.9,222.65297367429253
12.91,222.68928729331304
12.92,222.7252054306016
12.93,222.76074214293675
12.94,222.7959114870972
12.95,222.8307275198617
12.96,222.86520429800905
12.97,222.8993558783178
12.98,222.9331963175668
12.99,222.96673967253457
13.0,223.0
13.01,223.0329890464489
13.02,223.06570931719625
13.03,223.0981610072641
13.04,223.13034431167463
13.05,223.16225942545
13.06,223.19390654361223
13.07,223.2252858611836
13.08,223.25639757318604
13.09,223.28724187464175
13.1,223.31781896057296
13.11,223.34812902600171
13.12,223.3781722659502
13.13,223.40794887544047
13.14,223.43745904949463
13.15,223.4667029831349
13.16,223.49568087138337
13.17,223.52439290926213
13.18,223.55283929179333
13.19,223.5810202139991
13.2,223.60893587090163
13.21,223.63658645752287
13.22,223.66397216888515
13.23,223.69109320001053
13.24,223.71794974592112
13.25,223.744542001639
13.26,223.7708701621864
13.27,223.7969344225853
13.28,223.82273497785803
13.29,223.84827202302657
13.3,223.87354575311304
13.31,223.89855636313965
13.32,223.9233040481285
13.33,223.9477890031017
13.34,223.9720114230813
13.35,223.9959715030896
13.36,224.01966943814864
13.37,224.04310542328048
13.38,224.0662796535073
13.39,224.0891923238513
13.4,224.1118436293346
13.41,224.1342337649792
13.42,224.1563629258073
13.43,224.17823130684104
13.44,224.1998391031025
13.45,224.22118650961383
13.46,224.24227372139725
13.47,224.2631009334748
13.48,224.28366834086856
13.49,224.30397613860072
13.5,224.32402452169336
13.51,224.3438136851687
13.52,224.36334382404883
13.53,224.38261513335584
13.54,224.40162780811187
13.55,224.42038204333903
13.56,224.4388780340595
13.57,224.45711597529544
13.58,224.4750960620688
13.59,224.49281848940188
13.6,224.5102834523168
13.61,224.5274911458355
13.62,224.54444176498035
13.63,224.56113550477332
13.64,224.57757256023663
13.65,224.5937531263924
13.66,224.60967739826268
13.67,224.62534557086963
13.68,224.6407578392354
13.69,224.6559143983821
13.7,224.67081544333183
13.71,224.6854611691068
13.72,224.69985177072903
13.73,224.7139874432208
13.74,224.72786838160408
13.75,224.74149478090104
13.76,224.75486683613389
13.77,224.76798474232467
13.78,224.7808486944955
13.79,224.79345888766852
13.8,224.805815516866
13.81,224.81791877710975
13.82,224.82976886342223
13.83,224.8413659708254
13.84,224.85271029434145
13.85,224.86380202899235
13.86,224.8746413698005
13.87,224.88522851178772
13.88,224.8955636499764
13.89,224.90564697938848
13.9,224.91547869504623
13.91,224.92505899197167
13.92,224.93438806518708
13.93,224.9434661097144
13.94,224.95229332057585
13.95,224.9608698927935
13.96,224.9691960213896
13.97,224.9772719013861
13.98,224.98509772780528
13.99,224.9926736956692
14.0,225.0
14.01,225.00707733050493
14.02,225.01390835563168
14.03,225.0204962385129
14.04,225.0268441422816
14.05,225.03295523007048
14.06,225.03883266501225
14.07,225.04447961023968
14.08,225.0498992288857
14.09,225.05509468408297
14.1,225.0600691389644
14.11,225.06482575666263
14.12,225.06936770031055
14.13,225.07369813304095
14.14,225.07782021798656
14.15,225.08173711828016
14.16,225.08545199705463
14.17,225.08896801744265
14.18,225.0922883425771
14.19,225.09541613559065
14.2,225.09835455961624
14.21,225.1011067777865
14.22,225.1036759532344
14.23,225.10606524909247
14.24,225.10827782849373
14.25,225.11031685457084
14.26,225.11218549045665
14.27,225.11388689928395
14.28,225.11542424418545
14.29,225.11680068829403
14.3,225.1180193947424
14.31,225.1190835266634
14.32,225.11999624718985
14.33,225.1207607194544
14.34,225.12138010658995
14.35,225.1218575717293
14.36,225.12219627800516
14.37,225.1223993885503
14.38,225.1224700664976
14.39,225.12241147497983
14.4,225.12222677712973
14.41,225.12191913608012
14.42,225.12149171496375
14.43,225.12094767691352
14.44,225.1202901850621
14.45,225.1195224025422
14.46,225.11864749248684
14.47,225.11766861802857
14.48,225.11658894230035
14.49,225.1154116284349
14.5,225.11413983956496
14.51,225.11277673882347
14.52,225.1113254893431
14.53,225.1097892542566
14.54,225.10817119669684
14.55,225.1064744797966
14.56,225.1047022666886
14.57,225.10285772050565
14.58,225.1009440043806
14.59,225.09896428144611
14.6,225.09692171483516
14.61,225.0948194676804
14.62,225.09266070311452
14.63,225.09044858427055
14.64,225.0881862742812
14.65,225.08587693627916
14.66,225.08352373339724
14.67,225.08112982876827
14.68,225.07869838552503
14.69,225.0762325668003
14.7,225.0737355357269
14.71,225.0712104554375
14.72,225.06866048906505
14.73,225.06608879974223
14.74,225.06349855060185
14.75,225.06089290477672
14.76,225.0582750253996
14.77,225.0556480756033
14.78,225.05301521852056
14.79,225.05037961728425
14.8,225.04774443502703
14.81,225.04511283488185
14.82,225.0424879799813
14.83,225.03987303345835
14.84,225.0372711584457
14.85,225.03468551807617
14.86,225.03211927548253
14.87,225.02957559379752
14.88,225.027057636154
14.89,225.0245685656847
14.9,225.02211154552248
14.91,225.01968973880005
14.92,225.01730630865023
14.93,225.01496441820584
14.94,225.0126672305996
14.95,225.0104179089643
14.96,225.0082196164328
14.97,225.0060755161378
14.98,225.00398877121216
14.99,225.00196254478865
15.0,225.0
15.01,224.99810363153145
15.02,224.9962732602772
15.03,224.99450803868416
15.04,224.99280711919891
15.05,224.9911696542684
15.06,224.98959479633905
15.07,224.9880816978578
15.08,224.98662951127133
15.09,224.9852373890263
15.1,224.9839044835696
15.11,224.98262994734773
15.12,224.9814129328076
15.13,224.98025259239583
15.14,224.9791480785592
15.15,224.97809854374444
15.16,224.9771031403982
15.17,224.97616102096728
15.18,224.9752713378984
15.19,224.97443324363823
15.2,224.97364589063352
15.21,224.97290843133104
15.22,224.97222001817747
15.23,224.9715798036196
15.24,224.97098694010404
15.25,224.9704405800776
15.26,224.96993987598705
15.27,224.96948398027897
15.28,224.96907204540017
15.29,224.9687032237974
15.3,224.9683766679174
15.31,224.9680915302068
15.32,224.9678469631124
15.33,224.9676421190809
15.34,224.967476150559
15.35,224.96734820999345
15.36,224.967257449831
15.37,224.96720302251836
15.38,224.96718408050225
15.39,224.9671997762294
15.4,224.9672492621465
15.41,224.9673316907004
15.42,224.96744621433768
15.43,224.9675919855051
15.44,224.9677681566494
15.45,224.96797388021736
15.46,224.9682083086556
15.47,224.9684705944109
15.48,224.96875988993003
15.49,224.96907534765964
15.5,224.96941612004647
15.51,224.9697813595373
15.52,224.9701702185789
15.53,224.97058184961776
15.54,224.9710154051008
15.55,224.9714700374748
15.56,224.97194489918627
15.57,224.97243914268213
15.58,224.972951920409
15.59,224.9734823848136
15.6,224.9740296883428
15.61,224.9745929834431
15.62,224.9751714225614
15.63,224.9757641581444
15.64,224.97637034263877
15.65,224.97698912849123
15.66,224.97761966814852
15.67,224.9782611140574
15.68,224.9789126186646
15.69,224.9795733344168
15.7,224.9802424137608
15.71,224.9809190091432
15.72,224.9816022730108
15.73,224.98229135781037
15.74,224.9829854159885
15.75,224.98368359999213
15.76,224.9843850622678
15.77,224.9850889552623
15.78,224.98579443142236
15.79,224.98650064319463
15.8,224.987206743026
15.81,224.987911883363
15.82,224.98861521665253
15.83,224.9893158953412
15.84,224.99001307187584
15.85,224.99070589870303
15.86,224.9913935282696
15.87,224.99207511302225
15.88,224.9927498054077
15.89,224.99341675787264
15.9,224.9940751228639
15.91,224.9947240528281
15.92,224.99536270021207
15.93,224.9959902174625
15.94,224.99660575702595
15.95,224.99720847134932
15.96,224.99779751287932
15.97,224.9983720340627
15.98,224.9989311873461
15.99,224.99947412517625
16.0,225.0
16.01,225.0005081433695
16.02,225.0009986032596
16.03,225.00147160675056
16.04,225.00192738092267
16.05,225.00236615285627
16.06,225.00278814963167
16.07,225.0031935983292
16.08,225.00358272602907
16.09,225.00395575981165
16.1,225.0043129267574
16.11,225.0046544539464
16.12,225.00498056845908
16.13,225.0052914973757
16.14,225.00558746777665
16.15,225.00586870674215
16.16,225.00613544135268
16.17,225.00638789868825
16.18,225.00662630582943
16.19,225.0068508898565
16.2,225.00706187784965
16.21,225.00725949688928
16.22,225.0074439740557
16.23,225.0076155364292
16.24,225.00777441109005
16.25,225.00792082511867
16.26,225.00805500559525
16.27,225.00817717960024
16.28,225.00828757421385
16.29,225.00838641651637
16.3,225.0084739335882
16.31,225.00855035250956
16.32,225.0086159003608
16.33,225.00867080422225
16.34,225.00871529117424
16.35,225.008749588297
16.36,225.0087739226709
16.37,225.00878852137632
16.38,225.00879361149345
16.39,225.0087894201026
16.4,225.00877617428415
16.41,225.00875410111843
16.42,225.0087234276857
16.43,225.00868438106625
16.44,225.0086371883404
16.45,225.0085820765885
16.46,225.00851927289088
16.47,225.00844900432776
16.48,225.0083714979796
16.49,225.00828698092656
16.5,225.00819568024895
16.51,225.00809782302724
16.52,225.0079936363416
16.53,225.00788334727235
16.54,225.0077671828999
16.55,225.0076453703045
16.56,225.0075181365664
16.57,225.007385708766
16.58,225.00724831398352
16.59,225.0071061792994
16.6,225.00695953179388
16.61,225.0068085985472
16.62,225.00665360663984
16.63,225.006494783152
16.64,225.006332355164
16.65,225.00616654975613
16.66,225.0059975940088
16.67,225.0058257150021
16.68,225.00565113981665
16.69,225.0054740955325
16.7,225.00529480923012
16.71,225.00511350798973
16.72,225.0049304188917
16.73,225.00474576901635
16.74,225.00455978544392
16.75,225.0043726952548
16.76,225.00418472552923
16.77,225.0039961033476
16.78,225.00380705579008
16.79,225.00361780993717
16.8,225.00342859286903
16.81,225.00323963166605
16.82,225.0030511534085
16.83,225.0028633851768
16.84,225.0026765540511
16.85,225.00249088711175
16.86,225.00230661143917
16.87,225.0021239541136
16.88,225.0019431422153
16.89,225.0017644028246
16.9,225.00158796302196
16.91,225.00141404988744
16.92,225.0012428905016
16.93,225.00107471194457
16.94,225.0009097412967
16.95,225.0007482056384
16.96,225.00059033204985
16.97,225.00043634761136
16.98,225.0002864794034
16.99,225.00014095450615
17.0,225.0
17.01,224.9998637949905
17.02,224.99973232668432
17.03,224.9996055343136
17.04,224.9994833571104
17.05,224.9993657343066
17.06,224.99925260513436
17.07,224.9991439088257
17.08,224.9990395846125
17.09,224.99893957172685
17.1,224.998843809401
17.11,224.9987522368667
17.12,224.99866479335617
17.13,224.9985814181013
17.14,224.99850205033417
17.15,224.99842662928685
17.16,224.9983550941913
17.17,224.9982873842796
17.18,224.9982234387838
17.19,224.99816319693588
17.2,224.99810659796788
17.21,224.99805358111175
17.22,224.9980040855997
17.23,224.9979580506637
17.24,224.99791541553563
17.25,224.99787611944765
17.26,224.99784010163185
17.27,224.9978073013201
17.28,224.9977776577445
17.29,224.99775111013716
17.3,224.99772759773
17.31,224.99770705975516
17.32,224.99768943544447
17.33,224.9976746640301
17.34,224.9976626847441
17.35,224.99765343681847
17.36,224.9976468594853
17.37,224.99764289197643
17.38,224.99764147352408
17.39,224.99764254336017
17.4,224.9976460407168
17.41,224.997651904826
17.42,224.99766007491968
17.43,224.99767049023004
17.44,224.997683089989
17.45,224.9976978134286
17.46,224.99771459978092
17.47,224.99773338827796
17.48,224.9977541181517
17.49,224.99777672863428
17.5,224.9978011589576
17.51,224.9978273483538
17.52,224.99785523605485
17.53,224.9978847612927
17.54,224.99791586329965
17.55,224.99794848130745
17.56,224.99798255454823
17.57,224.9980180222541
17.58,224.9980548236569
17.59,224.9980928979888
17.6,224.99813218448185
17.61,224.99817262236795
17.62,224.99821415087925
17.63,224.99825670924773
17.64,224.99830023670543
17.65,224.9983446724844
17.66,224.9983899558166
17.67,224.9984360259341
17.68,224.99848282206895
17.69,224.9985302834532
17.7,224.9985783493188
17.71,224.99862695889777
17.72,224.99867605142225
17.73,224.99872556612425
17.74,224.9987754422357
17.75,224.99882561898872
17.76,224.9988760356153
17.77,224.99892663134747
17.78,224.99897734541727
17.79,224.9990281170568
17.8,224.9990788854979
17.81,224.9991295899728
17.82,224.99918016971336
17.83,224.9992305639517
17.84,224.9992807119199
17.85,224.99933055284995
17.86,224.99938002597375
17.87,224.9994290705236
17.88,224.9994776257313
17.89,224.99952563082888
17.9,224.99957302504853
17.91,224.99961974762212
17.92,224.9996657377818
17.93,224.99971093475955
17.94,224.9997552777874
17.95,224.9997987060973
17.96,224.99984115892144
17.97,224.9998825754917
17.98,224.99992289504024
17.99,224.99996205679895
18.0,225.0
18.01,225.0000366766686
18.02,225.00007209000307
18.03,225.00010625599492
18.04,225.00013919063588
18.05,225.0001709099174
18.06,225.00020142983104
18.07,225.0002307663685
18.08,225.0002589355212
18.09,225.0002859532807
18.1,225.00031183563877
18.11,225.0003365985868
18.12,225.0003602581164
18.13,225.0003828302192
18.14,225.00040433088668
18.15,225.0004247761105
18.16,225.00044418188213
18.17,225.00046256419333
18.18,225.0004799390354
18.19,225.00049632240007
18.2,225.00051173027896
18.21,225.0005261786636
18.22,225.00053968354544
18.23,225.0005522609162
18.24,225.00056392676743
18.25,225.0005746970906
18.26,225.00058458787743
18.27,225.0005936151194
18.28,225.0006017948081
18.29,225.0006091429351
18.3,225.00061567549187
18.31,225.00062140847015
18.32,225.00062635786148
18.33,225.0006305396573
18.34,225.0006339698494
18.35,225.00063666442912
18.36,225.0006386393882
18.37,225.0006399107181
18.38,225.0006404944104
18.39,225.0006404064568
18.4,225.0006396628487
18.41,225.0006382795778
18.42,225.00063627263563
18.43,225.00063365801373
18.44,225.00063045170373
18.45,225.00062666969703
18.46,225.0006223279855
18.47,225.00061744256053
18.48,225.0006120294136
18.49,225.0006061045365
18.5,225.00059968392068
18.51,225.0005927835577
18.52,225.00058541943915
18.53,225.00057760755655
18.54,225.00056936390163
18.55,225.0005607044658
18.56,225.00055164524076
18.57,225.00054220221796
18.58,225.000532391389
18.59,225.00052222874547
18.6,225.00051173027896
18.61,225.00050091198105
18.62,225.00048978984327
18.63,225.0004783798572
18.64,225.0004666980144
18.65,225.00045476030647
18.66,225.000442582725
18.67,225.00043018126155
18.68,225.0004175719076
18.69,225.00040477065485
18.7,225.0003917934948
18.71,225.00037865641903
18.72,225.0003653754192
18.73,225.00035196648668
18.74,225.00033844561324
18.75,225.00032482879035
18.76,225.0003111320096
18.77,225.0002973712626
18.78,225.00028356254083
18.79,225.00026972183588
18.8,225.00025586513948
18.81,225.000242008443
18.82,225.00022816773813
18.83,225.0002143590164
18.84,225.00020059826937
18.85,225.00018690148863
18.86,225.0001732846657
18.87,225.00015976379223
18.88,225.00014635485977
18.89,225.00013307385987
18.9,225.00011993678416
18.91,225.00010695962408
18.92,225.00009415837133
18.93,225.00008154901735
18.94,225.00006914755392
18.95,225.0000569699725
18.96,225.00004503226452
18.97,225.00003335042177
18.98,225.0000219404357
18.99,225.0000108182979
19.0,225.0
19.01,224.99998949833517
19.02,224.99997931330347
19.03,224.99996944170653
19.04,224.99995988034613
19.05,224.9999506260239
19.06,224.99994167554144
19.07,224.99993302570056
19.08,224.9999246733029
19.09,224.99991661515017
19.1,224.99990884804404
19.11,224.9999013687862
19.12,224.9998941741783
19.13,224.999887261022
19.14,224.9998806261192
19.15,224.9998742662713
19.16,224.9998681782801
19.17,224.99986235894733
19.18,224.9998568050747
19.19,224.99985151346377
19.2,224.9998464809163
19.21,224.999841704234
19.22,224.9998371802185
19.23,224.99983290567152
19.24,224.99982887739475
19.25,224.99982509218984
19.26,224.99982154685847
19.27,224.99981823820232
19.28,224.99981516302324
19.29,224.99981231812276
19.3,224.9998097003025
19.31,224.99980730636432
19.32,224.99980513310985
19.33,224.9998031773406
19.34,224.99980143585847
19.35,224.99979990546515
19.36,224.9997985829622
19.37,224.99979746515132
19.38,224.99979654883435
19.39,224.99979583081284
19.4,224.9997953078884
19.41,224.9997949768629
19.42,224.9997948345379
19.43,224.99979487771515
19.44,224.9997951031963
19.45,224.9997955077831
19.46,224.99979608827712
19.47,224.9997968414801
19.48,224.99979776419372
19.49,224.99979885321977
19.5,224.99980010535975
19.51,224.9998015174155
19.52,224.99980308618868
19.53,224.9998048084809
19.54,224.99980668109387
19.55,224.9998087008293
19.56,224.9998108644889
19.57,224.9998131688743
19.58,224.9998156107872
19.59,224.99981818702932
19.6,224.9998208944024
19.61,224.999823729708
19.62,224.9998266897478
19.63,224.9998297713236
19.64,224.9998329712369
19.65,224.99983628628968
19.66,224.99983971328336
19.67,224.99984324901976
19.68,224.99984689030052
19.69,224.9998506339274
19.7,224.99985447670196
19.71,224.99985841542596
19.72,224.99986244690103
19.73,224.99986656792893
19.74,224.9998707753113
19.75,224.9998750658499
19.76,224.9998794363463
19.77,224.99988388360228
19.78,224.9998884044195
19.79,224.9998929955995
19.8,224.9998976539442
19.81,224.9999023762552
19.82,224.99990715933416
19.83,224.9999119999828
19.84,224.9999168950027
19.85,224.9999218411957
19.86,224.9999268353634
19.87,224.9999318743075
19.88,224.99993695482965
19.89,224.99994207373163
19.9,224.99994722781497
19.91,224.99995241388157
19.92,224.99995762873291
19.93,224.9999628691708
19.94,224.9999681319969
19.95,224.99997341401289
19.96,224.99997871202044
19.97,224.99998402282125
19.98,224.99998934321695
19.99,224.99999467000936
20.0,225.0
20.01,225.00000532999076
20.02,225.00001065678308
20.03,225.00001597717883
20.04,225.0000212879796
20.05,225.0000265859872
20.06,225.00003186800316
20.07,225.00003713082924
20.08,225.0000423712671
20.09,225.0000475861185
20.1,225.0000527721851
20.11,225.00005792626845
20.12,225.0000630451704
20.13,225.00006812569256
20.14,225.00007316463663
20.15,225.0000781588044
20.16,225.00008310499732
20.17,225.00008800001729
20.18,225.0000928406659
20.19,225.0000976237449
20.2,225.00010234605583
20.21,225.0001070044005
20.22,225.00011159558065
20.23,225.0001161163978
20.24,225.00012056365372
20.25,225.00012493415016
20.26,225.0001292246887
20.27,225.00013343207115
20.28,225.000137553099
20.29,225.0001415845741
20.3,225.0001455232981
20.31,225.00014936607263
20.32,225.0001531096995
20.33,225.00015675098024
20.34,225.00016028671664
20.35,225.0001637137104
20.36,225.0001670287631
20.37,225.0001702286765
20.38,225.00017331025225
20.39,225.0001762702921
20.4,225.00017910559768
20.41,225.00018181297068
20.42,225.0001843892128
20.43,225.00018683112572
20.44,225.0001891355112
20.45,225.00019129917075
20.46,225.00019331890616
20.47,225.0001951915192
20.48,225.00019691381135
20.49,225.00019848258452
20.5,225.00019989464025
20.51,225.00020114678028
20.52,225.00020223580628
20.53,225.00020315851992
20.54,225.00020391172296
20.55,225.00020449221697
20.56,225.00020489680367
20.57,225.00020512228488
20.58,225.00020516546212
20.59,225.0002050231371
20.6,225.0002046921116
20.61,225.00020416918724
20.62,225.00020345116567
20.63,225.00020253484865
20.64,225.00020141703777
20.65,225.00020009453488
20.66,225.0001985641415
20.67,225.0001968226594
20.68,225.00019486689024
20.69,225.0001926936357
20.7,225.00019029969752
20.71,225.0001876818773
20.72,225.0001848369768
20.73,225.00018176179765
20.74,225.0001784531416
20.75,225.00017490781025
20.76,225.0001711226053
20.77,225.00016709432853
20.78,225.00016281978156
20.79,225.00015829576603
20.8,225.0001535190837
20.81,225.00014848653623
20.82,225.00014319492533
20.83,225.00013764105267
20.84,225.00013182171983
20.85,225.0001257337287
20.86,225.00011937388084
20.87,225.00011273897792
20.88,225.0001058258217
20.89,225.0000986312138
20.9,225.000091151956
20.91,225.0000833848498
20.92,225.00007532669707
20.93,225.00006697429944
20.94,225.00005832445856
20.95,225.0000493739761
20.96,225.0000401196539
20.97,225.00003055829345
20.98,225.00002068669653
20.99,225.00001050166483
21.0,225.0
