wind_speed,AN Bonus 450/37
1.0,0.0
1.01,0.0
1.02,0.0
1.03,0.0
1.04,0.0
1.05,0.0
1.06,0.0
1.07,0.0
1.08,0.0
1.09,0.0
1.1,0.0
1.11,0.0
1.12,0.0
1.13,0.0
1.14,0.0
1.15,0.0
1.16,0.0
1.17,0.0
1.18,0.0
1.19,0.0
1.2,0.0
1.21,0.0
1.22,0.0
1.23,0.0
1.24,0.0
1.25,0.0
1.26,0.0
1.27,0.0
1.28,0.0
1.29,0.0
1.3,0.0
1.31,0.0
1.32,0.0
1.33,0.0
1.34,0.0
1.35,0.0
1.36,0.0
1.37,0.0
1.38,0.0
1.39,0.0
1.4,0.0
1.41,0.0
1.42,0.0
1.43,0.0
1.44,0.0
1.45,0.0
1.46,0.0
1.47,0.0
1.48,0.0
1.49,0.0
1.5,0.0
1.51,0.0
1.52,0.0
1.53,0.0
1.54,0.0
1.55,0.0
1.56,0.0
1.57,0.0
1.58,0.0
1.59,0.0
1.6,0.0
1.61,0.0
1.62,0.0
1.63,0.0
1.64,0.0
1.65,0.0
1.66,0.0
1.67,0.0
1.68,0.0
1.69,0.0
1.7,0.0
1.71,0.0
1.72,0.0
1.73,0.0
1.74,0.0
1.75,0.0
1.76,0.0
1.77,0.0
1.78,0.0
1.79,0.0
1.8,0.0
1.81,0.0
1.82,0.0
1.83,0.0
1.84,0.0
1.85,0.0
1.86,0.0
1.87,0.0
1.88,0.0
1.89,0.0
1.9,0.0
1.91,0.0
1.92,0.0
1.93,0.0
1.94,0.0
1.95,0.0
1.96,0.0
1.97,0.0
1.98,0.0
1.99,0.0
2.0,0.0
2.01,0.0100837830869818
2.02,0.0201615152990243
2.03,0.0302271457611872
2.04,0.0402746235985314
2.05,0.0502978979361163
2.06,0.0602909178990033
2.07,0.0702476326122515
2.08,0.080161991200923
2.09,0.0900279427900759
2.1,0.0998394365047726
2.11,0.1095904214700721
2.12,0.1192748468110349
2.13,0.1288866616527217
2.14,0.1384198151201926
2.15,0.1478682563385077
2.16,0.1572259344327278
2.17,0.1664867985279131
2.18,0.1756447977491235
2.19,0.1846938812214196
2.2,0.193627998069862
2.21,0.2024410974195103
2.22,0.2111271283954257
2.23,0.2196800401226679
2.24,0.2280937817262972
2.25,0.2363623023313742
2.26,0.2444795510629593
2.27,0.2524394770461127
2.28,0.2602360294058944
2.29,0.2678631572673651
2.3,0.2753148097555847
2.31,0.2825849359956141
2.32,0.2896674851125133
2.33,0.2965564062313427
2.34,0.3032456484771625
2.35,0.3097291609750332
2.36,0.3160008928500146
2.37,0.3220547932271677
2.38,0.3278848112315525
2.39,0.3334848959882293
2.4,0.3388489966222578
2.41,0.3439710622586999
2.42,0.348845042022615
2.43,0.3534648850390636
2.44,0.3578245404331047
2.45,0.3619179573298006
2.46,0.3657390848542102
2.47,0.3692818721313948
2.48,0.3725402682864143
2.49,0.3755082224443288
2.5,0.3781796837301991
2.51,0.3805486012690849
2.52,0.3826089241860476
2.53,0.3843546016061455
2.54,0.3857795826544412
2.55,0.3868778164559936
2.56,0.3876432521358639
2.57,0.3880698388191114
2.58,0.3881515256307969
2.59,0.3878822616959811
2.6,0.3872559961397237
2.61,0.3862666780870857
2.62,0.3849082566631265
2.63,0.3831746809929077
2.64,0.3810599002014883
2.65,0.3785578634139295
2.66,0.3756625197552909
2.67,0.3723678183506336
2.68,0.3686677083250171
2.69,0.3645561388035023
2.7,0.3600270589111494
2.71,0.3550744177730185
2.72,0.3496921645141704
2.73,0.3438742482596653
2.74,0.3376146181345627
2.75,0.3309072232639238
2.76,0.3237460127728095
2.77,0.3161249357862783
2.78,0.3080379414293916
2.79,0.2994789788272096
2.8,0.2904419971047933
2.81,0.2809209453872012
2.82,0.2709097727994958
2.83,0.2604024284667354
2.84,0.2493928615139824
2.85,0.2378750210662952
2.86,0.2258428562487353
2.87,0.2132903161863619
2.88,0.2002113500042375
2.89,0.1865999068274195
2.9,0.1724499357809708
2.91,0.1577553859899503
2.92,0.1425102065794186
2.93,0.1267083466744358
2.94,0.1103437554000628
2.95,0.0934103818813592
2.96,0.0759021752433859
2.97,0.0578130846112026
2.98,0.0391370591098709
2.99,0.0198680478644492
3.0,0.0
3.01,0.0
3.02,0.0
3.03,0.0
3.04,0.0
3.05,0.0
3.06,0.0
3.07,0.0
3.08,0.0
3.09,0.0
3.1,0.0
3.11,0.0
3.12,0.0
3.13,0.0
3.14,0.0
3.15,0.0
3.16,0.0
3.17,0.0
3.18,0.0
3.19,0.0
3.2,0.0
3.21,0.0
3.22,0.0
3.23,0.0
3.24,0.0
3.25,0.0
3.26,0.0
3.27,0.0
3.28,0.0
3.29,0.0
3.3,0.0
3.31,0.0
3.32,0.0
3.33,0.0
3.34,0.0
3.35,0.0
3.36,0.0
3.37,0.0
3.38,0.0
3.39,0.0
3.4,0.0
3.41,0.0
3.42,0.0
3.43,0.0
3.44,0.0
3.45,0.0
3.46,0.0
3.47,0.0
3.48,0.0
3.49,0.0
3.5,0.0
3.51,0.0
3.52,0.0
3.53,0.0
3.54,0.0
3.55,0.0
3.56,0.0
3.57,0.0
3.58,0.0
3.59,0.0
3.6,0.0
3.61,0.0
3.62,0.0
3.63,0.0
3.64,0.0
3.65,0.0
3.66,0.0
3.67,0.0
3.68,0.0
3.69,0.0
3.7,0.0
3.71,0.0
3.72,0.0
3.73,0.0
3.74,0.0
3.75,0.0
3.76,0.0
3.77,0.0
3.78,0.0
3.79,0.0
3.8,0.0
3.81,0.0
3.82,0.0
3.83,0.0
3.84,0.0
3.85,0.0
3.86,0.0
3.87,0.0
3.88,0.0
3.89,0.0
3.9,0.0
3.91,0.0
3.92,0.0
3.93,0.0
3.94,0.0
3.95,0.0
3.96,0.0
3.97,0.0
3.98,0.0
3.99,0.0
4.0,0.0
4.01,0.0718028083671645
4.02,0.1460205212077645
4.03,0.222647693019367
4.04,0.301678878299519
4.05,0.3831086315457871
4.06,0.4669315072557333
4.07,0.5531420599269289
4.08,0.6417348440569125
4.09,0.7327044141432598
4.1,0.8260453246835311
4.11,0.9217521301752908
4.12,1.01981938511609
4.13,1.1202416440034904
4.14,1.223013461335058
4.15,1.3281293916083623
4.16,1.435583989320949
4.17,1.54537180897038
4.18,1.6574874050542232
4.19,1.7719253320700483
4.2,1.8886801445153936
4.21,2.007746396887834
4.22,2.1291186436849268
4.23,2.2527914394042474
4.24,2.3787593385433325
4.25,2.5070168955997527
4.26,2.637558665071076
4.27,2.7703792014548543
4.28,2.9054730592486644
4.29,3.042834792950045
4.3,3.182458957056568
4.31,3.324340106065796
4.32,3.4684727944752987
4.33,3.614851576782612
4.34,3.763471007485313
4.35,3.914325641080959
4.36,4.067410032067134
4.37,4.222718734941357
4.38,4.380246304201211
4.39,4.539987294344259
4.4,4.701936259868072
4.41,4.866087755270185
4.42,5.03243633504817
4.43,5.200976553699591
4.44,5.371702965722024
4.45,5.544610125612997
4.46,5.719692587870092
4.47,5.896944906990861
4.48,6.076361637472889
4.49,6.257937333813699
4.5,6.4416665505108766
4.51,6.627543842061974
4.52,6.815563762964552
4.53,7.005720867716197
4.54,7.198009710814432
4.55,7.39242484675683
4.56,7.588960830040957
4.57,7.787612215164391
4.58,7.988373556624658
4.59,8.191239408919337
4.6,8.396204326545984
4.61,8.603262864002188
4.62,8.812409575785466
4.63,9.023639016393398
4.64,9.236945740323543
4.65,9.45232430207349
4.66,9.669769256140752
4.67,9.889275157022912
4.68,10.110836559217535
4.69,10.3344480172222
4.7,10.56010408553442
4.71,10.78779931865179
4.72,11.017528271071862
4.73,11.249285497292222
4.74,11.483065551810384
4.75,11.718862989123936
4.76,11.95667236373043
4.77,12.19648823012744
4.78,12.438305142812538
4.79,12.682117656283245
4.8,12.927920325037144
4.81,13.1757077035718
4.82,13.425474346384783
4.83,13.677214807973629
4.84,13.9309236428359
4.85,14.18659540546918
4.86,14.444224650371032
4.87,14.703805932038984
4.88,14.96533380497062
4.89,15.228802823663488
4.9,15.494207542615184
4.91,15.761542516323226
4.92,16.030802299285188
4.93,16.301981445998635
4.94,16.575074510961148
4.95,16.850076048670246
4.96,17.12698061362351
4.97,17.405782760318512
4.98,17.686477043252815
4.99,17.96905801692395
5.0,18.2535202358295
5.01,18.53985825446702
5.02,18.82806662733408
5.03,19.118139908928253
5.04,19.41007265374705
5.05,19.70385941628808
5.06,19.99949475104888
5.07,20.29697321252705
5.08,20.59628935522009
5.09,20.897437733625583
5.1,21.20041290224111
5.11,21.50520941556424
5.12,21.811821828092484
5.13,22.120244694323443
5.14,22.43047256875466
5.15,22.742500005883738
5.16,23.05632156020817
5.17,23.371931786225545
5.18,23.689325238433444
5.19,24.008496471329437
5.2,24.329440039411036
5.21,24.65215049717583
5.22,24.97662239912136
5.23,25.302850299745245
5.24,25.630828753544986
5.25,25.960552315018145
5.26,26.292015538662312
5.27,26.62521297897504
5.28,26.960139190453912
5.29,27.296788727596443
5.3,27.63515614490021
5.31,27.97523599686278
5.32,28.31702283798175
5.33,28.660511222754614
5.34,29.00569570567895
5.35,29.352570841252337
5.36,29.70113118397237
5.37,30.05137128833655
5.38,30.403285708842446
5.39,30.756868999987628
5.4,31.112115716269702
5.41,31.46902041218616
5.42,31.827577642234584
5.43,32.18778196091255
5.44,32.54962792271764
5.45,32.913110082147355
5.46,33.27822299369929
5.47,33.644961211871
5.48,34.01331929116007
5.49,34.38329178606403
5.5,34.75487325108045
5.51,35.12805824070688
5.52,35.50284130944091
5.53,35.8792170117801
5.54,36.25717990222197
5.55,36.6367245352641
5.56,37.01784546540407
5.57,37.400537247139454
5.58,37.78479443496776
5.59,38.170611583386574
5.6,38.55798324689346
5.61,38.94690397998601
5.62,39.33736833716173
5.63,39.72937087291819
5.64,40.12290614175297
5.65,40.51796869816367
5.66,40.914553096647765
5.67,41.31265389170287
5.68,41.71226563782651
5.69,42.11338288951632
5.7,42.51600020126978
5.71,42.92011212758449
5.72,43.32571322295799
5.73,43.73279804188789
5.74,44.14136113887168
5.75,44.55139706840697
5.76,44.96290038499129
5.77,45.37586564312223
5.78,45.79028739729737
5.79,46.20616020201421
5.8,46.62347861177034
5.81,47.04223718106333
5.82,47.46243046439075
5.83,47.88405301625011
5.84,48.30709939113902
5.85,48.73156414355503
5.86,49.157441827995726
5.87,49.5847269989586
5.88,50.01341421094125
5.89,50.44349801844125
5.9,50.8749729759562
5.91,51.30783363798356
5.92,51.742074559020935
5.93,52.1776902935659
5.94,52.61467539611607
5.95,53.053024421168885
5.96,53.49273192322197
5.97,53.9337924567729
5.98,54.37620057631924
5.99,54.8199508363585
6.0,55.26503779138827
6.01,55.71145599590611
6.02,56.159200004409584
6.03,56.60826437139631
6.04,57.05864365136374
6.05,57.510332398809474
6.06,57.96332516823109
6.07,58.41761651412619
6.08,58.87320099099226
6.09,59.33007315332687
6.1,59.788227555627614
6.11,60.24765875239208
6.12,60.70836129811775
6.13,61.17032974730222
6.14,61.63355865444306
6.15,62.098042574037855
6.16,62.5637760605841
6.17,63.03075366857939
6.18,63.49896995252132
6.19,63.96841946690744
6.2,64.43909676623525
6.21,64.91099640500235
6.22,65.3841129377063
6.23,65.85844091884472
6.24,66.33397490291506
6.25,66.81070944441494
6.26,67.28863909784192
6.27,67.76775841769357
6.28,68.24806195846747
6.29,68.7295442746611
6.3,69.2121999207721
6.31,69.69602345129798
6.32,70.18100942073636
6.33,70.66715238358472
6.34,71.15444689434068
6.35,71.64288750750178
6.36,72.13246877756563
6.37,72.62318525902973
6.38,73.11503150639163
6.39,73.60800207414891
6.4,74.10209151679922
6.41,74.59729438883998
6.42,75.09360524476881
6.43,75.59101863908329
6.44,76.08952912628096
6.45,76.58913126085943
6.46,77.08981959731616
6.47,77.59158869014877
6.48,78.09443309385486
6.49,78.59834736293193
6.5,79.10332605187754
6.51,79.60936371518929
6.52,80.1164549073647
6.53,80.62459418290145
6.54,81.13377609629691
6.55,81.64399520204874
6.56,82.15524605465451
6.57,82.66752320861181
6.58,83.1808212184181
6.59,83.69513463857103
6.6,84.21045802356812
6.61,84.72678592790699
6.62,85.24411290608509
6.63,85.76243351260007
6.64,86.28174230194946
6.65,86.80203382863087
6.66,87.32330264714176
6.67,87.84554331197974
6.68,88.36875037764241
6.69,88.89291839862734
6.7,89.418041929432
6.71,89.94411552455396
6.72,90.47113373849088
6.73,90.99909112574028
6.74,91.5279822407997
6.75,92.05780163816664
6.76,92.5885438723388
6.77,93.12020349781362
6.78,93.6527750690888
6.79,94.18625314066172
6.8,94.72063226703004
6.81,95.2559070026913
6.82,95.79207190214316
6.83,96.329121519883
6.84,96.86705041040852
6.85,97.4058531282172
6.86,97.94552422780669
6.87,98.48605826367448
6.88,99.02744979031807
6.89,99.5696933622352
6.9,100.11278353392336
6.91,100.65671485988
6.92,101.2014818946028
6.93,101.74707919258924
6.94,102.293501308337
6.95,102.84074279634352
6.96,103.3887982111064
6.97,103.9376621071232
6.98,104.48732903889154
6.99,105.03779356090892
7.0,105.58905022767289
7.01,106.141093593681
7.02,106.69391821343083
7.03,107.24751864142004
7.04,107.80188943214608
7.05,108.35702514010649
7.06,108.9129203197989
7.07,109.46956952572091
7.08,110.02696731236996
7.09,110.58510823424363
7.1,111.14398684583958
7.11,111.70359770165533
7.12,112.2639353561884
7.13,112.82499436393636
7.14,113.38676927939674
7.15,113.94925465706726
7.16,114.51244505144528
7.17,115.07633501702848
7.18,115.64091910831436
7.19,116.20619187980056
7.2,116.77214788598457
7.21,117.33878168136394
7.22,117.9060878204363
7.23,118.4740608576992
7.24,119.04269534765012
7.25,119.61198584478672
7.26,120.18192690360644
7.27,120.75251307860697
7.28,121.32373892428583
7.29,121.89559899514056
7.3,122.4680878456687
7.31,123.04120003036788
7.32,123.61493010373567
7.33,124.1892726202695
7.34,124.76422213446703
7.35,125.33977320082582
7.36,125.91592037384346
7.37,126.49265820801742
7.38,127.06998125784531
7.39,127.64788407782466
7.4,128.22636122245316
7.41,128.8054072462282
7.42,129.3850167036474
7.43,129.96518414920837
7.44,130.54590413740863
7.45,131.12717122274572
7.46,131.70897995971723
7.47,132.29132490282075
7.48,132.8742006065538
7.49,133.45760162541393
7.5,134.04152251389874
7.51,134.62595782650573
7.52,135.21090211773253
7.53,135.79634994207674
7.54,136.3822958540358
7.55,136.9687344081073
7.56,137.55566015878884
7.57,138.14306766057803
7.58,138.7309514679723
7.59,139.31930613546928
7.6,139.90812621756652
7.61,140.4974062687617
7.62,141.08714084355216
7.63,141.67732449643557
7.64,142.26795178190952
7.65,142.8590172544716
7.66,143.45051546861927
7.67,144.04244097885012
7.68,144.63478833966175
7.69,145.22755210555175
7.7,145.82072683101757
7.71,146.41430707055682
7.72,147.0082873786671
7.73,147.602662309846
7.74,148.1974264185909
7.75,148.7925742593996
7.76,149.38810038676945
7.77,149.98399935519814
7.78,150.58026571918327
7.79,151.17689403322225
7.8,151.77387885181275
7.81,152.37121472945228
7.82,152.9688962206385
7.83,153.56691787986884
7.84,154.1652742616409
7.85,154.76395992045224
7.86,155.36296941080047
7.87,155.9622972871831
7.88,156.56193810409775
7.89,157.16188641604188
7.9,157.7621367775132
7.91,158.36268374300911
7.92,158.96352186702725
7.93,159.56464570406516
7.94,160.16604980862047
7.95,160.76772873519064
7.96,161.3696770382733
7.97,161.97188927236593
7.98,162.57435999196625
7.99,163.17708375157164
8.0,163.78005510567976
8.01,164.3832686087882
8.02,164.9867188153944
8.03,165.590400279996
8.04,166.19430755709055
8.05,166.79843520117575
8.06,167.40277776674893
8.07,168.0073298083077
8.08,168.61208588034972
8.09,169.21704053737247
8.1,169.82218833387356
8.11,170.4275238243505
8.12,171.03304156330088
8.13,171.63873610522242
8.14,172.2446020046124
8.15,172.85063381596848
8.16,173.4568260937883
8.17,174.0631733925693
8.18,174.6696702668091
8.19,175.27631127100534
8.2,175.8830909596555
8.21,176.49000388725722
8.22,177.09704460830793
8.23,177.70420767730522
8.24,178.31148764874672
8.25,178.9188790771299
8.26,179.52637651695244
8.27,180.13397452271178
8.28,180.74166764890555
8.29,181.3494504500313
8.3,181.95731748058677
8.31,182.56526329506917
8.32,183.1732824479762
8.33,183.7813694938055
8.34,184.3895189870546
8.35,184.997725482221
8.36,185.60598353380237
8.37,186.2142876962961
8.38,186.8226325242001
8.39,187.43101257201147
8.4,188.03942239422804
8.41,188.6478565453473
8.42,189.2563095798669
8.43,189.86477605228427
8.44,190.47325051709703
8.45,191.0817275288028
8.46,191.69020164189916
8.47,192.29866741088347
8.48,192.90711939025343
8.49,193.5155521345066
8.5,194.12396019814048
8.51,194.7323381356528
8.52,195.3406805015409
8.53,195.9489818503025
8.54,196.55723673643507
8.55,197.16543971443636
8.56,197.7735853388036
8.57,198.38166816403455
8.58,198.9896827446268
8.59,199.5976236350778
8.6,200.2054853898852
8.61,200.8132625635465
8.62,201.42094971055928
8.63,202.0285413854213
8.64,202.6360321426298
8.65,203.24341653668245
8.66,203.8506891220769
8.67,204.4578444533105
8.68,205.0648770848811
8.69,205.6717815712861
8.7,206.27855246702305
8.71,206.88518432658964
8.72,207.4916717044832
8.73,208.09800915520148
8.74,208.704191233242
8.75,209.3102124931022
8.76,209.91606748927987
8.77,210.52175077627243
8.78,211.12725690857735
8.79,211.73258044069243
8.8,212.33771592711517
8.81,212.9426579223429
8.82,213.54740098087336
8.83,214.1519396572041
8.84,214.7562685058327
8.85,215.36038208125663
8.86,215.96427493797364
8.87,216.56794163048107
8.88,217.1713767132767
8.89,217.77457474085787
8.9,218.37753026772228
8.91,218.98023784836744
8.92,219.58269203729088
8.93,220.18488738899023
8.94,220.786818457963
8.95,221.3884797987068
8.96,221.98986596571928
8.97,222.5909715134977
8.98,223.1917909965399
8.99,223.7923189693433
9.0,224.3925499864056
9.01,224.9924786022242
9.02,225.59209937129677
9.03,226.19140684812072
9.04,226.79039558719384
9.05,227.3890601430137
9.06,227.98739507007755
9.07,228.5853949228832
9.08,229.18305425592808
9.09,229.78036762370988
9.1,230.37732958072604
9.11,230.97393468147425
9.12,231.57017748045195
9.13,232.16605253215687
9.14,232.76155439108635
9.15,233.3566776117381
9.16,233.9514167486096
9.17,234.5457663561984
9.18,235.13972098900211
9.19,235.7332752015184
9.2,236.32642354824463
9.21,236.9191605836786
9.22,237.5114808623176
9.23,238.1033789386593
9.24,238.6948493672013
9.25,239.28588670244116
9.26,239.8764854988764
9.27,240.46664031100457
9.28,241.0563456933232
9.29,241.64559620033
9.3,242.2343863865225
9.31,242.8227108063981
9.32,243.41056401445456
9.33,243.99794056518925
9.34,244.58483501309976
9.35,245.17124191268385
9.36,245.7571558184389
9.37,246.3425712848625
9.38,246.92748286645235
9.39,247.51188511770576
9.4,248.09577259312044
9.41,248.6791398471939
9.42,249.26198143442377
9.43,249.84429190930751
9.44,250.4260658263429
9.45,251.0072977400272
9.46,251.58798220485824
9.47,252.1681137753334
9.48,252.7476870059503
9.49,253.3266964512065
9.5,253.90513666559943
9.51,254.48300220362697
9.52,255.06028761978635
9.53,255.6369874685753
9.54,256.21309630449144
9.55,256.7886086820323
9.56,257.36351915569526
9.57,257.93782227997804
9.58,258.51151260937814
9.59,259.0845846983932
9.6,259.6570331015207
9.61,260.2288523732582
9.62,260.80003706810334
9.63,261.3705817405537
9.64,261.9404809451067
9.65,262.5097292362599
9.66,263.078321168511
9.67,263.6462512963575
9.68,264.21351417429696
9.69,264.7801043568269
9.7,265.346016398445
9.71,265.9112448536488
9.72,266.47578427693566
9.73,267.03962922280334
9.74,267.60277424574934
9.75,268.1652139002712
9.76,268.7269427408665
9.77,269.2879553220328
9.78,269.8482461982677
9.79,270.4078099240687
9.8,270.9666410539336
9.81,271.5247341423595
9.82,272.08208374384424
9.83,272.6386844128854
9.84,273.1945307039805
9.85,273.74961717162705
9.86,274.30393837032267
9.87,274.8574888545649
9.88,275.4102631788515
9.89,275.9622558976796
9.9,276.5134615655471
9.91,277.06387473695145
9.92,277.6134899663902
9.93,278.1623018083609
9.94,278.71030481736113
9.95,279.2574935478886
9.96,279.8038625544407
9.97,280.349406391515
9.98,280.89411961360906
9.99,281.4379967752205
10.0,281.9810324308468
10.01,282.52322113498565
10.02,283.0645574421344
10.03,283.6050359067908
10.04,284.14465108345246
10.05,284.68339752661683
10.06,285.22126979078143
10.07,285.7582624304438
10.08,286.2943700001016
10.09,286.8295870542524
10.1,287.3639081473936
10.11,287.89732783402303
10.12,288.429840668638
10.13,288.96144120573626
10.14,289.4921239998153
10.15,290.0218836053726
10.16,290.55071457690576
10.17,291.0786114689124
10.18,291.60556883589004
10.19,292.1315812323362
10.2,292.6566432127486
10.21,293.18074933162467
10.22,293.703894143462
10.23,294.226072202758
10.24,294.7472780640105
10.25,295.2675062817169
10.26,295.78675141037485
10.27,296.3050080044817
10.28,296.82227061853536
10.29,297.33853380703306
10.3,297.8537921244727
10.31,298.36804012535146
10.32,298.8812723641671
10.33,299.3934833954172
10.34,299.90466777359933
10.35,300.41482005321086
10.36,300.92393478874965
10.37,301.43200653471297
10.38,301.93902984559867
10.39,302.44499927590414
10.4,302.9499093801268
10.41,303.4537547127645
10.42,303.9565298283147
10.43,304.4582292812748
10.44,304.9588476261426
10.45,305.4583794174155
10.46,305.95681920959123
10.47,306.45416155716714
10.48,306.9504010146409
10.49,307.44553213651005
10.5,307.9395494772721
10.51,308.4324475914248
10.52,308.92422103346547
10.53,309.4148643578918
10.54,309.9043721192013
10.55,310.39273887189177
10.56,310.87995917046044
10.57,311.366027569405
10.58,311.850938623223
10.59,312.3346868864119
10.6,312.8172669134695
10.61,313.2986732588932
10.62,313.77890047718057
10.63,314.25794312282926
10.64,314.7357957503368
10.65,315.2124529142006
10.66,315.6879091689183
10.67,316.16215906898765
10.68,316.635197168906
10.69,317.10701802317084
10.7,317.57761618627995
10.71,318.04698621273087
10.72,318.51512265702104
10.73,318.9820200736481
10.74,319.4476730171095
10.75,319.91207604190294
10.76,320.3752237025259
10.77,320.837110553476
10.78,321.29773114925075
10.79,321.75708004434773
10.8,322.21515179326457
10.81,322.6719409504987
10.82,323.1274420705478
10.83,323.5816497079092
10.84,324.0345584170808
10.85,324.48616275255995
10.86,324.93645726884426
10.87,325.38543652043126
10.88,325.8330950618186
10.89,326.27942744750374
10.9,326.72442823198423
10.91,327.1680919697577
10.92,327.6104132153217
10.93,328.0513865231738
10.94,328.4910064478116
10.95,328.92926754373246
10.96,329.36616436543426
10.97,329.80169146741434
10.98,330.2358434041702
10.99,330.66861473019964
11.0,331.1
11.01,331.5300007641187
11.02,331.958646557302
11.03,332.385973910346
11.04,332.8120193540465
11.05,333.2368194191999
11.06,333.6604106366019
11.07,334.0828295370487
11.08,334.5041126513363
11.09,334.9242965102607
11.1,335.34341764461794
11.11,335.7615125852041
11.12,336.1786178628152
11.13,336.59477000824734
11.14,337.0100055522963
11.15,337.42436102575834
11.16,337.8378729594294
11.17,338.25057788410555
11.18,338.66251233058284
11.19,339.07371282965727
11.2,339.4842159121248
11.21,339.89405810878173
11.22,340.30327595042377
11.23,340.71190596784703
11.24,341.1199846918477
11.25,341.5275486532217
11.26,341.9346343827649
11.27,342.3412784112736
11.28,342.7475172695438
11.29,343.1533874883714
11.3,343.55892559855255
11.31,343.96416813088314
11.32,344.3691516161594
11.33,344.7739125851772
11.34,345.1784875687324
11.35,345.5829130976215
11.36,345.9872257026404
11.37,346.3914619145846
11.38,346.7956582642509
11.39,347.1998512824349
11.4,347.6040774999327
11.41,348.0083734475404
11.42,348.4127756560538
11.43,348.81732065626926
11.44,349.2220449789826
11.45,349.62698515498994
11.46,350.03217771508736
11.47,350.43765919007063
11.48,350.8434661107361
11.49,351.24963500787965
11.5,351.6562024122973
11.51,352.0632048547851
11.52,352.4706788661391
11.53,352.87866097715533
11.54,353.2871877186299
11.55,353.6962956213587
11.56,354.1060212161378
11.57,354.51640103376326
11.58,354.9274716050311
11.59,355.33926946073734
11.6,355.75183113167816
11.61,356.16519314864934
11.62,356.579392042447
11.63,356.99446434386726
11.64,357.4104465837061
11.65,357.82737529275954
11.66,358.24528700182367
11.67,358.6642182416944
11.68,359.08420554316785
11.69,359.50528543704
11.7,359.9274944541069
11.71,360.3508691251647
11.72,360.7754459810093
11.73,361.20126155243673
11.74,361.6283523702431
11.75,362.0567549652244
11.76,362.4865058681766
11.77,362.9176416098957
11.78,363.350198721178
11.79,363.7842137328193
11.8,364.2197231756157
11.81,364.6567635803632
11.82,365.0953714778578
11.83,365.5355833988956
11.84,365.9774358742727
11.85,366.4209654347849
11.86,366.8662086112285
11.87,367.3132019343993
11.88,367.7619819350936
11.89,368.2125851441072
11.9,368.6650480922361
11.91,369.1194073102765
11.92,369.5756993290244
11.93,370.03396067927576
11.94,370.49422789182665
11.95,370.95653749747305
11.96,371.4209260270112
11.97,371.88743001123686
11.98,372.3560859809463
11.99,372.8269304669353
12.0,373.3
12.01,373.7753164951578
12.02,374.2528434043111
12.03,374.7325295635835
12.04,375.21432380909897
12.05,375.69817497698114
12.06,376.1840319033536
12.07,376.6718434243401
12.08,377.1615583760645
12.09,377.6531255946505
12.1,378.1464939162218
12.11,378.641612176902
12.12,379.138429212815
12.13,379.6368938600846
12.14,380.1369549548344
12.15,380.638561333188
12.16,381.14166183126935
12.17,381.6462052852019
12.18,382.1521405311097
12.19,382.6594164051164
12.2,383.1679817433455
12.21,383.677785381921
12.22,384.18877615696647
12.23,384.7009029046057
12.24,385.2141144609623
12.25,385.7283596621601
12.26,386.243587344323
12.27,386.7597463435744
12.28,387.2767854960382
12.29,387.794653637838
12.3,388.3132996050979
12.31,388.83267223394114
12.32,389.3527203604917
12.33,389.8733928208732
12.34,390.3946384512095
12.35,390.9164060876242
12.36,391.4386445662412
12.37,391.961302723184
12.38,392.4843293945766
12.39,393.00767341654233
12.4,393.5312836252054
12.41,394.0551088566891
12.42,394.5790979471174
12.43,395.103199732614
12.44,395.6273630493025
12.45,396.1515367333068
12.46,396.6756696207506
12.47,397.1997105477576
12.48,397.7236083504514
12.49,398.2473118649559
12.5,398.7707699273946
12.51,399.2939313738916
12.52,399.8167450405702
12.53,400.3391597635545
12.54,400.861124378968
12.55,401.3825877229346
12.56,401.9034986315778
12.57,402.4238059410215
12.58,402.9434584873893
12.59,403.4624051068051
12.6,403.9805946353925
12.61,404.497975909275
12.62,405.0144977645768
12.63,405.5301090374216
12.64,406.0447585639327
12.65,406.558395180234
12.66,407.0709677224494
12.67,407.5824250267024
12.68,408.0927159291169
12.69,408.6017892658165
12.7,409.1095938729252
12.71,409.6160785865664
12.72,410.1211922428639
12.73,410.6248836779415
12.74,411.1271017279229
12.75,411.62779522893175
12.76,412.126913017092
12.77,412.6244039285271
12.78,413.1202167993608
12.79,413.6143004657171
12.8,414.1066037637197
12.81,414.5970755294919
12.82,415.0856645991579
12.83,415.57231980884114
12.84,416.0569899946655
12.85,416.53962399275457
12.86,417.0201706392321
12.87,417.498578770222
12.88,417.974797221848
12.89,418.4487748302335
12.9,418.9204604315023
12.91,419.3898028617784
12.92,419.8567509571855
12.93,420.3212535538471
12.94,420.783259487887
12.95,421.2427175954289
12.96,421.6995767125967
12.97,422.153785675514
12.98,422.6052933203044
12.99,423.05404848309183
13.0,423.5
13.01,423.9431062552501
13.02,424.3833638254537
13.03,424.8207788353197
13.04,425.2553574095575
13.05,425.687105672876
13.06,426.11602974998414
13.07,426.542135765591
13.08,426.9654298444057
13.09,427.38591811113736
13.1,427.8036066904949
13.11,428.2185017071876
13.12,428.6306092859244
13.13,429.0399355514144
13.14,429.4464866283665
13.15,429.8502686414898
13.16,430.2512877154936
13.17,430.6495499750867
13.18,431.0450615449783
13.19,431.4378285498774
13.2,431.8278571144932
13.21,432.21515336353457
13.22,432.5997234217107
13.23,432.9815734137305
13.24,433.3607094643031
13.25,433.73713769813776
13.26,434.1108642399433
13.27,434.4818952144289
13.28,434.8502367463034
13.29,435.2158949602763
13.3,435.5788759810564
13.31,435.93918593335263
13.32,436.2968309418741
13.33,436.6518171313301
13.34,437.0041506264296
13.35,437.3538375518816
13.36,437.70088403239504
13.37,438.04529619267913
13.38,438.3870801574431
13.39,438.7262420513957
13.4,439.06278799924615
13.41,439.3967241257034
13.42,439.7280565554767
13.43,440.056791413275
13.44,440.3829348238073
13.45,440.70649291178273
13.46,441.0274718019105
13.47,441.34587761889935
13.48,441.6617164874586
13.49,441.9749945322972
13.5,442.28571787812416
13.51,442.5938926496488
13.52,442.8995249715799
13.53,443.2026209686266
13.54,443.503186765498
13.55,443.80122848690326
13.56,444.0967522575512
13.57,444.3897642021511
13.58,444.6802704454118
13.59,444.9682771120426
13.6,445.2537903267525
13.61,445.5368162142504
13.62,445.81736089924544
13.63,446.09543050644686
13.64,446.3710311605636
13.65,446.6441689863045
13.66,446.9148501083791
13.67,447.183080651496
13.68,447.4488667403644
13.69,447.7122144996936
13.7,447.9731300541924
13.71,448.2316195285698
13.72,448.4876890475351
13.73,448.7413447357973
13.74,448.9925927180655
13.75,449.24143911904855
13.76,449.4878900634556
13.77,449.73195167599584
13.78,449.9736300813783
13.79,450.2129314043119
13.8,450.4498617695058
13.81,450.6844273016691
13.82,450.9166341255107
13.83,451.1464883657399
13.84,451.3739961470656
13.85,451.59916359419685
13.86,451.82199683184274
13.87,452.0425019847125
13.88,452.260685177515
13.89,452.4765525349592
13.9,452.6901101817545
13.91,452.9013642426096
13.92,453.1103208422338
13.93,453.3169861053361
13.94,453.5213661566256
13.95,453.7234671208113
13.96,453.92329512260216
13.97,454.1208562867075
13.98,454.31615673783614
13.99,454.5092026006973
14.0,454.7
14.01,454.8885584838417
14.02,455.07490129387406
14.03,455.2590550951371
14.04,455.44104655267074
14.05,455.6209023315152
14.06,455.7986490967103
14.07,455.97431351329607
14.08,456.1479222463127
14.09,456.3195019608
14.1,456.4890793217982
14.11,456.6566809943473
14.12,456.8223336434872
14.13,456.9860639342582
14.14,457.1478985316999
14.15,457.3078641008527
14.16,457.46598730675646
14.17,457.6222948144511
14.18,457.7768132889769
14.19,457.9295693953737
14.2,458.0805897986818
14.21,458.2299011639408
14.22,458.3775301561909
14.23,458.5235034404723
14.24,458.66784768182487
14.25,458.8105895452886
14.26,458.95175569590367
14.27,459.0913727987099
14.28,459.2294675187475
14.29,459.3660665210565
14.3,459.5011964706769
14.31,459.6348840326486
14.32,459.7671558720117
14.33,459.8980386538061
14.34,460.0275590430721
14.35,460.1557437048496
14.36,460.2826193041786
14.37,460.4082125060991
14.38,460.5325499756512
14.39,460.6556583778749
14.4,460.7775643778103
14.41,460.8982946404972
14.42,461.0178758309758
14.43,461.1363346142862
14.44,461.2536976554683
14.45,461.369991619562
14.46,461.4852431716077
14.47,461.59947897664506
14.48,461.7127256997143
14.49,461.8250100058554
14.5,461.9363585601084
14.51,462.0467980275133
14.52,462.15635507311015
14.53,462.2650563619389
14.54,462.3729285590398
14.55,462.4799983294526
14.56,462.5862923382175
14.57,462.6918372503744
14.58,462.79665973096337
14.59,462.90078644502455
14.6,463.0042440575979
14.61,463.10705923372336
14.62,463.209258638441
14.63,463.310868936791
14.64,463.4119167938133
14.65,463.5124288745477
14.66,463.6124318440345
14.67,463.7119523673136
14.68,463.8110171094251
14.69,463.90965273540894
14.7,464.0078859103053
14.71,464.105743299154
14.72,464.2032515669952
14.73,464.3004373788689
14.74,464.3973273998151
14.75,464.4939482948739
14.76,464.5903267290853
14.77,464.6864893674892
14.78,464.7824628751259
14.79,464.8782739170351
14.8,464.9739491582571
14.81,465.0695152638317
14.82,465.1649988987991
14.83,465.2604267281992
14.84,465.35582541707214
14.85,465.4512216304579
14.86,465.5466420333965
14.87,465.6421132909279
14.88,465.7376620680923
14.89,465.8333150299295
14.9,465.9290988414797
14.91,466.02504016778295
14.92,466.1211656738792
14.93,466.2175020248084
14.94,466.3140758856107
14.95,466.4109139213261
14.96,466.5080427969946
14.97,466.60548917765607
14.98,466.7032797283508
14.99,466.8014411141188
15.0,466.9
15.01,466.9989759093828
15.02,467.0983597990498
15.03,467.1981354841317
15.04,467.2982867797592
15.05,467.3987975010634
15.06,467.499651463175
15.07,467.6008324812248
15.08,467.70232437034366
15.09,467.80411094566233
15.1,467.9061760223118
15.11,468.00850341542287
15.12,468.1110769401264
15.13,468.213880411553
15.14,468.3168976448337
15.15,468.4201124550994
15.16,468.5235086574807
15.17,468.62707006710855
15.18,468.73078049911385
15.19,468.8346237686273
15.2,468.9385836907799
15.21,469.0426440807023
15.22,469.1467887535254
15.23,469.2510015243801
15.24,469.3552662083972
15.25,469.4595666207074
15.26,469.56388657644175
15.27,469.668209890731
15.28,469.772520378706
15.29,469.8768018554973
15.3,469.9810381362362
15.31,470.0852130360532
15.32,470.1893103700792
15.33,470.2933139534452
15.34,470.3972076012819
15.35,470.5009751287199
15.36,470.6046003508905
15.37,470.7080670829242
15.38,470.8113591399519
15.39,470.9144603371046
15.4,471.01735448951297
15.41,471.1200254123077
15.42,471.2224569206199
15.43,471.3246328295803
15.44,471.4265369543197
15.45,471.5281531099689
15.46,471.6294651116589
15.47,471.7304567745202
15.48,471.8311119136841
15.49,471.9314143442811
15.5,472.031347881442
15.51,472.1308963402979
15.52,472.23004353597946
15.53,472.3287732836175
15.54,472.4270693983429
15.55,472.5249156952864
15.56,472.622295989579
15.57,472.7191940963514
15.58,472.8155938307345
15.59,472.911479007859
15.6,473.006833442856
15.61,473.101640950856
15.62,473.19588534699
15.63,473.28955044638894
15.64,473.3826200641836
15.65,473.4750780155047
15.66,473.566908115483
15.67,473.6580941792496
15.68,473.7486200219351
15.69,473.8384694586705
15.7,473.9276263045865
15.71,474.016074374814
15.72,474.10379748448383
15.73,474.19077944872686
15.74,474.2770040826738
15.75,474.3624552014556
15.76,474.447116620203
15.77,474.5309721540469
15.78,474.6140056181182
15.79,474.6962008275476
15.8,474.7775415974661
15.81,474.85801174300417
15.82,474.937595079293
15.83,475.01627542146326
15.84,475.0940365846459
15.85,475.1708623839716
15.86,475.2467366345713
15.87,475.3216431515758
15.88,475.395565750116
15.89,475.4684882453225
15.9,475.5403944523264
15.91,475.6112681862584
15.92,475.68109326224953
15.93,475.74985349543033
15.94,475.8175327009317
15.95,475.88411469388456
15.96,475.9495832894197
15.97,476.0139223026681
15.98,476.0771155487603
15.99,476.1391468428273
16.0,476.2
16.01,476.2596549786268
16.02,476.3180763099266
16.03,476.3752246683362
16.04,476.43106072829215
16.05,476.4855451642312
16.06,476.5386386505899
16.07,476.5903018618049
16.08,476.64049547231286
16.09,476.6891801565504
16.1,476.7363165889543
16.11,476.78186544396095
16.12,476.82578739600734
16.13,476.8680431195298
16.14,476.9085932889652
16.15,476.9473985787501
16.16,476.984419663321
16.17,477.01961721711456
16.18,477.05295191456776
16.19,477.08438443011687
16.2,477.1138754381988
16.21,477.14138561325007
16.22,477.1668756297073
16.23,477.1903061620072
16.24,477.2116378845863
16.25,477.2308314718815
16.26,477.247847598329
16.27,477.262646938366
16.28,477.2751901664288
16.29,477.285437956954
16.3,477.29335098437855
16.31,477.29888992313874
16.32,477.3020154476714
16.33,477.3026882324131
16.34,477.3008689518008
16.35,477.2965182802706
16.36,477.2895968922596
16.37,477.2800654622041
16.38,477.267884664541
16.39,477.2530151737069
16.4,477.2354176641383
16.41,477.215052810272
16.42,477.1918812865448
16.43,477.165863767393
16.44,477.1369609272532
16.45,477.1051334405624
16.46,477.0703419817571
16.47,477.03254722527385
16.48,476.9917098455493
16.49,476.9477905170205
16.5,476.9007499141233
16.51,476.8505487112951
16.52,476.7971475829721
16.53,476.7405072035912
16.54,476.68058824758896
16.55,476.61735138940185
16.56,476.5507573034668
16.57,476.48076666422025
16.58,476.4073401460989
16.59,476.3304384235394
16.6,476.25002217097847
16.61,476.1660520628527
16.62,476.07848877359874
16.63,475.9872929776532
16.64,475.8924253494527
16.65,475.7938465634341
16.66,475.6915172940336
16.67,475.58539821568814
16.68,475.4754500028346
16.69,475.3616333299091
16.7,475.2439088713488
16.71,475.1222373015899
16.72,474.9965792950694
16.73,474.8668955262237
16.74,474.7331466694896
16.75,474.5952933993036
16.76,474.4532963901024
16.77,474.3071163163228
16.78,474.1567138524013
16.79,474.0020496727744
16.8,473.8430844518791
16.81,473.6797788641517
16.82,473.5120935840291
16.83,473.3399892859479
16.84,473.1634266443446
16.85,472.9823663336559
16.86,472.7967690283184
16.87,472.60659540276896
16.88,472.4118061314441
16.89,472.2123618887803
16.9,472.0082233492146
16.91,471.7993511871832
16.92,471.58570607712295
16.93,471.3672486934706
16.94,471.1439397106626
16.95,470.91573980313575
16.96,470.68260964532647
16.97,470.4445099116717
16.98,470.20140127660784
16.99,469.95324441457177
17.0,469.7
17.01,469.44165237611
17.02,469.17828056124375
17.03,468.9099872425234
17.04,468.63687510707206
17.05,468.3590468420118
17.06,468.0766051344656
17.07,467.78965267155576
17.08,467.49829214040494
17.09,467.20262622813584
17.1,466.902757621871
17.11,466.598789008733
17.12,466.29082307584434
17.13,465.9789625103278
17.14,465.6633099993057
17.15,465.3439682299009
17.16,465.0210398892358
17.17,464.69462766443297
17.18,464.3648342426153
17.19,464.031762310905
17.2,463.695514556425
17.21,463.3561936662976
17.22,463.01390232764544
17.23,462.6687432275912
17.24,462.3208190532574
17.25,461.9702324917668
17.26,461.61708623024174
17.27,461.261482955805
17.28,460.90352535557895
17.29,460.5433161166864
17.3,460.1809579262499
17.31,459.816553471392
17.32,459.4502054392351
17.33,459.0820165169022
17.34,458.7120893915155
17.35,458.3405267501977
17.36,457.96743128007154
17.37,457.5929056682594
17.38,457.2170526018841
17.39,456.839974768068
17.4,456.4617748539338
17.41,456.082555546604
17.42,455.7024195332013
17.43,455.3214695008484
17.44,454.93980813666747
17.45,454.5575381277815
17.46,454.17476216131297
17.47,453.7915829243844
17.48,453.4081031041184
17.49,453.0244253876376
17.5,452.64065246206445
17.51,452.25688701452174
17.52,451.873231732132
17.53,451.4897893020176
17.54,451.10666241130167
17.55,450.7239537471061
17.56,450.3417659965541
17.57,449.9602018467678
17.58,449.5793639848701
17.59,449.1993550979832
17.6,448.82027787323
17.61,448.4422349977333
17.62,448.0653291586151
17.63,447.6896630429985
17.64,447.31533933800574
17.65,446.9424607307597
17.66,446.5711299083828
17.67,446.20144955799753
17.68,445.8335223667268
17.69,445.4674510216928
17.7,445.1033382100185
17.71,444.74128661882617
17.72,444.3813989352386
17.73,444.0237778463783
17.74,443.668526039368
17.75,443.3157462013299
17.76,442.9655410193869
17.77,442.61801318066176
17.78,442.2732653722768
17.79,441.93140028135457
17.8,441.5925205950176
17.81,441.2567290003889
17.82,440.9241281845905
17.83,440.5948208347454
17.84,440.268909637976
17.85,439.94649728140496
17.86,439.6276864521549
17.87,439.3125798373483
17.88,439.001280124108
17.89,438.693889999556
17.9,438.3905121508156
17.91,438.0912492650088
17.92,437.79620402925866
17.93,437.5054791306876
17.94,437.219177256418
17.95,436.9374010935727
17.96,436.6602533292742
17.97,436.3878366506452
17.98,436.12025374480805
17.99,435.8576072988856
18.0,435.6
18.01,435.3475066169328
18.02,435.1000902450984
18.03,434.8576860615696
18.04,434.62022924341966
18.05,434.3876549677214
18.06,434.15989841154806
18.07,433.9368947519724
18.08,433.71857916606746
18.09,433.50488683090623
18.1,433.2957529235618
18.11,433.0911126211073
18.12,432.8909011006155
18.13,432.6950535391595
18.14,432.5035051138122
18.15,432.3161910016468
18.16,432.133046379736
18.17,431.9540064251533
18.18,431.7790063149712
18.19,431.60798122626295
18.2,431.4408663361015
18.21,431.27759682155977
18.22,431.1181078597111
18.23,430.962334627628
18.24,430.8102123023838
18.25,430.6616760610514
18.26,430.51666108070384
18.27,430.3751025384142
18.28,430.2369356112554
18.29,430.1020954763003
18.3,429.970517310622
18.31,429.8421362912937
18.32,429.7168875953881
18.33,429.5947063999785
18.34,429.4755278821377
18.35,429.3592872189387
18.36,429.2459195874546
18.37,429.1353601647584
18.38,429.027544127923
18.39,428.92240665402153
18.4,428.8198829201269
18.41,428.719908103312
18.42,428.62241738065023
18.43,428.5273459292141
18.44,428.434628926077
18.45,428.3442015483117
18.46,428.25599897299134
18.47,428.1699563771888
18.48,428.0860089379773
18.49,428.0040918324297
18.5,427.9241402376188
18.51,427.846089330618
18.52,427.7698742885001
18.53,427.695430288338
18.54,427.6226925072049
18.55,427.5515961221736
18.56,427.4820763103174
18.57,427.414068248709
18.58,427.3475071144216
18.59,427.282328084528
18.6,427.2184663361015
18.61,427.1558570462148
18.62,427.0944353919412
18.63,427.03413655035337
18.64,426.9748956985245
18.65,426.9166480135277
18.66,426.8593286724357
18.67,426.8028728523218
18.68,426.74721573025874
18.69,426.6922924833197
18.7,426.63803828857766
18.71,426.5843883231055
18.72,426.5312777639765
18.73,426.47864178826336
18.74,426.4264155730392
18.75,426.3745342953769
18.76,426.3229331323497
18.77,426.27154726103055
18.78,426.22031185849227
18.79,426.169162101808
18.8,426.1180331680507
18.81,426.0668602342935
18.82,426.01557847760927
18.83,425.9641230750711
18.84,425.9124292037519
18.85,425.8604320407247
18.86,425.8080667630624
18.87,425.7552685478382
18.88,425.701972572125
18.89,425.6481140129959
18.9,425.5936280475239
18.91,425.53844985278175
18.92,425.4825146058427
18.93,425.4257574837797
18.94,425.36811366366567
18.95,425.3095183225738
18.96,425.24990663757694
18.97,425.18921378574817
18.98,425.1273749441604
18.99,425.0643252898867
19.0,425.0
19.01,424.9343481561589
19.02,424.8673744583632
19.03,424.7990975111983
19.04,424.7295359192497
19.05,424.65870828710274
19.06,424.58663321934296
19.07,424.5133293205555
19.08,424.4388151953258
19.09,424.3631094482397
19.1,424.286230683882
19.11,424.2081975068384
19.12,424.1290285216944
19.13,424.048742333035
19.14,423.967357545446
19.15,423.8848927635127
19.16,423.80136659182034
19.17,423.7167976349545
19.18,423.6312044975005
19.19,423.54460578404377
19.2,423.4570200991696
19.21,423.3684660474636
19.22,423.278962233511
19.23,423.18852726189726
19.24,423.0971797372078
19.25,423.004938264028
19.26,422.9118214469431
19.27,422.8178478905387
19.28,422.7230361994002
19.29,422.62740497811296
19.3,422.5309728312624
19.31,422.4337583634338
19.32,422.3357801792127
19.33,422.2370568831844
19.34,422.13760707993424
19.35,422.0374493740479
19.36,421.93660237011056
19.37,421.8350846727076
19.38,421.73291488642457
19.39,421.6301116158468
19.4,421.5266934655595
19.41,421.4226790401484
19.42,421.3180869441986
19.43,421.2129357822957
19.44,421.1072441590251
19.45,421.0010306789721
19.46,420.8943139467221
19.47,420.7871125668605
19.48,420.6794451439727
19.49,420.5713302826443
19.5,420.4627865874604
19.51,420.3538326630066
19.52,420.2444871138682
19.53,420.1347685446307
19.54,420.0246955598794
19.55,419.9142867641996
19.56,419.803560762177
19.57,419.6925361583967
19.58,419.5812315574443
19.59,419.4696655639051
19.6,419.3578567823645
19.61,419.24582381740805
19.62,419.13358527362095
19.63,419.0211597555886
19.64,418.90856586789647
19.65,418.7958222151301
19.66,418.6829474018746
19.67,418.5699600327156
19.68,418.45687871223856
19.69,418.3437220450286
19.7,418.2305086356712
19.71,418.1172570887519
19.72,418.003986008856
19.73,417.8907140005689
19.74,417.77745966847607
19.75,417.6642416171628
19.76,417.5510784512145
19.77,417.4379887752168
19.78,417.3249911937547
19.79,417.2121043114139
19.8,417.0993467327797
19.81,416.9867370624376
19.82,416.8742939049728
19.83,416.7620358649709
19.84,416.6499815470172
19.85,416.538149555697
19.86,416.426558495596
19.87,416.3152269712992
19.88,416.2041735873924
19.89,416.0934169484607
19.9,415.9829756590896
19.91,415.8728683238645
19.92,415.7631135473709
19.93,415.653729934194
19.94,415.5447360889193
19.95,415.4361506161323
19.96,415.32799212041823
19.97,415.22027920636265
19.98,415.1130304785507
19.99,415.006264541568
20.0,414.9
20.01,414.794255458432
20.02,414.6890495214493
20.03,414.5844007936375
20.04,414.48032787958186
20.05,414.3768493838678
20.06,414.2739839110808
20.07,414.17175006580607
20.08,414.0701664526292
20.09,413.9692516761356
20.1,413.8690243409105
20.11,413.76950305153935
20.12,413.6707064126077
20.13,413.5726530287008
20.14,413.4753615044041
20.15,413.378850444303
20.16,413.2831384529829
20.17,413.1882441350291
20.18,413.0941860950273
20.19,413.0009829375625
20.2,412.90865326722025
20.21,412.8172156885861
20.22,412.72668880624536
20.23,412.63709122478326
20.24,412.5484415487856
20.25,412.4607583828373
20.26,412.374060331524
20.27,412.2883659994312
20.28,412.20369399114406
20.29,412.12006291124817
20.3,412.0374913643288
20.31,411.9559979549716
20.32,411.8756012877616
20.33,411.7963199672844
20.34,411.71817259812536
20.35,411.64117778487
20.36,411.5653541321035
20.37,411.4907202444114
20.38,411.4172947263792
20.39,411.345096182592
20.4,411.2741432176354
20.41,411.2044544360949
20.42,411.13604844255576
20.43,411.06894384160336
20.44,411.0031592378231
20.45,410.9387132358005
20.46,410.8756244401207
20.47,410.8139114553694
20.48,410.7535928861319
20.49,410.6946873369935
20.5,410.6372134125396
20.51,410.58118971735576
20.52,410.5266348560273
20.53,410.4735674331396
20.54,410.422006053278
20.55,410.371969321028
20.56,410.3234758409751
20.57,410.2765442177043
20.58,410.2311930558015
20.59,410.1874409598517
20.6,410.1453065344406
20.61,410.1048083841533
20.62,410.0659651135755
20.63,410.0287953272924
20.64,409.9933176298895
20.65,409.95955062595215
20.66,409.92751292006574
20.67,409.89722311681567
20.68,409.8686998207874
20.69,409.8419616365664
20.7,409.8170271687377
20.71,409.7939150218871
20.72,409.77264380059984
20.73,409.75323210946135
20.74,409.735698553057
20.75,409.7200617359722
20.76,409.7063402627923
20.77,409.69455273810286
20.78,409.6847177664891
20.79,409.6768539525365
20.8,409.6709799008305
20.81,409.6671142159563
20.82,409.6652755024995
20.83,409.6654823650456
20.84,409.6677534081797
20.85,409.6721072364875
20.86,409.678562454554
20.87,409.687137666965
20.88,409.6978514783058
20.89,409.71072249316165
20.9,409.7257693161181
20.91,409.7430105517605
20.92,409.76246480467415
20.93,409.78415067944456
20.94,409.8080867806572
20.95,409.83429171289725
20.96,409.8627840807503
20.97,409.89358248880177
20.98,409.92670554163686
20.99,409.9621718438412
21.0,410.0
