wind_speed,ATB Riva Calzoni ATB 500.54
1.0,0.0
1.01,0.1492756721362187
1.02,0.2940505702381795
1.03,0.4343701566698648
1.04,0.5702798937952571
1.05,0.7018252439783389
1.06,0.8290516695830924
1.07,0.9520046329734998
1.08,1.070729596513544
1.09,1.1852720225672075
1.1,1.295677373498472
1.11,1.4019911116713195
1.12,1.5042586994497344
1.13,1.6025255991976952
1.14,1.6968372732791892
1.15,1.7872391840581967
1.16,1.8737767938987
1.17,1.9564955651646811
1.18,2.035440960220124
1.19,2.1106584414290084
1.2,2.182193471155319
1.21,2.250091511763037
1.22,2.314398025616145
1.23,2.3751584750786265
1.24,2.4324183225144616
1.25,2.486223030287636
1.26,2.536618060762129
1.27,2.5836488763019245
1.28,2.627360939271004
1.29,2.667799712033351
1.3,2.705010656952948
1.31,2.739039236393776
1.32,2.769930912719819
1.33,2.797731148295058
1.34,2.822485405483476
1.35,2.8442391466490555
1.36,2.863037834155779
1.37,2.8789269303676286
1.38,2.891951897648588
1.39,2.902158198362637
1.4,2.90959129487376
1.41,2.9142966495459373
1.42,2.9163197247431545
1.43,2.9157059828293925
1.44,2.912500886168633
1.45,2.906749897124859
1.46,2.898498478062054
1.47,2.887792091344197
1.48,2.874676199335274
1.49,2.8591962643992668
1.5,2.8413977489001554
1.51,2.8213261152019244
1.52,2.799026825668556
1.53,2.774545342664032
1.54,2.7479271285523352
1.55,2.719217645697449
1.56,2.6884623564633534
1.57,2.655706723214033
1.58,2.620996208313469
1.59,2.584376274125644
1.6,2.5458923830145395
1.61,2.505589997344138
1.62,2.4635145794784266
1.63,2.4197115917813816
1.64,2.374226496616989
1.65,2.327104756349229
1.66,2.2783918333420834
1.67,2.228133189959538
1.68,2.176374288565573
1.69,2.123160591524172
1.7,2.0685375611993138
1.71,2.012550659954986
1.72,1.955245350155168
1.73,1.896667094163841
1.74,1.8368613543449888
1.75,1.775873593062597
1.76,1.713749272680646
1.77,1.6505338555631135
1.78,1.586272804073989
1.79,1.521011580577249
1.8,1.4547956474368813
1.81,1.387670467016862
1.82,1.31968150168118
1.83,1.2508742137938136
1.84,1.1812940657187472
1.85,1.1109865198199618
1.86,1.0399970384614392
1.87,0.9683710840071648
1.88,0.8961541188211193
1.89,0.8233916052672847
1.9,0.7501290057096437
1.91,0.6764117825121767
1.92,0.6022853980388694
1.93,0.5277953146537024
1.94,0.4529869947206602
1.95,0.3779059006037213
1.96,0.3025974946668739
1.97,0.2271072392740949
1.98,0.1514805967893673
1.99,0.0757630295766742
2.0,0.0
2.01,0.0
2.02,0.0
2.03,0.0
2.04,0.0
2.05,0.0
2.06,0.0
2.07,0.0
2.08,0.0
2.09,0.0
2.1,0.0
2.11,0.0
2.12,0.0
2.13,0.0
2.14,0.0
2.15,0.0
2.16,0.0
2.17,0.0
2.18,0.0
2.19,0.0
2.2,0.0
2.21,0.0
2.22,0.0
2.23,0.0
2.24,0.0
2.25,0.0
2.26,0.0
2.27,0.0
2.28,0.0
2.29,0.0
2.3,0.0
2.31,0.0
2.32,0.0
2.33,0.0
2.34,0.0
2.35,0.0
2.36,0.0
2.37,0.0
2.38,0.0
2.39,0.0
2.4,0.0
2.41,0.0
2.42,0.0
2.43,0.0
2.44,0.0
2.45,0.0
2.46,0.0
2.47,0.0
2.48,0.0
2.49,0.0
2.5,0.0
2.51,0.0
2.52,0.0
2.53,0.0
2.54,0.0
2.55,0.0
2.56,0.0
2.57,0.0
2.58,0.0
2.59,0.0
2.6,0.0
2.61,0.0
2.62,0.0
2.63,0.0
2.64,0.0
2.65,0.0
2.66,0.0
2.67,0.0
2.68,0.0
2.69,0.0
2.7,0.0
2.71,0.0
2.72,0.0
2.73,0.0
2.74,0.0
2.75,0.0
2.76,0.0
2.77,0.0
2.78,0.0
2.79,0.0
2.8,0.0
2.81,0.0
2.82,0.0
2.83,0.0
2.84,0.0
2.85,0.0
2.86,0.0
2.87,0.0
2.88,0.0
2.89,0.0
2.9,0.0
2.91,0.0
2.92,0.0
2.93,0.0
2.94,0.0
2.95,0.0
2.96,0.0
2.97,0.0
2.98,0.0
2.99,0.0
3.0,0.0
3.01,0.1538109461704679
3.02,0.3121478169192784
3.03,0.4749903004264938
3.04,0.6423180848722264
3.05,0.8141108584365386
3.06,0.9903483092995392
3.07,1.171010125641301
3.08,1.3560759956419297
3.09,1.5455256074814925
3.1,1.739338649340093
3.11,1.9374948093978064
3.12,2.1399737758347355
3.13,2.346755236830957
3.14,2.5578188805665656
3.15,2.773144395221636
3.16,2.992711468976285
3.17,3.2164997900105607
3.18,3.44448904650459
3.19,3.676658926638435
3.2,3.912989118592199
3.21,4.15345931054595
3.22,4.398049190679801
3.23,4.646738447173817
3.24,4.899506768208115
3.25,5.156333841962749
3.26,5.417199356617821
3.27,5.682083000353435
3.28,5.950964461349647
3.29,6.223823427786584
3.3,6.500639587844296
3.31,6.781392629702899
3.32,7.0660622415424585
3.33,7.354628111543085
3.34,7.647069927884843
3.35,7.943367378747851
3.36,8.243500152312158
3.37,8.547447936757889
3.38,8.855190420265107
3.39,9.166707291013918
3.4,9.481978237184386
3.41,9.800982946956628
3.42,10.123701108510708
3.43,10.450112410026737
3.44,10.780196539684768
3.45,11.113933185664935
3.46,11.45130203614728
3.47,11.792282779311934
3.48,12.136855103338942
3.49,12.484998696408432
3.5,12.83669324670046
3.51,13.191918442395124
3.52,13.550653971672531
3.53,13.91287952271274
3.54,14.278574783695866
3.55,14.647719442801971
3.56,15.020293188211166
3.57,15.396275708103529
3.58,15.775646690659146
3.59,16.158385824058094
3.6,16.5444727964805
3.61,16.933887296106395
3.62,17.326609011115917
3.63,17.722617629689125
3.64,18.12189284000613
3.65,18.524414330246987
3.66,18.93016178859182
3.67,19.33911490322069
3.68,19.751253362313705
3.69,20.166556854050928
3.7,20.58500506661248
3.71,21.00657768817841
3.72,21.43125440692885
3.73,21.85901491104385
3.74,22.28983888870353
3.75,22.72370602808794
3.76,23.16059601737719
3.77,23.60048854475139
3.78,24.04336329839059
3.79,24.4891999664749
3.8,24.937978237184385
3.81,25.38967779869918
3.82,25.84427833919931
3.83,26.301759546864915
3.84,26.762101109876053
3.85,27.225282716412835
3.86,27.69128405465532
3.87,28.16008481278363
3.88,28.631664678977813
3.89,29.106003341418
3.9,29.58308048828424
3.91,30.06287580775665
3.92,30.54536898801531
3.93,31.03053971724031
3.94,31.518367683611714
3.95,32.00883257530965
3.96,32.501914080514155
3.97,32.99759188740538
3.98,33.49584568416336
3.99,33.99665515896822
4.0,34.5
4.01,35.00586181160991
4.02,35.514229862833446
4.03,36.02509533887723
4.04,36.538449424947714
4.05,37.05428330625158
4.06,37.57258816799538
4.07,38.09335519538573
4.08,38.61657557362916
4.09,39.14224048793224
4.1,39.67034112350158
4.11,40.2008686655438
4.12,40.7338142992654
4.13,41.26916920987298
4.14,41.80692458257314
4.15,42.34707160257249
4.16,42.88960145507754
4.17,43.434505325294886
4.18,43.98177439843114
4.19,44.5313998596929
4.2,45.08337289428666
4.21,45.63768468741907
4.22,46.19432642429668
4.23,46.753289290126126
4.24,47.314564470113886
4.25,47.8781431494666
4.26,48.44401651339084
4.27,49.0121757470932
4.28,49.58261203578028
4.29,50.15531656465858
4.3,50.73028051893474
4.31,51.307495083815326
4.32,51.88695144450695
4.33,52.46864078621613
4.34,53.05255429414943
4.35,53.63868315351352
4.36,54.22701854951497
4.37,54.81755166736027
4.38,55.410273692256055
4.39,56.0051758094089
4.4,56.60224920402545
4.41,57.20148506131218
4.42,57.80287456647567
4.43,58.406408904722575
4.44,59.01207926125948
4.45,59.61987682129287
4.46,60.22979277002939
4.47,60.8418182926756
4.48,61.45594457443815
4.49,62.072162800523486
4.5,62.69046415613827
4.51,63.31083982648908
4.52,63.93328099678248
4.53,64.5577788522251
4.54,65.18432457802345
4.55,65.81290935938411
4.56,66.44352438151368
4.57,67.07616082961881
4.58,67.71080988890597
4.59,68.34746274458178
4.6,68.98611058185281
4.61,69.62674458592572
4.62,70.26935594200697
4.63,70.91393583530318
4.64,71.56047545102095
4.65,72.20896597436689
4.66,72.8593985905475
4.67,73.51176448476939
4.68,74.16605484223918
4.69,74.82226084816344
4.7,75.48037368774868
4.71,76.14038454620155
4.72,76.8022846087286
4.73,77.46606506053644
4.74,78.13171708683161
4.75,78.7992318728207
4.76,79.46860060371029
4.77,80.13981446470697
4.78,80.81286464101738
4.79,81.48774231784795
4.8,82.16443868040535
4.81,82.84294491389618
4.82,83.52325220352702
4.83,84.2053517345044
4.84,84.88923469203489
4.85,85.57489226132512
4.86,86.26231562758171
4.87,86.95149597601113
4.88,87.64242449182
4.89,88.33509236021492
4.9,89.0294907664025
4.91,89.72561089558921
4.92,90.42344393298173
4.93,91.12298106378664
4.94,91.82421347321048
4.95,92.5271323464598
4.96,93.23172886874124
4.97,93.93799422526132
4.98,94.64591960122677
4.99,95.35549618184396
5.0,96.06671515231956
5.01,96.77956769786016
5.02,97.49404500367234
5.03,98.21013825496274
5.04,98.9278386369378
5.05,99.6471373348042
5.06,100.36802553376847
5.07,101.09049441903728
5.08,101.8145351758171
5.09,102.54013898931451
5.1,103.26729704473615
5.11,103.99600052728866
5.12,104.72624062217848
5.13,105.45800851461222
5.14,106.1912953897965
5.15,106.92609243293798
5.16,107.66239082924304
5.17,108.4001817639184
5.18,109.1394564221706
5.19,109.88020598920627
5.2,110.62242165023191
5.21,111.36609459045415
5.22,112.11121599507952
5.23,112.85777704931472
5.24,113.60576893836618
5.25,114.35518284744052
5.26,115.1060099617444
5.27,115.8582414664843
5.28,116.61186854686692
5.29,117.36688238809867
5.3,118.12327417538629
5.31,118.88103509393623
5.32,119.64015632895524
5.33,120.40062906564974
5.34,121.1624444892263
5.35,121.92559378489156
5.36,122.69006813785222
5.37,123.45585873331466
5.38,124.22295675648552
5.39,124.99135339257138
5.4,125.76103982677895
5.41,126.5320072443146
5.42,127.30424683038504
5.43,128.0777497701968
5.44,128.85250724895653
5.45,129.62851045187068
5.46,130.40575056414593
5.47,131.18421877098882
5.48,131.96390625760606
5.49,132.74480420920403
5.5,133.52690381098932
5.51,134.31019624816864
5.52,135.09467270594854
5.53,135.8803243695356
5.54,136.66714242413633
5.55,137.45511805495732
5.56,138.24424244720518
5.57,139.0345067860866
5.58,139.82590225680795
5.59,140.6184200445759
5.6,141.4120513345971
5.61,142.20678731207806
5.62,143.00261916222536
5.63,143.79953807024555
5.64,144.59753522134528
5.65,145.39660180073116
5.66,146.1967289936096
5.67,146.99790798518737
5.68,147.8001299606709
5.69,148.60338610526688
5.7,149.40766760418182
5.71,150.21296564262232
5.72,151.01927140579497
5.73,151.8265760789064
5.74,152.63487084716306
5.75,153.4441468957716
5.76,154.2543954099386
5.77,155.06560757487068
5.78,155.87777457577445
5.79,156.69088759785632
5.8,157.504937826323
5.81,158.319916446381
5.82,159.135814643237
5.83,159.9526236020975
5.84,160.77033450816907
5.85,161.58893854665837
5.86,162.40842690277194
5.87,163.22879076171628
5.88,164.05002130869804
5.89,164.87210972892382
5.9,165.69504720760025
5.91,166.51882492993377
5.92,167.34343408113097
5.93,168.16886584639852
5.94,168.99511141094305
5.95,169.82216195997097
5.96,170.65000867868895
5.97,171.4786427523036
5.98,172.30805536602148
5.99,173.13823770504908
6.0,173.96918095459307
6.01,174.80087629986002
6.02,175.63331492605647
6.03,176.46648801838913
6.04,177.3003867620644
6.05,178.13500234228894
6.06,178.9703259442693
6.07,179.80634875321223
6.08,180.64306195432408
6.09,181.48045673281143
6.1,182.31852427388108
6.11,183.15725576273945
6.12,183.9966423845932
6.13,184.83667532464872
6.14,185.6773457681128
6.15,186.51864490019196
6.16,187.3605639060927
6.17,188.20309397102167
6.18,189.0462262801855
6.19,189.88995201879072
6.2,190.73426237204387
6.21,191.5791485251515
6.22,192.4246016633204
6.23,193.27061297175692
6.24,194.1171736356677
6.25,194.96427484025935
6.26,195.8119077707385
6.27,196.6600636123116
6.28,197.50873355018533
6.29,198.35790876956625
6.3,199.2075804556609
6.31,200.0577397936759
6.32,200.90837796881783
6.33,201.75948616629324
6.34,202.61105557130875
6.35,203.4630773690709
6.36,204.31554274478637
6.37,205.1684428836616
6.38,206.02176897090317
6.39,206.8755121917177
6.4,207.7296637313119
6.41,208.58421477489213
6.42,209.4391565076651
6.43,210.2944801148373
6.44,211.15017678161556
6.45,212.00623769320612
6.46,212.86265403481576
6.47,213.71941699165097
6.48,214.5765177489185
6.49,215.43394749182468
6.5,216.29169740557617
6.51,217.1497586753797
6.52,218.00812248644164
6.53,218.8667800239688
6.54,219.7257224731676
6.55,220.5849410192445
6.56,221.4444268474064
6.57,222.3041711428596
6.58,223.16416509081083
6.59,224.0243998764666
6.6,224.8848666850335
6.61,225.74555670171824
6.62,226.6064611117272
6.63,227.46757110026704
6.64,228.32887785254437
6.65,229.1903725537658
6.66,230.05204638913776
6.67,230.9138905438669
6.68,231.77589620315987
6.69,232.6380545522233
6.7,233.50035677626352
6.71,234.3627940604873
6.72,235.2253575901012
6.73,236.08803855031175
6.74,236.9508281263257
6.75,237.81371750334924
6.76,238.67669786658945
6.77,239.5397604012525
6.78,240.4028962925452
6.79,241.26609672567395
6.8,242.1293528858455
6.81,242.9926559582664
6.82,243.85599712814323
6.83,244.71936758068244
6.84,245.5827585010908
6.85,246.4461610745747
6.86,247.30956648634088
6.87,248.17296592159587
6.88,249.0363505655461
6.89,249.8997116033984
6.9,250.76304022035927
6.91,251.6263276016352
6.92,252.4895649324328
6.93,253.35274339795865
6.94,254.21585418341948
6.95,255.07888847402165
6.96,255.9418374549718
6.97,256.8046923114766
6.98,257.66744422874257
6.99,258.5300843919763
7.0,259.39260398638424
7.01,260.2549941971732
7.02,261.11724620954953
7.03,261.97935120872006
7.04,262.8413003798912
7.05,263.70308490826955
7.06,264.5646959790617
7.07,265.4261247774743
7.08,266.2873624887138
7.09,267.1484002979868
7.1,268.0092293905
7.11,268.86984095145993
7.12,269.7302261660731
7.13,270.59037621954616
7.14,271.45028229708555
7.15,272.3099355838981
7.16,273.1693272651902
7.17,274.0284485261685
7.18,274.8872905520396
7.19,275.7458445280099
7.2,276.60410163928617
7.21,277.462053071075
7.22,278.3196900085829
7.23,279.17700363701647
7.24,280.0339851415822
7.25,280.89062570748683
7.26,281.74691651993675
7.27,282.60284876413874
7.28,283.4584136252993
7.29,284.3136022886249
7.3,285.16840593932227
7.31,286.022815762598
7.32,286.87682294365857
7.33,287.7304186677105
7.34,288.5835941199606
7.35,289.4363404856152
7.36,290.28864894988106
7.37,291.14051069796466
7.38,291.99191691507264
7.39,292.84285878641145
7.4,293.693327497188
7.41,294.5433142326085
7.42,295.3928101778796
7.43,296.241806518208
7.44,297.0902944388003
7.45,297.93826512486294
7.46,298.7857097616025
7.47,299.6326195342258
7.48,300.47898562793915
7.49,301.32479922794926
7.5,302.1700515194626
7.51,303.01473368768586
7.52,303.8588369178256
7.53,304.7023523950885
7.54,305.5452713046808
7.55,306.3875848318094
7.56,307.2292841616809
7.57,308.07036047950174
7.58,308.91080497047835
7.59,309.7506088198176
7.6,310.58976321272587
7.61,311.42825933441
7.62,312.26608837007626
7.63,313.1032415049313
7.64,313.9397099241819
7.65,314.7754848130345
7.66,315.61055735669555
7.67,316.4449187403718
7.68,317.2785601492698
7.69,318.1114727685963
7.7,318.9436477835574
7.71,319.7750763793601
7.72,320.6057497412109
7.73,321.43565905431643
7.74,322.2647955038829
7.75,323.09315027511747
7.76,323.92071455322616
7.77,324.7474795234159
7.78,325.5734363708932
7.79,326.39857628086463
7.8,327.22289043853664
7.81,328.046370029116
7.82,328.86900623780934
7.83,329.690790249823
7.84,330.5117132503636
7.85,331.33176642463786
7.86,332.1509409578523
7.87,332.96922803521346
7.88,333.78661884192803
7.89,334.60310456320235
7.9,335.4186763842433
7.91,336.2333254902573
7.92,337.0470430664509
7.93,337.8598202980308
7.94,338.67164837020346
7.95,339.48251846817544
7.96,340.29242177715355
7.97,341.10134948234395
7.98,341.90929276895383
7.99,342.71624282218914
8.0,343.5221908272568
8.01,344.3271279693634
8.02,345.13104543371526
8.03,345.9339344055193
8.04,346.7357860699819
8.05,347.5365916123098
8.06,348.33634221770933
8.07,349.1350290713872
8.08,349.9326433585501
8.09,350.72917626440426
8.1,351.5246189741567
8.11,352.31896267301374
8.12,353.112198546182
8.13,353.9043177788683
8.14,354.6953115562788
8.15,355.4851710636203
8.16,356.2738874860993
8.17,357.0614520089224
8.18,357.8478558172964
8.19,358.6330900964276
8.2,359.41714603152263
8.21,360.20001480778825
8.22,360.98168761043087
8.23,361.762155624657
8.24,362.54141003567344
8.25,363.3194420286865
8.26,364.0962427889031
8.27,364.8718035015295
8.28,365.6461153517725
8.29,366.4191695248384
8.3,367.19095720593424
8.31,367.96146958026617
8.32,368.730697833041
8.33,369.49863314946526
8.34,370.2652667147455
8.35,371.03058971408814
8.36,371.79459333270006
8.37,372.5572687557877
8.38,373.3186071685578
8.39,374.0785997562166
8.4,374.8372377039709
8.41,375.5945121970272
8.42,376.3504144205922
8.43,377.1049355598725
8.44,377.8580668000744
8.45,378.6097993264047
8.46,379.36012432407006
8.47,380.109032978277
8.48,380.8565164742318
8.49,381.60256599714137
8.5,382.3471727322122
8.51,383.09032786465104
8.52,383.832022579664
8.53,384.57224806245824
8.54,385.3109954982399
8.55,386.0482560722159
8.56,386.7840209695924
8.57,387.5182813755764
8.58,388.2510284753743
8.59,388.9822534541926
8.6,389.71194749723793
8.61,390.4401017897169
8.62,391.166707516836
8.63,391.8917558638023
8.64,392.6152380158216
8.65,393.33714515810095
8.66,394.05746847584686
8.67,394.7761991542659
8.68,395.4933283785645
8.69,396.2088473339496
8.7,396.9227472056273
8.71,397.6350191788047
8.72,398.3456544386879
8.73,399.0546441704839
8.74,399.7619795593989
8.75,400.4676517906397
8.76,401.1716520494128
8.77,401.8739715209249
8.78,402.5746013903823
8.79,403.273532842992
8.8,403.9707570639604
8.81,404.66626523849374
8.82,405.360048551799
8.83,406.0520981890828
8.84,406.7424053355513
8.85,407.43096117641153
8.86,408.1177568968699
8.87,408.80278368213294
8.88,409.48603271740734
8.89,410.1674951878994
8.9,410.84716227881614
8.91,411.5250251753638
8.92,412.201075062749
8.93,412.8753031261785
8.94,413.54770055085874
8.95,414.2182585219962
8.96,414.8869682247978
8.97,415.5538208444697
8.98,416.2188075662188
8.99,416.8819195752515
9.0,417.5431480567745
9.01,418.2024841959943
9.02,418.8599191781174
9.03,419.5154441883505
9.04,420.1690504119003
9.05,420.8207290339733
9.06,421.4704712397759
9.07,422.1182682145147
9.08,422.7641111433964
9.09,423.40799121162775
9.1,424.04989960441486
9.11,424.6898275069648
9.12,425.3277661044838
9.13,425.9637065821787
9.14,426.5976401252559
9.15,427.22955791892207
9.16,427.85945114838376
9.17,428.48731099884736
9.18,429.1131286555197
9.19,429.7368953036075
9.2,430.3586021283169
9.21,430.9782403148549
9.22,431.5958010484279
9.23,432.2112755142423
9.24,432.82465489750496
9.25,433.4359303834223
9.26,434.045093157201
9.27,434.6521344040475
9.28,435.25704530916846
9.29,435.85981705777056
9.3,436.4604408350604
9.31,437.05890782624425
9.32,437.655209216529
9.33,438.2493361911211
9.34,438.84127993522696
9.35,439.4310316340536
9.36,440.0185824728072
9.37,440.6039236366945
9.38,441.1870463109223
9.39,441.7679416806966
9.4,442.3466009312245
9.41,442.9230152477122
9.42,443.4971758153668
9.43,444.0690738193943
9.44,444.6387004450017
9.45,445.20604687739535
9.46,445.771104301782
9.47,446.33386390336807
9.48,446.8943168673602
9.49,447.45245437896494
9.5,448.00826762338886
9.51,448.5617477858386
9.52,449.1128860515207
9.53,449.6616736056419
9.54,450.20810163340855
9.55,450.7521613200274
9.56,451.2938438507048
9.57,451.8331404106476
9.58,452.3700421850622
9.59,452.9045403591552
9.6,453.4366261181332
9.61,453.9662906472027
9.62,454.49352513157066
9.63,455.01832075644336
9.64,455.5406687070271
9.65,456.060560168529
9.66,456.57798632615527
9.67,457.0929383651127
9.68,457.6054074706077
9.69,458.1153848278469
9.7,458.622861622037
9.71,459.1278290383847
9.72,459.6302782620959
9.73,460.130200478378
9.74,460.62758687243706
9.75,461.1224286294799
9.76,461.614716934713
9.77,462.1044429733429
9.78,462.5915979305764
9.79,463.0761729916197
9.8,463.5581593416799
9.81,464.0375481659632
9.82,464.51433064967614
9.83,464.9884979780255
9.84,465.4600413362177
9.85,465.9289519094596
9.86,466.39522088295735
9.87,466.8588394419179
9.88,467.31979877154777
9.89,467.7780900570533
9.9,468.2337044836414
9.91,468.68663323651833
9.92,469.13686750089096
9.93,469.5843984619656
9.94,470.0292173049489
9.95,470.4713152150477
9.96,470.9106833774682
9.97,471.3473129774173
9.98,471.78119520010137
9.99,472.21232123072696
10.0,472.640682254501
10.01,473.0662694566297
10.02,473.4890740223197
10.03,473.9090871367776
10.04,474.3262999852101
10.05,474.7407037528237
10.06,475.152289624825
10.07,475.5610487864204
10.08,475.9669724228168
10.09,476.37005171922056
10.1,476.7702778608382
10.11,477.16764203287664
10.12,477.56213542054206
10.13,477.95374920904135
10.14,478.3424745835809
10.15,478.7283027293672
10.16,479.1112248316071
10.17,479.491232075507
10.18,479.8683156462736
10.19,480.2424667291133
10.2,480.61367650923296
10.21,480.9819361718389
10.22,481.34723690213775
10.23,481.7095698853361
10.24,482.0689263066406
10.25,482.4252973512578
10.26,482.7786742043943
10.27,483.1290480512565
10.28,483.4764100770512
10.29,483.820751466985
10.3,484.1620634062645
10.31,484.5003370800959
10.32,484.83556367368607
10.33,485.1677343722417
10.34,485.49684036096914
10.35,485.822872825075
10.36,486.14582294976606
10.37,486.4656819202486
10.38,486.7824409217296
10.39,487.0960911394153
10.4,487.4066237585122
10.41,487.7140299642273
10.42,488.0183009417669
10.43,488.3194278763375
10.44,488.6174019531458
10.45,488.9122143573984
10.46,489.2038562743021
10.47,489.492318889063
10.48,489.777593386888
10.49,490.0596709529835
10.5,490.33854277255614
10.51,490.61420003081264
10.52,490.8866339129594
10.53,491.1558356042031
10.54,491.4217962897504
10.55,491.6845071548077
10.56,491.94395938458166
10.57,492.20014416427887
10.58,492.4530526791059
10.59,492.70267611426914
10.6,492.9490056549756
10.61,493.19203248643146
10.62,493.4317477938436
10.63,493.6681427624183
10.64,493.9012085773624
10.65,494.1309364238823
10.66,494.35731748718456
10.67,494.580342952476
10.68,494.800004004963
10.69,495.0162918298522
10.7,495.22919761235016
10.71,495.4387125376634
10.72,495.64482779099865
10.73,495.8475345575624
10.74,496.0468240225612
10.75,496.24268737120167
10.76,496.4351157886904
10.77,496.624100460234
10.78,496.8096325710389
10.79,496.9917033063118
10.8,497.1703038512593
10.81,497.34542539108793
10.82,497.5170591110044
10.83,497.6851961962149
10.84,497.8498278319265
10.85,498.0109452033455
10.86,498.1685394956786
10.87,498.3226018941322
10.88,498.4731235839131
10.89,498.6200957502277
10.9,498.7635095782828
10.91,498.90335625328464
10.92,499.0396269604401
10.93,499.17231288495566
10.94,499.301405212038
10.95,499.4268951268933
10.96,499.5487738147288
10.97,499.6670324607505
10.98,499.78166225016525
10.99,499.89265436817954
11.0,500.0
11.01,500.1036995245253
11.02,500.20379009542273
11.03,500.3003180600516
11.04,500.3933297657711
11.05,500.4828715599408
11.06,500.5689897899199
11.07,500.651730803068
11.08,500.7311409467439
11.09,500.80726656830734
11.1,500.88015401511774
11.11,500.9498496345344
11.12,501.01639977391625
11.13,501.0798507806232
11.14,501.1402490020141
11.15,501.1976407854487
11.16,501.25207247828615
11.17,501.3035904278858
11.18,501.3522409816069
11.19,501.39807048680905
11.2,501.44112529085135
11.21,501.4814517410934
11.22,501.5190961848943
11.23,501.5541049696133
11.24,501.5865244426101
11.25,501.6164009512438
11.26,501.6437808428738
11.27,501.6687104648594
11.28,501.69123616456
11.29,501.71140428933495
11.3,501.7292611865436
11.31,501.7448532035451
11.32,501.7582266876992
11.33,501.76942798636486
11.34,501.7785034469014
11.35,501.7854994166686
11.36,501.7904622430255
11.37,501.7934382733312
11.38,501.7944738549456
11.39,501.7936153352276
11.4,501.7909090615368
11.41,501.78640138123234
11.42,501.7801386416736
11.43,501.77216719022016
11.44,501.7625333742311
11.45,501.7512835410658
11.46,501.7384640380837
11.47,501.7241212126439
11.48,501.7083014121062
11.49,501.6910509838296
11.5,501.6724162751735
11.51,501.6524436334972
11.52,501.6311794061602
11.53,501.6086699405216
11.54,501.5849615839412
11.55,501.5601006837777
11.56,501.5341335873909
11.57,501.5071066421401
11.58,501.47906619538446
11.59,501.4500585944834
11.6,501.4201301867964
11.61,501.3893273196826
11.62,501.3576963405014
11.63,501.32528359661217
11.64,501.2921354353744
11.65,501.258298204147
11.66,501.22381825029
11.67,501.1887419211621
11.68,501.1531155641228
11.69,501.11698552653166
11.7,501.08039815574784
11.71,501.0433997991307
11.72,501.00603680403975
11.73,500.9683555178341
11.74,500.9304022878733
11.75,500.8922234615165
11.76,500.8538653861231
11.77,500.8153744090524
11.78,500.7767968776639
11.79,500.7381791393169
11.8,500.6995675413706
11.81,500.6610084311844
11.82,500.62254815611794
11.83,500.58423306353
11.84,500.5461095007804
11.85,500.5082238152283
11.86,500.47062235423294
11.87,500.4333514651539
11.88,500.3964574953503
11.89,500.3599867921816
11.9,500.3239857030071
11.91,500.2885005751863
11.92,500.25357775607824
11.93,500.21926359304257
11.94,500.1856044334384
11.95,500.1526466246252
11.96,500.12043651396215
11.97,500.0890204488088
11.98,500.0584447765244
11.99,500.0287558444685
12.0,500.0
12.01,499.9722137961292
12.02,499.9453946084678
12.03,499.9195300182784
12.04,499.8946076068236
12.05,499.87061495536585
12.06,499.8475396451678
12.07,499.8253692574917
12.08,499.8040913736005
12.09,499.7836935747564
12.1,499.7641634422218
12.11,499.7454885572596
12.12,499.7276565011322
12.13,499.710654855102
12.14,499.69447120043145
12.15,499.6790931183834
12.16,499.6645081902201
12.17,499.6507039972042
12.18,499.63766812059816
12.19,499.6253881416646
12.2,499.6138516416658
12.21,499.60304620186463
12.22,499.59295940352337
12.23,499.5835788279046
12.24,499.5748920562708
12.25,499.5668866698845
12.26,499.5595502500085
12.27,499.552870377905
12.28,499.5468346348365
12.29,499.5414306020657
12.3,499.5366458608552
12.31,499.5324679924673
12.32,499.5288845781645
12.33,499.52588319920943
12.34,499.5234514368648
12.35,499.5215768723928
12.36,499.5202470870561
12.37,499.5194496621172
12.38,499.51917217883874
12.39,499.5194022184831
12.4,499.520127362313
12.41,499.52133519159065
12.42,499.52301328757886
12.43,499.5251492315399
12.44,499.5277306047366
12.45,499.530744988431
12.46,499.53417996388623
12.47,499.5380231123645
12.48,499.5422620151281
12.49,499.54688425344006
12.5,499.5518774085626
12.51,499.5572290617582
12.52,499.5629267942895
12.53,499.568958187419
12.54,499.5753108224093
12.55,499.5819722805229
12.56,499.5889301430221
12.57,499.5961719911697
12.58,499.6036854062279
12.59,499.6114579694596
12.6,499.6194772621272
12.61,499.62773086549305
12.62,499.6362063608199
12.63,499.6448913293701
12.64,499.6537733524064
12.65,499.6628400111911
12.66,499.6720788869868
12.67,499.681477561056
12.68,499.6910236146613
12.69,499.70070462906506
12.7,499.71050818553
12.71,499.7204218653185
12.72,499.7304332496932
12.73,499.7405299199165
12.74,499.750699457251
12.75,499.76092944295925
12.76,499.7712074583037
12.77,499.78152108454697
12.78,499.7918579029514
12.79,499.8022054947796
12.8,499.8125514412943
12.81,499.8228833237577
12.82,499.8331887234325
12.83,499.8434552215812
12.84,499.85367039946647
12.85,499.8638218383505
12.86,499.873897119496
12.87,499.8838838241655
12.88,499.8937695336216
12.89,499.90354182912654
12.9,499.9131882919432
12.91,499.9226965033338
12.92,499.9320540445612
12.93,499.9412484968877
12.94,499.95026744157576
12.95,499.9590984598879
12.96,499.9677291330868
12.97,499.976147042435
12.98,499.9843397691949
12.99,499.992294894629
13.0,500.0
13.01,500.0074452909582
13.02,500.0146314707064
13.03,500.021561866835
13.04,500.0282398069345
13.05,500.0346686185957
13.06,500.0408516294091
13.07,500.0467921669651
13.08,500.0524935588543
13.09,500.0579591326673
13.1,500.0631922159948
13.11,500.0681961364272
13.12,500.0729742215552
13.13,500.0775297989692
13.14,500.0818661962599
13.15,500.08598674101785
13.16,500.0898947608336
13.17,500.09359358329743
13.18,500.0970865360004
13.19,500.1003769465328
13.2,500.1034681424853
13.21,500.10636345144826
13.22,500.10906620101247
13.23,500.1115797187685
13.24,500.1139073323067
13.25,500.11605236921775
13.26,500.1180181570924
13.27,500.1198080235208
13.28,500.1214252960939
13.29,500.12287330240207
13.3,500.124155370036
13.31,500.125274826586
13.32,500.12623499964303
13.33,500.1270392167973
13.34,500.1276908056396
13.35,500.12819309376033
13.36,500.1285494087501
13.37,500.1287630781996
13.38,500.1288374296992
13.39,500.12877579083965
13.4,500.1285814892115
13.41,500.1282578524051
13.42,500.1278082080112
13.43,500.1272358836204
13.44,500.1265442068231
13.45,500.12573650520994
13.46,500.1248161063714
13.47,500.1237863378983
13.48,500.122650527381
13.49,500.1214120024102
13.5,500.12007409057617
13.51,500.1186401194699
13.52,500.1171134166816
13.53,500.115497309802
13.54,500.1137951264217
13.55,500.11201019413113
13.56,500.1101458405209
13.57,500.1082053931816
13.58,500.1061921797038
13.59,500.1041095276781
13.6,500.10196076469504
13.61,500.099749218345
13.62,500.0974782162188
13.63,500.0951510859069
13.64,500.092771155
13.65,500.0903417510885
13.66,500.087866201763
13.67,500.085347834614
13.68,500.08278997723215
13.69,500.080195957208
13.7,500.07756910213214
13.71,500.0749127395951
13.72,500.0722301971874
13.73,500.06952480249976
13.74,500.06679988312266
13.75,500.06405876664655
13.76,500.0613047806621
13.77,500.05854125276
13.78,500.0557715105305
13.79,500.0529988815644
13.8,500.0502266934523
13.81,500.0474582737846
13.82,500.044696950152
13.83,500.0419460501449
13.84,500.0392089013541
13.85,500.03648883137
13.86,500.0337891677831
13.87,500.03111323818416
13.88,500.0284643701637
13.89,500.025845891312
13.9,500.02326112922
13.91,500.0207134114781
13.92,500.018206065677
13.93,500.0157424194072
13.94,500.013325800259
13.95,500.0109595358233
13.96,500.0086469536904
13.97,500.0063913814511
13.98,500.0041961466959
13.99,500.0020645770153
14.0,500.0
14.01,499.9980050400378
14.02,499.9960795087066
14.03,499.9942225143817
14.04,499.99243316543806
14.05,499.9907105702512
14.06,499.98905383719614
14.07,499.9874620746482
14.08,499.9859343909824
14.09,499.9844698945742
14.1,499.9830676937988
14.11,499.9817268970313
14.12,499.98044661264703
14.13,499.9792259490211
14.14,499.9780640145288
14.15,499.9769599175453
14.16,499.975912766446
14.17,499.9749216696058
14.18,499.9739857354001
14.19,499.973104072204
14.2,499.972275788393
14.21,499.971499992342
14.22,499.9707757924265
14.23,499.9701022970215
14.24,499.9694786145023
14.25,499.968903853244
14.26,499.9683771216221
14.27,499.9678975280116
14.28,499.9674641807877
14.29,499.9670761883257
14.3,499.9667326590009
14.31,499.9664327011884
14.32,499.9661754232634
14.33,499.9659599336012
14.34,499.9657853405769
14.35,499.96565075256586
14.36,499.9655552779432
14.37,499.9654980250841
14.38,499.965478102364
14.39,499.965494618158
14.4,499.9655466808412
14.41,499.9656333987888
14.42,499.9657538803763
14.43,499.9659072339788
14.44,499.9660925679713
14.45,499.9663089907292
14.46,499.9665556106278
14.47,499.9668315360421
14.48,499.9671358753475
14.49,499.9674677369191
14.5,499.9678262291322
14.51,499.9682104603621
14.52,499.96861953898383
14.53,499.9690525733727
14.54,499.969508671904
14.55,499.9699869429528
14.56,499.9704864948943
14.57,499.97100643610383
14.58,499.97154587495663
14.59,499.9721039198279
14.6,499.9726796790928
14.61,499.97327226112657
14.62,499.9738807743044
14.63,499.9745043270016
14.64,499.9751420275935
14.65,499.9757929844549
14.66,499.9764563059613
14.67,499.97713110048807
14.68,499.97781647641
14.69,499.9785115421027
14.7,499.9792154059413
14.71,499.97992717630086
14.72,499.9806459615567
14.73,499.9813708700841
14.74,499.9821010102583
14.75,499.9828354904543
14.76,499.98357341904745
14.77,499.9843139044131
14.78,499.9850560549262
14.79,499.98579897896224
14.8,499.9865417848963
14.81,499.9872835811035
14.82,499.9880234759593
14.83,499.9887605778387
14.84,499.98949399511713
14.85,499.9902228361695
14.86,499.99094620937126
14.87,499.9916632230977
14.88,499.9923729857238
14.89,499.99307460562494
14.9,499.9937671911763
14.91,499.99444985075314
14.92,499.9951216927306
14.93,499.995781825484
14.94,499.9964293573884
14.95,499.99706339681904
14.96,499.9976830521513
14.97,499.9982874317603
14.98,499.99887564402127
14.99,499.9994467973094
15.0,500.0
15.01,500.0005345488904
15.02,500.001050494467
15.03,500.0015480756383
15.04,500.002027531313
15.05,500.0024891003994
15.06,500.0029330218064
15.07,500.0033595344423
15.08,500.00376887721575
15.09,500.0041612890353
15.1,500.0045370088095
15.11,500.004896275447
15.12,500.0052393278564
15.13,500.005566404946
15.14,500.0058777456245
15.15,500.0061735888006
15.16,500.00645417338274
15.17,500.00671973827934
15.18,500.0069705223992
15.19,500.0072067646506
15.2,500.0074287039425
15.21,500.0076365791832
15.22,500.0078306292813
15.23,500.0080110931453
15.24,500.008178209684
15.25,500.0083322178057
15.26,500.0084733564191
15.27,500.0086018644326
15.28,500.0087179807549
15.29,500.0088219442946
15.3,500.0089139939602
15.31,500.0089943686602
15.32,500.0090633073033
15.33,500.009121048798
15.34,500.0091678320527
15.35,500.00920389597616
15.36,500.0092294794769
15.37,500.0092448214634
15.38,500.0092501608444
15.39,500.0092457365283
15.4,500.0092317874238
15.41,500.0092085524393
15.42,500.00917627048335
15.43,500.0091351804647
15.44,500.0090855212918
15.45,500.0090275318732
15.46,500.00896145111744
15.47,500.0088875179331
15.48,500.0088059712288
15.49,500.0087170499131
15.5,500.0086209928944
15.51,500.0085180390816
15.52,500.0084084273829
15.53,500.0082923967071
15.54,500.0081701859625
15.55,500.008042034058
15.56,500.0079081799019
15.57,500.0077688624029
15.58,500.0076243204695
15.59,500.0074747930102
15.6,500.00732051893374
15.61,500.00716173714846
15.62,500.0069986865631
15.63,500.00683160608617
15.64,500.0066607346263
15.65,500.0064863110919
15.66,500.00630857439154
15.67,500.0061277634339
15.68,500.0059441171275
15.69,500.0057578743808
15.7,500.0055692741026
15.71,500.0053785552012
15.72,500.0051859565853
15.73,500.0049917171634
15.74,500.0047960758441
15.75,500.004599271536
15.76,500.0044015431477
15.77,500.0042031295875
15.78,500.0040042697642
15.79,500.0038052025863
15.8,500.00360616696247
15.81,500.003407401801
15.82,500.0032091460107
15.83,500.0030116385
15.84,500.0028151181776
15.85,500.0026198239518
15.86,500.0024259947314
15.87,500.0022338694249
15.88,500.00204368694097
15.89,500.0018556861879
15.9,500.0016701060744
15.91,500.0014871855091
15.92,500.00130716340055
15.93,500.0011302786572
15.94,500.00095677018766
15.95,500.0007868769005
15.96,500.0006208377042
15.97,500.0004588915076
15.98,500.00030127721885
15.99,500.0001482337468
16.0,500.0
16.01,499.9998567644005
16.02,499.9997185134254
16.03,499.99958518306505
16.04,499.9994567093101
16.05,499.9993330281511
16.06,499.9992140755784
16.07,499.99909978758274
16.08,499.9989901001545
16.09,499.99888494928433
16.1,499.99878427096286
16.11,499.9986880011803
16.12,499.9985960759276
16.13,499.9985084311949
16.14,499.99842500297297
16.15,499.99834572725234
16.16,499.9982705400235
16.17,499.9981993772769
16.18,499.9981321750033
16.19,499.9980688691931
16.2,499.9980093958369
16.21,499.9979536909249
16.22,499.9979016904481
16.23,499.9978533303968
16.24,499.9978085467616
16.25,499.997767275533
16.26,499.9977294527016
16.27,499.99769501425794
16.28,499.9976638961924
16.29,499.9976360344957
16.3,499.9976113651583
16.31,499.9975898241708
16.32,499.9975713475236
16.33,499.9975558712072
16.34,499.9975433312124
16.35,499.9975336635296
16.36,499.9975268041492
16.37,499.9975226890618
16.38,499.99752125425823
16.39,499.9975224357286
16.4,499.9975261694639
16.41,499.9975323914542
16.42,499.99754103769016
16.43,499.99755204416255
16.44,499.9975653468617
16.45,499.99758088177816
16.46,499.9975985849026
16.47,499.99761839222526
16.48,499.9976402397372
16.49,499.9976640634285
16.5,499.9976897992897
16.51,499.9977173833116
16.52,499.99774675148456
16.53,499.9977778397992
16.54,499.997810584246
16.55,499.9978449208155
16.56,499.9978807854982
16.57,499.9979181142848
16.58,499.9979568431656
16.59,499.99799690813137
16.6,499.9980382451725
16.61,499.9980807902795
16.62,499.998124479443
16.63,499.9981692486536
16.64,499.99821503390166
16.65,499.99826177117785
16.66,499.9983093964726
16.67,499.9983578457764
16.68,499.99840705508007
16.69,499.9984569603739
16.7,499.9985074976485
16.71,499.9985586028943
16.72,499.9986102121021
16.73,499.9986622612621
16.74,499.9987146863651
16.75,499.9987674234016
16.76,499.9988204083619
16.77,499.9988735772369
16.78,499.9989268660168
16.79,499.9989802106924
16.8,499.9990335472541
16.81,499.9990868116924
16.82,499.999139939998
16.83,499.9991928681612
16.84,499.9992455321729
16.85,499.9992978680232
16.86,499.9993498117028
16.87,499.9994012992025
16.88,499.9994522665125
16.89,499.9995026496233
16.9,499.9995523845259
16.91,499.9996014072102
16.92,499.9996496536673
16.93,499.99969705988747
16.94,499.9997435618613
16.95,499.9997890955791
16.96,499.9998335970317
16.97,499.99987700220953
16.98,499.99991924710326
16.99,499.9999602677032
17.0,500.0
17.01,500.00003839350734
17.02,500.0000754518314
17.03,500.0001111921013
17.04,500.0001456314466
17.05,500.0001787869965
17.06,500.0002106758803
17.07,500.000241315227
17.08,500.0002707221663
17.09,500.0002989138272
17.1,500.00032590733935
17.11,500.00035171983154
17.12,500.0003763684336
17.13,500.00039987027446
17.14,500.0004222424834
17.15,500.0004435021901
17.16,500.0004636665235
17.17,500.0004827526128
17.18,500.0005007775876
17.19,500.000517758577
17.2,500.0005337127105
17.21,500.0005486571172
17.22,500.0005626089264
17.23,500.00057558526737
17.24,500.0005876032696
17.25,500.00059868006207
17.26,500.0006088327745
17.27,500.00061807853575
17.28,500.0006264344754
17.29,500.00063391772267
17.3,500.0006405454068
17.31,500.0006463346571
17.32,500.0006513026028
17.33,500.0006554663733
17.34,500.000658843098
17.35,500.0006614499059
17.36,500.0006633039264
17.37,500.000664422289
17.38,500.0006648221228
17.39,500.00066452055705
17.4,500.0006635347211
17.41,500.0006618817443
17.42,500.000659578756
17.43,500.0006566428853
17.44,500.0006530912616
17.45,500.0006489410143
17.46,500.0006442092724
17.47,500.00063891316535
17.48,500.0006330698226
17.49,500.0006266963733
17.5,500.0006198099466
17.51,500.00061242767225
17.52,500.0006045666789
17.53,500.0005962440963
17.54,500.0005874770538
17.55,500.0005782826803
17.56,500.00056867810537
17.57,500.0005586804583
17.58,500.00054830686815
17.59,500.0005375744645
17.6,500.0005265003766
17.61,500.0005151017335
17.62,500.0005033956649
17.63,500.0004913992997
17.64,500.00047912976737
17.65,500.0004666041972
17.66,500.0004538397185
17.67,500.0004408534605
17.68,500.0004276625525
17.69,500.0004142841238
17.7,500.0004007353039
17.71,500.0003870332216
17.72,500.0003731950066
17.73,500.00035923778825
17.74,500.0003451786956
17.75,500.00033103485794
17.76,500.0003168234047
17.77,500.0003025614652
17.78,500.00028826616847
17.79,500.0002739546442
17.8,500.0002596440214
17.81,500.0002453514294
17.82,500.0002310939976
17.83,500.0002168888551
17.84,500.0002027531313
17.85,500.0001887039557
17.86,500.0001747584572
17.87,500.0001609337654
17.88,500.0001472470095
17.89,500.00013371531867
17.9,500.0001203558225
17.91,500.0001071856499
17.92,500.0000942219305
17.93,500.00008148179336
17.94,500.0000689823679
17.95,500.00005674078335
17.96,500.0000447741691
17.97,500.00003309965433
17.98,500.0000217343684
17.99,500.0000106954405
18.0,500.0
18.01,499.9999896615701
18.02,499.9999796792493
18.03,499.9999700485296
18.04,499.9999607649035
18.05,499.9999518238633
18.06,499.9999432209013
18.07,499.99993495150966
18.08,499.9999270111808
18.09,499.9999193954068
18.1,499.99991209968033
18.11,499.9999051194934
18.12,499.9998984503384
18.13,499.9998920877076
18.14,499.9998860270931
18.15,499.9998802639877
18.16,499.9998747938831
18.17,499.9998696122721
18.18,499.9998647146465
18.19,499.9998600964989
18.2,499.9998557533215
18.21,499.9998516806068
18.22,499.9998478738468
18.23,499.99984432853387
18.24,499.9998410401604
18.25,499.9998380042185
18.26,499.9998352162007
18.27,499.9998326715992
18.28,499.9998303659061
18.29,499.999828294614
18.3,499.999826453215
18.31,499.9998248372013
18.32,499.9998234420656
18.33,499.9998222632998
18.34,499.99982129639625
18.35,499.99982053684727
18.36,499.9998199801453
18.37,499.9998196217825
18.38,499.9998194572511
18.39,499.9998194820435
18.4,499.9998196916519
18.41,499.9998200815688
18.42,499.99982064728624
18.43,499.9998213842965
18.44,499.9998222880922
18.45,499.9998233541653
18.46,499.99982457800826
18.47,499.9998259551132
18.48,499.9998274809725
18.49,499.9998291510786
18.5,499.9998309609236
18.51,499.999832906
18.52,499.9998349817999
18.53,499.9998371838156
18.54,499.9998395075394
18.55,499.9998419484636
18.56,499.99984450208063
18.57,499.9998471638826
18.58,499.999849929362
18.59,499.99985279401074
18.6,499.9998557533216
18.61,499.9998588027864
18.62,499.999861937898
18.63,499.9998651541481
18.64,499.9998684470292
18.65,499.9998718120338
18.66,499.999875244654
18.67,499.9998787403821
18.68,499.9998822947104
18.69,499.9998859031312
18.7,499.9998895611368
18.71,499.99989326421945
18.72,499.99989700787165
18.73,499.9999007875854
18.74,499.999904598853
18.75,499.999908437167
18.76,499.9999122980196
18.77,499.9999161769029
18.78,499.9999200693094
18.79,499.9999239707311
18.8,499.9999278766608
18.81,499.9999317825904
18.82,499.9999356840122
18.83,499.9999395764188
18.84,499.9999434553021
18.85,499.9999473161547
18.86,499.9999511544685
18.87,499.99995496573626
18.88,499.99995874545
18.89,499.999962489102
18.9,499.9999661921848
18.91,499.9999698501904
18.92,499.9999734586112
18.93,499.9999770129394
18.94,499.9999805086676
18.95,499.9999839412878
18.96,499.9999873062923
18.97,499.9999905991736
18.98,499.9999938154237
18.99,499.9999969505351
19.0,500.0
19.01,500.0000029602123
19.02,500.000005831172
19.03,500.0000086137807
19.04,500.0000113089396
19.05,500.0000139175506
19.06,500.0000164405152
19.07,500.0000188787349
19.08,500.0000212331111
19.09,500.0000235045456
19.1,500.0000256939396
19.11,500.000027802195
19.12,500.0000298302132
19.13,500.0000317788956
19.14,500.000033649144
19.15,500.0000354418597
19.16,500.0000371579444
19.17,500.0000387982996
19.18,500.0000403638269
19.19,500.0000418554277
19.2,500.00004327400353
19.21,500.0000446204562
19.22,500.00004589568704
19.23,500.0000471005976
19.24,500.00004823608936
19.25,500.0000493030641
19.26,500.0000503024231
19.27,500.0000512350679
19.28,500.00005210190034
19.29,500.00005290382177
19.3,500.0000536417336
19.31,500.0000543165376
19.32,500.0000549291353
19.33,500.0000554804281
19.34,500.0000559713174
19.35,500.0000564027052
19.36,500.0000567754927
19.37,500.0000570905815
19.38,500.00005734887327
19.39,500.00005755126944
19.4,500.0000576986714
19.41,500.00005779198096
19.42,500.0000578320996
19.43,500.0000578199288
19.44,500.00005775637015
19.45,500.0000576423252
19.46,500.00005747869534
19.47,500.0000572663822
19.48,500.0000570062874
19.49,500.0000566993125
19.5,500.00005634635886
19.51,500.00005594832817
19.52,500.0000555061219
19.53,500.00005502064175
19.54,500.00005449278905
19.55,500.0000539234654
19.56,500.0000533135725
19.57,500.0000526640116
19.58,500.00005197568447
19.59,500.0000512494926
19.6,500.0000504863376
19.61,500.0000496871209
19.62,500.000048852744
19.63,500.0000479841085
19.64,500.0000470821159
19.65,500.0000461476679
19.66,500.00004518166594
19.67,500.0000441850115
19.68,500.0000431586063
19.69,500.0000421033517
19.7,500.0000410201493
19.71,500.0000399099006
19.72,500.0000387735073
19.73,500.0000376118708
19.74,500.0000364258926
19.75,500.0000352164743
19.76,500.00003398451753
19.77,500.0000327309238
19.78,500.0000314565945
19.79,500.0000301624312
19.8,500.00002884933576
19.81,500.00002751820944
19.82,500.0000261699537
19.83,500.00002480547033
19.84,500.00002342566063
19.85,500.0000220314264
19.86,500.00002062366895
19.87,500.00001920329
19.88,500.00001777119087
19.89,500.0000163282733
19.9,500.0000148754388
19.91,500.0000134135888
19.92,500.0000119436251
19.93,500.0000104664488
19.94,500.000008982962
19.95,500.0000074940658
19.96,500.000006000662
19.97,500.00000450365184
19.98,500.0000030039372
19.99,500.0000015024194
20.0,500.0
20.01,499.9999984975808
20.02,499.999996996063
20.03,499.9999954963483
20.04,499.99999399933824
20.05,499.9999925059344
20.06,499.99999101703816
20.07,499.9999895335512
20.08,499.9999880563751
20.09,499.99998658641135
20.1,499.99998512456136
20.11,499.9999836717268
20.12,499.9999822288093
20.13,499.9999807967102
20.14,499.9999793763312
20.15,499.9999779685738
20.16,499.99997657433954
20.17,499.9999751945298
20.18,499.9999738300465
20.19,499.9999724817908
20.2,499.9999711506644
20.21,499.9999698375688
20.22,499.99996854340566
20.23,499.9999672690764
20.24,499.9999660154826
20.25,499.9999647835258
20.26,499.99996357410754
20.27,499.9999623881294
20.28,499.99996122649287
20.29,499.9999600900994
20.3,499.9999589798508
20.31,499.9999578966485
20.32,499.9999568413938
20.33,499.9999558149885
20.34,499.99995481833423
20.35,499.9999538523323
20.36,499.9999529178842
20.37,499.99995201589167
20.38,499.9999511472562
20.39,499.99995031287926
20.4,499.9999495136626
20.41,499.99994875050754
20.42,499.9999480243157
20.43,499.9999473359886
20.44,499.9999466864277
20.45,499.99994607653474
20.46,499.9999455072111
20.47,499.9999449793584
20.48,499.99994449387816
20.49,499.999944051672
20.5,499.9999436536413
20.51,499.9999433006877
20.52,499.9999429937128
20.53,499.999942733618
20.54,499.9999425213048
20.55,499.99994235767497
20.56,499.9999422436301
20.57,499.9999421800713
20.58,499.9999421679005
20.59,499.99994220801904
20.6,499.99994230132864
20.61,499.99994244873074
20.62,499.9999426511269
20.63,499.99994290941856
20.64,499.9999432245073
20.65,499.9999435972949
20.66,499.99994402868265
20.67,499.99994451957207
20.68,499.9999450708649
20.69,499.99994568346256
20.7,499.99994635826647
20.71,499.9999470961784
20.72,499.9999478980998
20.73,499.9999487649322
20.74,499.9999496975771
20.75,499.99995069693614
20.76,499.9999517639108
20.77,499.9999528994026
20.78,499.99995410431313
20.79,499.9999553795439
20.8,499.9999567259965
20.81,499.9999581445724
20.82,499.9999596361732
20.83,499.9999612017005
20.84,499.99996284205565
20.85,499.99996455814033
20.86,499.9999663508561
20.87,499.9999682211045
20.88,499.9999701697869
20.89,499.99997219780505
20.9,499.9999743060604
20.91,499.9999764954546
20.92,499.99997876688894
20.93,499.9999811212652
20.94,499.99998355948486
20.95,499.99998608244937
20.96,499.9999886910604
20.97,499.99999138621945
20.98,499.999994168828
20.99,499.9999970397877
21.0,500.0
