wind_speed,CRRC CWT1500-D83
1.0,0.0
1.01,0.3187423964719914
1.02,0.6278744694322644
1.03,0.927493292855685
1.04,1.217695940717119
1.05,1.4985794869914322
1.06,1.7702410056534903
1.07,2.032777570678159
1.08,2.286286256040304
1.09,2.5308641357147934
1.1,2.76660828367649
1.11,2.9936157739002605
1.12,3.211983680360972
1.13,3.421809077033484
1.14,3.623189037892673
1.15,3.8162206369133993
1.16,4.001000948070529
1.17,4.177627045338928
1.18,4.346196002693463
1.19,4.506804894108998
1.2,4.6595507935604
1.21,4.804530775022536
1.22,4.941841912470268
1.23,5.071581279878465
1.24,5.193845951221992
1.25,5.3087330004757165
1.26,5.416339501614503
1.27,5.516762528613216
1.28,5.610099155446722
1.29,5.696446456089888
1.3,5.775901504517581
1.31,5.848561374704664
1.32,5.914523140626002
1.33,5.973883876256466
1.34,6.026740655570916
1.35,6.0731905525442205
1.36,6.113330641151246
1.37,6.147257995366857
1.38,6.175069689165922
1.39,6.196862796523304
1.4,6.212734391413869
1.41,6.222781547812481
1.42,6.227101339694012
1.43,6.225790841033325
1.44,6.218947125805281
1.45,6.206667267984752
1.46,6.189048341546604
1.47,6.166187420465698
1.48,6.138181578716903
1.49,6.105127890275083
1.5,6.067123429115107
1.51,6.0242652692118375
1.52,5.976650484540141
1.53,5.9243761490748845
1.54,5.867539336790935
1.55,5.806237121663157
1.56,5.740566577666414
1.57,5.670624778775574
1.58,5.596508798965508
1.59,5.51831571221107
1.6,5.436142592487134
1.61,5.350086513768562
1.62,5.260244550030231
1.63,5.166713775246992
1.64,5.069591263393718
1.65,4.968974088445273
1.66,4.864959324376523
1.67,4.757644045162338
1.68,4.647125324777576
1.69,4.533500237197108
1.7,4.416865856395798
1.71,4.297319256348514
1.72,4.174957511030123
1.73,4.049877694415483
1.74,3.922176880479465
1.75,3.7919521431969416
1.76,3.659300556542772
1.77,3.524319194491816
1.78,3.3871051310189504
1.79,3.2477554400990343
1.8,3.1063671957069365
1.81,2.96303747181752
1.82,2.8178633424056545
1.83,2.6709418814462027
1.84,2.5223701629140325
1.85,2.372245260784009
1.86,2.220664249030993
1.87,2.06772420162986
1.88,1.9135221925554744
1.89,1.758155295782697
1.9,1.601720585286393
1.91,1.44431513504143
1.92,1.2860360190226745
1.93,1.1269803112049903
1.94,0.9672450855632516
1.95,0.8069274160723103
1.96,0.6461243767070486
1.97,0.4849330414423174
1.98,0.3234504842529881
1.99,0.161773779113926
2.0,0.0
2.01,0.0
2.02,0.0
2.03,0.0
2.04,0.0
2.05,0.0
2.06,0.0
2.07,0.0
2.08,0.0
2.09,0.0
2.1,0.0
2.11,0.0
2.12,0.0
2.13,0.0
2.14,0.0
2.15,0.0
2.16,0.0
2.17,0.0
2.18,0.0
2.19,0.0
2.2,0.0
2.21,0.0
2.22,0.0
2.23,0.0
2.24,0.0
2.25,0.0
2.26,0.0
2.27,0.0
2.28,0.0
2.29,0.0
2.3,0.0
2.31,0.0
2.32,0.0
2.33,0.0
2.34,0.0
2.35,0.0
2.36,0.0
2.37,0.0
2.38,0.0
2.39,0.0
2.4,0.0
2.41,0.0
2.42,0.0
2.43,0.0
2.44,0.0
2.45,0.0
2.46,0.0
2.47,0.0
2.48,0.0
2.49,0.0
2.5,0.0
2.51,0.0
2.52,0.0
2.53,0.0
2.54,0.0
2.55,0.0
2.56,0.0
2.57,0.0
2.58,0.0
2.59,0.0
2.6,0.0
2.61,0.0
2.62,0.0
2.63,0.0
2.64,0.0
2.65,0.0
2.66,0.0
2.67,0.0
2.68,0.0
2.69,0.0
2.7,0.0
2.71,0.0
2.72,0.0
2.73,0.0
2.74,0.0
2.75,0.0
2.76,0.0
2.77,0.0
2.78,0.0
2.79,0.0
2.8,0.0
2.81,0.0
2.82,0.0
2.83,0.0
2.84,0.0
2.85,0.0
2.86,0.0
2.87,0.0
2.88,0.0
2.89,0.0
2.9,0.0
2.91,0.0
2.92,0.0
2.93,0.0
2.94,0.0
2.95,0.0
2.96,0.0
2.97,0.0
2.98,0.0
2.99,0.0
3.0,0.0
3.01,0.3284327199836895
3.02,0.6665674675796655
3.03,1.0143988729135391
3.04,1.3719215661110422
3.05,1.7391301772977898
3.06,2.116019336599496
3.07,2.5025836741417824
3.08,2.8988178200503776
3.09,3.3047164044509034
3.1,3.720274057469053
3.11,4.145485409230494
3.12,4.580345089860902
3.13,5.024847729485944
3.14,5.4789879582312935
3.15,5.942760406222613
3.16,6.416159703585596
3.17,6.899180480445857
3.18,7.391817366929136
3.19,7.894064993161066
3.2,8.405917989267333
3.21,8.927370985373578
3.22,9.458418611605522
3.23,9.999055498088778
3.24,10.549276274949085
3.25,11.10907557231203
3.26,11.67844802030334
3.27,12.257388249048708
3.28,12.845890888673724
3.29,13.443950569304157
3.3,14.051561921065588
3.31,14.668719574083758
3.32,15.295418158484278
3.33,15.93165230439286
3.34,16.577416641935148
3.35,17.23270580123686
3.36,17.897514412423586
3.37,18.571837105621093
3.38,19.25566851095498
3.39,19.94900325855096
3.4,20.65183597853464
3.41,21.364161301031785
3.42,22.085973856167985
3.43,22.817268274068965
3.44,23.55803918486035
3.45,24.30828121866787
3.46,25.067989005617108
3.47,25.83715717583385
3.48,26.615780359443647
3.49,27.40385318657226
3.5,28.2013702873453
3.51,29.008326291888466
3.52,29.82471583032745
3.53,30.65053353278786
3.54,31.485774029395458
3.55,32.33043195027582
3.56,33.18450192555469
3.57,34.0479785853577
3.58,34.92085655981053
3.59,35.803130479038835
3.6,36.694794973168335
3.61,37.59584467232461
3.62,38.50627420663344
3.63,39.42607820622042
3.64,40.35525130121127
3.65,41.29378812173159
3.66,42.24168329790714
3.67,43.1989314598635
3.68,44.16552723772644
3.69,45.141465261621526
3.7,46.126740161674526
3.71,47.12134656801102
3.72,48.12527911075679
3.73,49.138532420037365
3.74,50.16110112597856
3.75,51.192979858705925
3.76,52.23416324834517
3.77,53.28464592502205
3.78,54.3444225188621
3.79,55.41348765999111
3.8,56.49183597853464
3.81,57.579462104618486
3.82,58.67636066836819
3.83,59.78252629990952
3.84,60.89795362936808
3.85,62.0226372868696
3.86,63.156571902539696
3.87,64.29975210650409
3.88,65.45217252888838
3.89,66.61382779981835
3.9,67.78471254941955
3.91,68.96482140781775
3.92,70.15414900513854
3.93,71.35268997150766
3.94,72.56043893705072
3.95,73.77739053189345
3.96,75.00353938616144
3.97,76.23888012998046
3.98,77.48340739347607
3.99,78.73711580677407
4.0,80.0
4.01,81.2720505012334
4.02,82.5532414303688
4.03,83.84354280525473
4.04,85.14292464373926
4.05,86.45135696367097
4.06,87.76880978289816
4.07,89.09525311926932
4.08,90.4306569906326
4.09,91.77499141483646
4.1,93.12822640972928
4.11,94.49033199315954
4.12,95.86127818297538
4.13,97.24103499702524
4.14,98.62957245315758
4.15,100.0268605692208
4.16,101.43286936306303
4.17,102.8475688525328
4.18,104.27092905547848
4.19,105.7029199897485
4.2,107.143511673191
4.21,108.59267412365452
4.22,110.0503773589874
4.23,111.51659139703808
4.24,112.99128625565474
4.25,114.47443195268582
4.26,115.96599850597973
4.27,117.46595593338482
4.28,118.9742742527496
4.29,120.49092348192217
4.3,122.01587363875096
4.31,123.54909474108446
4.32,125.09055680677108
4.33,126.64022985365897
4.34,128.1980838995965
4.35,129.7640889624322
4.36,131.33821506001453
4.37,132.92043221019154
4.38,134.51071043081174
4.39,136.10901973972358
4.4,137.71533015477544
4.41,139.3296116938155
4.42,140.95183437469217
4.43,142.58196821525394
4.44,144.2199832333492
4.45,145.8658494468261
4.46,147.51953687353318
4.47,149.18101553131874
4.48,150.85025543803127
4.49,152.5272266115189
4.5,154.2118990696301
4.51,155.90424283021335
4.52,157.60422791111688
4.53,159.31182433018924
4.54,161.02700210527854
4.55,162.74973125423324
4.56,164.47998179490176
4.57,166.2177237451326
4.58,167.96292712277372
4.59,169.71556194567387
4.6,171.4755982316812
4.61,173.24300599864432
4.62,175.01775526441128
4.63,176.79981604683064
4.64,178.58915836375064
4.65,180.38575223301996
4.66,182.1895676724865
4.67,184.00057469999885
4.68,185.81874333340548
4.69,187.6440435905548
4.7,189.47644548929483
4.71,191.31591904747413
4.72,193.16243428294115
4.73,195.0159612135443
4.74,196.87646985713172
4.75,198.74393023155184
4.76,200.61831235465309
4.77,202.49958624428385
4.78,204.38772191829256
4.79,206.28268939452727
4.8,208.1844586908367
4.81,210.092999825069
4.82,212.0082828150728
4.83,213.9302776786961
4.84,215.8589544337874
4.85,217.79428309819517
4.86,219.7362336897678
4.87,221.68477622635348
4.88,223.63988072580065
4.89,225.6015172059577
4.9,227.5696556846731
4.91,229.54426617979496
4.92,231.52531870917184
4.93,233.51278329065204
4.94,235.5066299420841
4.95,237.506828681316
4.96,239.5133495261964
4.97,241.52616249457364
4.98,243.5452376042961
4.99,245.57054487321204
5.0,247.60205431916984
5.01,249.63973596001784
5.02,251.6835598136045
5.03,253.7334958977784
5.04,255.78951423038737
5.05,257.85158482928017
5.06,259.91967771230503
5.07,261.99376289731055
5.08,264.0738104021447
5.09,266.159790244656
5.1,268.2516724426929
5.11,270.3494270141039
5.12,272.453023976737
5.13,274.5624333484408
5.14,276.6776251470636
5.15,278.798569390454
5.16,280.9252360964599
5.17,283.0575952829299
5.18,285.1956169677125
5.19,287.339271168656
5.2,289.4885279036086
5.21,291.64335719041884
5.22,293.80372904693496
5.23,295.9696134910056
5.24,298.1409805404787
5.25,300.3178002132029
5.26,302.5000425270265
5.27,304.6876774997979
5.28,306.88067514936563
5.29,309.07900549357765
5.3,311.28263855028257
5.31,313.4915443373288
5.32,315.7056928725647
5.33,317.9250541738386
5.34,320.1495982589986
5.35,322.37929514589337
5.36,324.6141148523715
5.37,326.85402739628086
5.38,329.09900279547
5.39,331.3490110677872
5.4,333.6040222310813
5.41,335.8640063032
5.42,338.12893330199194
5.43,340.3987732453056
5.44,342.6734961509895
5.45,344.9530720368915
5.46,347.2374709208603
5.47,349.5266628207441
5.48,351.8206177543916
5.49,354.1193057396508
5.5,356.4226967943701
5.51,358.73076093639804
5.52,361.0434681835829
5.53,363.36078855377326
5.54,365.68269206481705
5.55,368.00914873456287
5.56,370.3401285808591
5.57,372.6756016215543
5.58,375.0155378744964
5.59,377.359907357534
5.6,379.7086800885155
5.61,382.0618260852894
5.62,384.41931536570365
5.63,386.7811179476069
5.64,389.1472038488474
5.65,391.517543087274
5.66,393.8921056807343
5.67,396.27086164707697
5.68,398.65378100415046
5.69,401.0408337698033
5.7,403.4319899618836
5.71,405.8272195982396
5.72,408.22649269672
5.73,410.62977927517306
5.74,413.037049351447
5.75,415.4482729433904
5.76,417.8634200688512
5.77,420.2824607456783
5.78,422.70536499172
5.79,425.1321028248244
5.8,427.5626442628399
5.81,429.9969593236149
5.82,432.4350180249981
5.83,434.8767903848373
5.84,437.3222464209812
5.85,439.7713561512781
5.86,442.2240895935766
5.87,444.6804167657245
5.88,447.1403076855707
5.89,449.60373237096326
5.9,452.0706608397509
5.91,454.54106310978153
5.92,457.0149091989037
5.93,459.4921691249658
5.94,461.9728129058165
5.95,464.4568105593036
5.96,466.9441321032757
5.97,469.4347475555813
5.98,471.9286269340689
5.99,474.4257402565863
6.0,476.92605754098224
6.01,479.429548805105
6.02,481.93618406680304
6.03,484.445933343925
6.04,486.95876665431854
6.05,489.4746540158325
6.06,491.993565446315
6.07,494.515470963615
6.08,497.0403405855801
6.09,499.568144330059
6.1,502.0988522149
6.11,504.6324342579519
6.12,507.1688604770624
6.13,509.7081008900801
6.14,512.2501255148535
6.15,514.7949043692311
6.16,517.3424074710608
6.17,519.8926048381912
6.18,522.4454664884707
6.19,525.0009624397479
6.2,527.5590627098707
6.21,530.1197373166876
6.22,532.6829562780472
6.23,535.2486896117979
6.24,537.8169073357876
6.25,540.387579467865
6.26,542.9606760258783
6.27,545.536167027676
6.28,548.1140224911068
6.29,550.6942124340185
6.3,553.2767068742596
6.31,555.8614758296786
6.32,558.4484893181238
6.33,561.0377173574437
6.34,563.6291299654863
6.35,566.2226971601003
6.36,568.8183889591343
6.37,571.416175380436
6.38,574.0160264418541
6.39,576.617912161237
6.4,579.2218025564332
6.41,581.8276676452908
6.42,584.4354774456582
6.43,587.0452019753837
6.44,589.6568112523162
6.45,592.2702752943036
6.46,594.8855641191941
6.47,597.5026477448364
6.48,600.1214961890788
6.49,602.7420794697697
6.5,605.3643676047571
6.51,607.98833061189
6.52,610.6139385090162
6.53,613.2411613139845
6.54,615.8699690446431
6.55,618.5003317188401
6.56,621.1322193544241
6.57,623.7656019692438
6.58,626.4004495811467
6.59,629.036732207982
6.6,631.6744198675977
6.61,634.3134825778426
6.62,636.9538903565642
6.63,639.5956132216115
6.64,642.2386211908326
6.65,644.8828842820765
6.66,647.5283725131906
6.67,650.1750559020237
6.68,652.8229044664242
6.69,655.471888224241
6.7,658.1219771933212
6.71,660.7731413915141
6.72,663.4253508366679
6.73,666.078575546631
6.74,668.7327855392516
6.75,671.387950832378
6.76,674.0440414438591
6.77,676.7010273915424
6.78,679.3588786932772
6.79,682.0175653669111
6.8,684.6770574302928
6.81,687.3373249012707
6.82,689.9983377976935
6.83,692.6600661374085
6.84,695.3224799382652
6.85,697.9855492181115
6.86,700.6492439947957
6.87,703.313534286166
6.88,705.978390110071
6.89,708.6437814843595
6.9,711.3096784268795
6.91,713.9760509554789
6.92,716.6428690880066
6.93,719.3101028423107
6.94,721.9777222362401
6.95,724.6456972876424
6.96,727.3139980143665
6.97,729.9825944342604
6.98,732.651456565173
6.99,735.3205544249522
7.0,737.9898580314464
7.01,740.6593374025041
7.02,743.3289625559735
7.03,745.9987035097034
7.04,748.6685302815417
7.05,751.338412889337
7.06,754.0083213509374
7.07,756.6782256841918
7.08,759.348095906948
7.09,762.0179020370546
7.1,764.6876140923598
7.11,767.3572020907125
7.12,770.0266360499605
7.13,772.6958859879524
7.14,775.3649219225363
7.15,778.0337138715612
7.16,780.7022318528747
7.17,783.3704458843257
7.18,786.0383259837622
7.19,788.7058421690331
7.2,791.3729644579861
7.21,794.03966286847
7.22,796.7059074183331
7.23,799.3716681254238
7.24,802.0369150075902
7.25,804.7016180826811
7.26,807.365747368544
7.27,810.0292728830284
7.28,812.6921646439821
7.29,815.3543926692536
7.3,818.0159269766909
7.31,820.6767375841429
7.32,823.3367945094576
7.33,825.9960677704835
7.34,828.654527385069
7.35,831.3121433710621
7.36,833.9688857463119
7.37,836.6247245286661
7.38,839.2796297359735
7.39,841.9335713860819
7.4,844.5865194968407
7.41,847.2384440860972
7.42,849.8893151716999
7.43,852.5391027714977
7.44,855.1877769033389
7.45,857.8353075850713
7.46,860.4816648345437
7.47,863.1268186696047
7.48,865.7707391081022
7.49,868.4133961678846
7.5,871.0547598668006
7.51,873.694800222698
7.52,876.333487253426
7.53,878.9707909768326
7.54,881.6066814107656
7.55,884.241128573074
7.56,886.874102481606
7.57,889.5055731542102
7.58,892.1355106087343
7.59,894.7638848630272
7.6,897.3906659349373
7.61,900.0158238423127
7.62,902.639328603002
7.63,905.2611502348536
7.64,907.8812587557154
7.65,910.4996241834364
7.66,913.1162165358644
7.67,915.731005830848
7.68,918.3439620862358
7.69,920.955055319876
7.7,923.5642555496166
7.71,926.1715327933066
7.72,928.7768570687938
7.73,931.3801983939276
7.74,933.9815267865544
7.75,936.5808122645244
7.76,939.1780248456852
7.77,941.7731345478852
7.78,944.366111388973
7.79,946.9569253867968
7.8,949.5455465592046
7.81,952.1319449240456
7.82,954.716090499168
7.83,957.2979533024192
7.84,959.8775033516484
7.85,962.454710664704
7.86,965.029545259434
7.87,967.6019771536872
7.88,970.1719763653116
7.89,972.7395129121556
7.9,975.3045568120676
7.91,977.867078082896
7.92,980.4270467424894
7.93,982.9844328086956
7.94,985.5392062993636
7.95,988.0913372323416
7.96,990.6407956254776
7.97,993.1875514966198
7.98,995.7315748636177
7.99,998.2728357443184
8.0,1000.8113041565712
8.01,1003.346950118224
8.02,1005.8797436471248
8.03,1008.4096547611229
8.04,1010.9366534780656
8.05,1013.4607098158026
8.06,1015.9817937921812
8.07,1018.4998754250498
8.08,1021.0149247322572
8.09,1023.5269117316514
8.1,1026.0358064410811
8.11,1028.5415788783946
8.12,1031.0441990614402
8.13,1033.5436370080668
8.14,1036.0398627361214
8.15,1038.5328462634534
8.16,1041.022557607911
8.17,1043.5089667873422
8.18,1045.992043819596
8.19,1048.4717587225205
8.2,1050.948081513964
8.21,1053.420982211775
8.22,1055.890430833802
8.23,1058.3563973978926
8.24,1060.818851921896
8.25,1063.2777644236596
8.26,1065.7331049210331
8.27,1068.1848434318638
8.28,1070.632949974001
8.29,1073.0773945652916
8.3,1075.518147223586
8.31,1077.9551779667306
8.32,1080.3884568125748
8.33,1082.8179537789672
8.34,1085.2436388837552
8.35,1087.6654821447878
8.36,1090.083453579913
8.37,1092.4975232069803
8.38,1094.907661043837
8.39,1097.3138371083314
8.4,1099.7160214183125
8.41,1102.1141839916274
8.42,1104.508294846126
8.43,1106.898323999656
8.44,1109.2842414700656
8.45,1111.6660172752038
8.46,1114.0436214329184
8.47,1116.417023961058
8.48,1118.7861948774707
8.49,1121.1511042000047
8.5,1123.5117219465087
8.51,1125.8680181348318
8.52,1128.219962782821
8.53,1130.5675259083257
8.54,1132.9106775291934
8.55,1135.2493876632734
8.56,1137.5836263284136
8.57,1139.913363542462
8.58,1142.2385693232677
8.59,1144.5592136886785
8.6,1146.8752666565429
8.61,1149.1866982447093
8.62,1151.493478471026
8.63,1153.7955773533415
8.64,1156.0929649095049
8.65,1158.385611157363
8.66,1160.673486114765
8.67,1162.9565597995593
8.68,1165.2348022295942
8.69,1167.508183422718
8.7,1169.7766733967792
8.71,1172.0402421696265
8.72,1174.2988597591077
8.73,1176.5524961830708
8.74,1178.8011214593648
8.75,1181.044705605838
8.76,1183.2832186403389
8.77,1185.5166305807156
8.78,1187.7449114448166
8.79,1189.96803125049
8.8,1192.185960015585
8.81,1194.3986677579487
8.82,1196.6061244954303
8.83,1198.808300245878
8.84,1201.00516502714
8.85,1203.1966888570648
8.86,1205.382841753501
8.87,1207.5635937342968
8.88,1209.7389148173004
8.89,1211.9087750203605
8.9,1214.073144361325
8.91,1216.2319928580423
8.92,1218.385290528361
8.93,1220.5330073901298
8.94,1222.6751134611964
8.95,1224.8115787594097
8.96,1226.942373302618
8.97,1229.067467108669
8.98,1231.186830195412
8.99,1233.3004325806946
9.0,1235.4082442823656
9.01,1237.510235318273
9.02,1239.606375706266
9.03,1241.696635464192
9.04,1243.7809846099
9.05,1245.8593931612384
9.06,1247.931831136055
9.07,1249.9982685521984
9.08,1252.0586754275168
9.09,1254.113021779859
9.1,1256.161277627073
9.11,1258.2034129870078
9.12,1260.2393978775108
9.13,1262.2692023164311
9.14,1264.292796321617
9.15,1266.3101499109166
9.16,1268.3212331021782
9.17,1270.32601591325
9.18,1272.3244683619812
9.19,1274.3165604662197
9.2,1276.3022622438134
9.21,1278.2815437126117
9.22,1280.254374890462
9.23,1282.220725795213
9.24,1284.180566444713
9.25,1286.1338668568103
9.26,1288.080597049354
9.27,1290.0207270401916
9.28,1291.9542268471712
9.29,1293.8810664881426
9.3,1295.8012159809532
9.31,1297.714645343451
9.32,1299.621324593485
9.33,1301.5212237489031
9.34,1303.414312827554
9.35,1305.3005618472866
9.36,1307.179940825948
9.37,1309.0524197813877
9.38,1310.9179687314536
9.39,1312.7765576939937
9.4,1314.628156686857
9.41,1316.4727357278914
9.42,1318.3102648349457
9.43,1320.1407140258675
9.44,1321.9640533185066
9.45,1323.78025273071
9.46,1325.5892822803266
9.47,1327.3911119852048
9.48,1329.185711863193
9.49,1330.9730519321392
9.5,1332.7531022098915
9.51,1334.5258327142997
9.52,1336.2912134632106
9.53,1338.0492144744735
9.54,1339.7998057659363
9.55,1341.542957355448
9.56,1343.278639260856
9.57,1345.0068215000092
9.58,1346.727474090756
9.59,1348.4405670509443
9.6,1350.1460703984235
9.61,1351.8439541510406
9.62,1353.5341883266456
9.63,1355.2167429430858
9.64,1356.8915880182094
9.65,1358.5586935698652
9.66,1360.2180296159013
9.67,1361.8695661741665
9.68,1363.5132732625084
9.69,1365.1491208987763
9.7,1366.777079100818
9.71,1368.3971178864824
9.72,1370.0092072736163
9.73,1371.6133172800703
9.74,1373.2094179236915
9.75,1374.7974792223283
9.76,1376.377471193829
9.77,1377.9493638560425
9.78,1379.513127226817
9.79,1381.068731324
9.8,1382.6161461654417
9.81,1384.1553417689888
9.82,1385.68628815249
9.83,1387.2089553337937
9.84,1388.723313330749
9.85,1390.2293321612035
9.86,1391.7269818430054
9.87,1393.2162323940038
9.88,1394.697053832047
9.89,1396.1694161749824
9.9,1397.6332894406596
9.91,1399.0886436469264
9.92,1400.535448811631
9.93,1401.973674952622
9.94,1403.403292087747
9.95,1404.8242702348562
9.96,1406.2365794117964
9.97,1407.6401896364164
9.98,1409.035070926565
9.99,1410.4211933000893
10.0,1411.798526774839
10.01,1413.1670413686618
10.02,1414.526707099406
10.03,1415.8774939849204
10.04,1417.2193720430532
10.05,1418.5523112916535
10.06,1419.876281748568
10.07,1421.191253431646
10.08,1422.497196358736
10.09,1423.794080547686
10.1,1425.0818760163447
10.11,1426.3605527825607
10.12,1427.6300808641813
10.13,1428.890430279056
10.14,1430.141571045033
10.15,1431.3834731799598
10.16,1432.6161067016856
10.17,1433.8394416280587
10.18,1435.053447976927
10.19,1436.2580957661391
10.2,1437.4533550135438
10.21,1438.6391957369892
10.22,1439.8155879543228
10.23,1440.9825016833945
10.24,1442.1399069420513
10.25,1443.2877737481424
10.26,1444.426072119516
10.27,1445.55477207402
10.28,1446.6738436295036
10.29,1447.7832568038143
10.3,1448.8829816148018
10.31,1449.9729880803127
10.32,1451.0532462181964
10.33,1452.123726046301
10.34,1453.184397582475
10.35,1454.2352308445668
10.36,1455.2761958504248
10.37,1456.3072626178969
10.38,1457.328401164832
10.39,1458.3395815090785
10.4,1459.340773668484
10.41,1460.331947660898
10.42,1461.313073504168
10.43,1462.2841212161425
10.44,1463.2450608146703
10.45,1464.1958623175992
10.46,1465.1364957427782
10.47,1466.0669311080549
10.48,1466.9871384312785
10.49,1467.8970877302966
10.5,1468.7967490229578
10.51,1469.6860923271108
10.52,1470.5650876606037
10.53,1471.4337050412846
10.54,1472.2919144870025
10.55,1473.1396860156055
10.56,1473.976989644942
10.57,1474.80379539286
10.58,1475.620073277208
10.59,1476.4257933158349
10.6,1477.2209255265884
10.61,1478.0054399273172
10.62,1478.7793065358694
10.63,1479.542495370094
10.64,1480.2949764478387
10.65,1481.0367197869518
10.66,1481.7676954052822
10.67,1482.4878733206783
10.68,1483.197223550988
10.69,1483.8957161140595
10.7,1484.583321027742
10.71,1485.260008309883
10.72,1485.9257479783314
10.73,1486.5805100509356
10.74,1487.2242645455435
10.75,1487.856981480004
10.76,1488.4786308721652
10.77,1489.0891827398757
10.78,1489.688607100983
10.79,1490.2768739733365
10.8,1490.8539533747842
10.81,1491.4198153231746
10.82,1491.9744298363555
10.83,1492.5177669321758
10.84,1493.049796628484
10.85,1493.570488943128
10.86,1494.0798138939567
10.87,1494.577741498818
10.88,1495.06424177556
10.89,1495.539284742032
10.9,1496.0028404160817
10.91,1496.454878815557
10.92,1496.8953699583078
10.93,1497.3242838621811
10.94,1497.7415905450262
10.95,1498.14726002469
10.96,1498.5412623190225
10.97,1498.9235674458714
10.98,1499.294145423085
10.99,1499.6529662685116
11.0,1500.0
11.01,1500.335246604886
11.02,1500.6588259484556
11.03,1500.9708878654844
11.04,1501.2715821907466
11.05,1501.5610587590156
11.06,1501.8394674050671
11.07,1502.106957963675
11.08,1502.3636802696135
11.09,1502.6097841576575
11.1,1502.8454194625815
11.11,1503.0707360191593
11.12,1503.2858836621654
11.13,1503.4910122263743
11.14,1503.6862715465609
11.15,1503.8718114574992
11.16,1504.0477817939638
11.17,1504.214332390729
11.18,1504.3716130825692
11.19,1504.5197737042588
11.2,1504.6589640905725
11.21,1504.7893340762846
11.22,1504.9110334961692
11.23,1505.024212185001
11.24,1505.129019977555
11.25,1505.2256067086043
11.26,1505.314122212924
11.27,1505.3947163252888
11.28,1505.467538880473
11.29,1505.5327397132507
11.3,1505.5904686583965
11.31,1505.640875550685
11.32,1505.684110224891
11.33,1505.7203225157873
11.34,1505.74966225815
11.35,1505.7722792867528
11.36,1505.7883234363703
11.37,1505.7979445417768
11.38,1505.8012924377472
11.39,1505.7985169590556
11.4,1505.7897679404762
11.41,1505.7751952167837
11.42,1505.7549486227515
11.43,1505.729177993156
11.44,1505.69803316277
11.45,1505.661663966369
11.46,1505.6202202387267
11.47,1505.5738518146168
11.48,1505.5227085288157
11.49,1505.4669402160964
11.5,1505.406696711234
11.51,1505.3421278490025
11.52,1505.2733834641765
11.53,1505.20061339153
11.54,1505.1239674658382
11.55,1505.0435955218743
11.56,1504.9596473944143
11.57,1504.8722729182318
11.58,1504.781621928101
11.59,1504.6878442587963
11.6,1504.5910897450935
11.61,1504.4915082217651
11.62,1504.3892495235866
11.63,1504.284463485332
11.64,1504.1772999417765
11.65,1504.0679087276928
11.66,1503.9564396778574
11.67,1503.8430426270434
11.68,1503.7278674100255
11.69,1503.6110638615787
11.7,1503.4927818164767
11.71,1503.373171109494
11.72,1503.2523815754057
11.73,1503.1305630489849
11.74,1503.0078653650075
11.75,1502.8844383582468
11.76,1502.7604318634783
11.77,1502.635995715475
11.78,1502.511279749013
11.79,1502.3864337988653
11.8,1502.2616076998072
11.81,1502.1369512866124
11.82,1502.012614394056
11.83,1501.8887468569117
11.84,1501.7654985099548
11.85,1501.6430191879597
11.86,1501.5214587257
11.87,1501.4009669579505
11.88,1501.2816937194852
11.89,1501.1637888450796
11.9,1501.0474021695072
11.91,1500.9326835275433
11.92,1500.8197827539611
11.93,1500.708849683536
11.94,1500.6000341510417
11.95,1500.4934859912532
11.96,1500.3893550389448
11.97,1500.287791128891
11.98,1500.188944095866
11.99,1500.0929637746444
12.0,1500.0
12.01,1499.9101709428949
12.02,1499.8234681190352
12.03,1499.739851380314
12.04,1499.659280578625
12.05,1499.581715565861
12.06,1499.507116193916
12.07,1499.4354423146826
12.08,1499.3666537800543
12.09,1499.300710441925
12.1,1499.237572152187
12.11,1499.1771987627346
12.12,1499.1195501254604
12.13,1499.0645860922575
12.14,1499.0122665150202
12.15,1498.9625512456412
12.16,1498.9154001360132
12.17,1498.8707730380306
12.18,1498.8286298035855
12.19,1498.788930284572
12.2,1498.7516343328837
12.21,1498.7167018004131
12.22,1498.6840925390538
12.23,1498.6537664006994
12.24,1498.6256832372424
12.25,1498.5998029005766
12.26,1498.576085242596
12.27,1498.5544901151927
12.28,1498.5349773702603
12.29,1498.5175068596925
12.3,1498.5020384353827
12.31,1498.4885319492232
12.32,1498.4769472531084
12.33,1498.467244198931
12.34,1498.4593826385844
12.35,1498.453322423962
12.36,1498.449023406957
12.37,1498.4464454394629
12.38,1498.4455483733725
12.39,1498.4462920605797
12.4,1498.4486363529772
12.41,1498.452541102459
12.42,1498.4579661609175
12.43,1498.464871380247
12.44,1498.47321661234
12.45,1498.48296170909
12.46,1498.4940665223903
12.47,1498.5064909041348
12.48,1498.5201947062155
12.49,1498.535137780527
12.5,1498.551279978962
12.51,1498.568581153413
12.52,1498.5870011557754
12.53,1498.6064998379404
12.54,1498.6270370518027
12.55,1498.6485726492542
12.56,1498.6710664821896
12.57,1498.6944784025015
12.58,1498.718768262083
12.59,1498.7438959128278
12.6,1498.769821206629
12.61,1498.7965039953804
12.62,1498.8239041309744
12.63,1498.851981465305
12.64,1498.8806958502653
12.65,1498.9100071377486
12.66,1498.939875179648
12.67,1498.9702598278568
12.68,1499.0011209342683
12.69,1499.0324183507762
12.7,1499.0641119292734
12.71,1499.0961615216531
12.72,1499.1285269798093
12.73,1499.1611681556344
12.74,1499.1940449010224
12.75,1499.227117067866
12.76,1499.2603445080588
12.77,1499.293687073494
12.78,1499.327104616065
12.79,1499.360556987665
12.8,1499.3940040401876
12.81,1499.4274056255256
12.82,1499.4607215955723
12.83,1499.493911802222
12.84,1499.5269360973666
12.85,1499.5597543329002
12.86,1499.5923263607158
12.87,1499.6246120327069
12.88,1499.6565712007666
12.89,1499.6881637167885
12.9,1499.7193494326652
12.91,1499.7500882002907
12.92,1499.7803398715585
12.93,1499.8100642983609
12.94,1499.839221332592
12.95,1499.8677708261448
12.96,1499.8956726309125
12.97,1499.9228865987886
12.98,1499.9493725816665
12.99,1499.975090431439
13.0,1500.0
13.01,1500.0240696235355
13.02,1500.047301575405
13.03,1500.0697066132611
13.04,1500.0912954947553
13.05,1500.1120789775412
13.06,1500.1320678192703
13.07,1500.1512727775958
13.08,1500.169704610169
13.09,1500.187374074643
13.1,1500.20429192867
13.11,1500.2204689299028
13.12,1500.235915835994
13.13,1500.2506434045947
13.14,1500.2646623933588
13.15,1500.277983559938
13.16,1500.2906176619845
13.17,1500.3025754571509
13.18,1500.3138677030895
13.19,1500.3245051574531
13.2,1500.3344985778942
13.21,1500.3438587220644
13.22,1500.3525963476168
13.23,1500.3607222122037
13.24,1500.368247073477
13.25,1500.3751816890897
13.26,1500.3815368166938
13.27,1500.3873232139422
13.28,1500.3925516384868
13.29,1500.3972328479804
13.3,1500.4013776000752
13.31,1500.4049966524233
13.32,1500.4081007626776
13.33,1500.41070068849
13.34,1500.4128071875136
13.35,1500.4144310174
13.36,1500.4155829358026
13.37,1500.4162737003724
13.38,1500.4165140687633
13.39,1500.416314798627
13.4,1500.4156866476158
13.41,1500.4146403733823
13.42,1500.4131867335784
13.43,1500.4113364858576
13.44,1500.4091003878714
13.45,1500.4064891972723
13.46,1500.4035136717132
13.47,1500.4001845688456
13.48,1500.396512646323
13.49,1500.3925086617965
13.5,1500.3881833729197
13.51,1500.3835475373448
13.52,1500.378611912724
13.53,1500.3733872567093
13.54,1500.3678843269536
13.55,1500.3621138811093
13.56,1500.3560866768285
13.57,1500.349813471764
13.58,1500.3433050235676
13.59,1500.3365720898926
13.6,1500.3296254283905
13.61,1500.322475796714
13.62,1500.3151339525157
13.63,1500.307610653448
13.64,1500.2999166571635
13.65,1500.292062721314
13.66,1500.2840596035526
13.67,1500.2759180615308
13.68,1500.2676488529016
13.69,1500.2592627353172
13.7,1500.2507704664304
13.71,1500.2421828038932
13.72,1500.233510505358
13.73,1500.2247643284777
13.74,1500.2159550309043
13.75,1500.2070933702898
13.76,1500.1981901042875
13.77,1500.189255990549
13.78,1500.1803017867271
13.79,1500.1713382504747
13.8,1500.1623761394433
13.81,1500.1534262112857
13.82,1500.144499223654
13.83,1500.135605934201
13.84,1500.1267571005792
13.85,1500.1179634804405
13.86,1500.1092358314377
13.87,1500.100584911223
13.88,1500.0920214774487
13.89,1500.0835562877674
13.9,1500.0752000998318
13.91,1500.066963671294
13.92,1500.0588577598064
13.93,1500.0508931230213
13.94,1500.043080518591
13.95,1500.0354307041684
13.96,1500.0279544374057
13.97,1500.0206624759546
13.98,1500.0135655774686
13.99,1500.0066744995995
14.0,1500.0
14.01,1499.9935505629628
14.02,1499.9873255793448
14.03,1499.9813221666425
14.04,1499.9755374423537
14.05,1499.9699685239746
14.06,1499.9646125290033
14.07,1499.9594665749362
14.08,1499.9545277792706
14.09,1499.949793259503
14.1,1499.9452601331316
14.11,1499.9409255176529
14.12,1499.9367865305642
14.13,1499.9328402893625
14.14,1499.9290839115445
14.15,1499.925514514608
14.16,1499.9221292160496
14.17,1499.9189251333662
14.18,1499.9158993840554
14.19,1499.9130490856144
14.2,1499.9103713555396
14.21,1499.9078633113288
14.22,1499.9055220704786
14.23,1499.9033447504864
14.24,1499.9013284688492
14.25,1499.899470343064
14.26,1499.897767490628
14.27,1499.8962170290383
14.28,1499.8948160757918
14.29,1499.893561748386
14.3,1499.8924511643177
14.31,1499.8914814410837
14.32,1499.8906496961818
14.33,1499.889953047109
14.34,1499.8893886113617
14.35,1499.888953506437
14.36,1499.8886448498329
14.37,1499.888459759046
14.38,1499.8883953515733
14.39,1499.888448744912
14.4,1499.8886170565593
14.41,1499.888897404012
14.42,1499.8892869047672
14.43,1499.8897826763227
14.44,1499.8903818361748
14.45,1499.891081501821
14.46,1499.891878790758
14.47,1499.8927708204828
14.48,1499.8937547084936
14.49,1499.894827572286
14.5,1499.8959865293582
14.51,1499.897228697207
14.52,1499.8985511933292
14.53,1499.8999511352224
14.54,1499.901425640383
14.55,1499.9029718263089
14.56,1499.9045868104968
14.57,1499.9062677104434
14.58,1499.908011643646
14.59,1499.909815727602
14.6,1499.911677079809
14.61,1499.9135928177627
14.62,1499.915560058961
14.63,1499.9175759209013
14.64,1499.9196375210806
14.65,1499.921741976995
14.66,1499.9238864061429
14.67,1499.9260679260203
14.68,1499.9282836541254
14.69,1499.9305307079542
14.7,1499.932806205005
14.71,1499.935107262773
14.72,1499.9374309987572
14.73,1499.939774530454
14.74,1499.9421349753604
14.75,1499.944509450973
14.76,1499.9468950747903
14.77,1499.9492889643084
14.78,1499.9516882370242
14.79,1499.9540900104355
14.8,1499.956491402039
14.81,1499.9588895293316
14.82,1499.961281509811
14.83,1499.9636644609734
14.84,1499.966035500317
14.85,1499.9683917453376
14.86,1499.9707303135333
14.87,1499.973048322401
14.88,1499.9753428894376
14.89,1499.97761113214
14.9,1499.979850168006
14.91,1499.9820571145324
14.92,1499.984229089216
14.93,1499.986363209554
14.94,1499.988456593043
14.95,1499.9905063571816
14.96,1499.9925096194654
14.97,1499.994463497392
14.98,1499.9963651084586
14.99,1499.9982115701623
15.0,1500.0
15.01,1500.0017281246126
15.02,1500.0033961072158
15.03,1500.0050047201687
15.04,1500.0065547358302
15.05,1500.00804692656
15.06,1500.0094820647168
15.07,1500.0108609226604
15.08,1500.01218427275
15.09,1500.013452887344
15.1,1500.0146675388023
15.11,1500.015828999484
15.12,1500.0169380417483
15.13,1500.017995437955
15.14,1500.0190019604624
15.15,1500.0199583816304
15.16,1500.0208654738178
15.17,1500.021724009384
15.18,1500.022534760688
15.19,1500.023298500089
15.2,1500.0240159999466
15.21,1500.0246880326197
15.22,1500.025315370468
15.23,1500.02589878585
15.24,1500.0264390511256
15.25,1500.0269369386535
15.26,1500.027393220793
15.27,1500.027808669904
15.28,1500.028184058345
15.29,1500.0285201584752
15.3,1500.0288177426544
15.31,1500.029077583241
15.32,1500.0293004525952
15.33,1500.0294871230751
15.34,1500.029638367041
15.35,1500.029754956851
15.36,1500.0298376648657
15.37,1500.029887263443
15.38,1500.0299045249433
15.39,1500.0298902217246
15.4,1500.0298451261474
15.41,1500.0297700105696
15.42,1500.0296656473515
15.43,1500.029532808852
15.44,1500.0293722674298
15.45,1500.029184795445
15.46,1500.028971165256
15.47,1500.0287321492224
15.48,1500.0284685197037
15.49,1500.0281810490585
15.5,1500.0278705096468
15.51,1500.027537673827
15.52,1500.0271833139589
15.53,1500.0268082024015
15.54,1500.026413111514
15.55,1500.025998813656
15.56,1500.025566081186
15.57,1500.0251156864636
15.58,1500.024648401848
15.59,1500.0241649996983
15.6,1500.0236662523748
15.61,1500.023152932235
15.62,1500.022625811639
15.63,1500.0220856629458
15.64,1500.0215332585155
15.65,1500.020969370706
15.66,1500.0203947718771
15.67,1500.019810234388
15.68,1500.019216530598
15.69,1500.0186144328663
15.7,1500.0180047135525
15.71,1500.0173881450146
15.72,1500.0167654996133
15.73,1500.016137549707
15.74,1500.0155050676549
15.75,1500.0148688258166
15.76,1500.0142295965509
15.77,1500.0135881522174
15.78,1500.0129452651752
15.79,1500.0123017077835
15.8,1500.0116582524015
15.81,1500.0110156713883
15.82,1500.0103747371036
15.83,1500.0097362219058
15.84,1500.0091008981549
15.85,1500.0084695382095
15.86,1500.0078429144291
15.87,1500.0072217991735
15.88,1500.006606964801
15.89,1500.005999183671
15.9,1500.0053992281432
15.91,1500.0048078705768
15.92,1500.0042258833307
15.93,1500.003654038764
15.94,1500.003093109236
15.95,1500.0025438671064
15.96,1500.0020070847336
15.97,1500.0014835344775
15.98,1500.000973988697
15.99,1500.0004792197517
16.0,1500.0
16.01,1499.9995369385867
16.02,1499.9990899917923
16.03,1499.9986589526836
16.04,1499.9982436143264
16.05,1499.9978437697866
16.06,1499.9974592121305
16.07,1499.9970897344233
16.08,1499.996735129732
16.09,1499.9963951911218
16.1,1499.9960697116594
16.11,1499.9957584844103
16.12,1499.9954613024415
16.13,1499.9951779588175
16.14,1499.994908246606
16.15,1499.9946519588714
16.16,1499.9944088886807
16.17,1499.9941788290994
16.18,1499.9939615731944
16.19,1499.9937569140304
16.2,1499.9935646446747
16.21,1499.9933845581925
16.22,1499.9932164476502
16.23,1499.9930601061135
16.24,1499.992915326649
16.25,1499.992781902322
16.26,1499.992659626199
16.27,1499.992548291346
16.28,1499.9924476908286
16.29,1499.9923576177132
16.3,1499.9922778650662
16.31,1499.9922082259525
16.32,1499.992148493439
16.33,1499.9920984605917
16.34,1499.992057920476
16.35,1499.9920266661588
16.36,1499.9920044907055
16.37,1499.9919911871818
16.38,1499.9919865486552
16.39,1499.9919903681896
16.4,1499.992002438853
16.41,1499.99202255371
16.42,1499.9920505058276
16.43,1499.9920860882712
16.44,1499.9921290941072
16.45,1499.9921793164012
16.46,1499.9922365482194
16.47,1499.9923005826276
16.48,1499.992371212693
16.49,1499.9924482314802
16.5,1499.992531432055
16.51,1499.9926206074858
16.52,1499.9927155508358
16.53,1499.9928160551724
16.54,1499.9929219135615
16.55,1499.9930329190688
16.56,1499.993148864761
16.57,1499.9932695437035
16.58,1499.9933947489624
16.59,1499.993524273604
16.6,1499.993657910694
16.61,1499.9937954532984
16.62,1499.9939366944834
16.63,1499.994081427315
16.64,1499.9942294448597
16.65,1499.9943805401829
16.66,1499.9945345063502
16.67,1499.9946911364282
16.68,1499.9948502234836
16.69,1499.9950115605814
16.7,1499.9951749407876
16.71,1499.9953401571688
16.72,1499.9955070027904
16.73,1499.9956752707194
16.74,1499.9958447540207
16.75,1499.996015245761
16.76,1499.9961865390069
16.77,1499.9963584268226
16.78,1499.9965307022755
16.79,1499.9967031584315
16.8,1499.9968755883565
16.81,1499.997047785116
16.82,1499.9972195417772
16.83,1499.9973906514049
16.84,1499.9975609070657
16.85,1499.9977301018257
16.86,1499.9978980287503
16.87,1499.9980644809064
16.88,1499.9982292513596
16.89,1499.9983921331752
16.9,1499.9985529194207
16.91,1499.998711403161
16.92,1499.9988673774628
16.93,1499.9990206353918
16.94,1499.9991709700137
16.95,1499.9993181743948
16.96,1499.9994620416012
16.97,1499.9996023646988
16.98,1499.9997389367538
16.99,1499.9998715508325
17.0,1500.0
17.01,1500.0001241210414
17.02,1500.000243925615
17.03,1500.000359469097
17.04,1500.000470806865
17.05,1500.000577994295
17.06,1500.0006810867635
17.07,1500.000780139648
17.08,1500.0008752083245
17.09,1500.0009663481696
17.1,1500.0010536145608
17.11,1500.001137062874
17.12,1500.0012167484867
17.13,1500.0012927267749
17.14,1500.001365053115
17.15,1500.001433782885
17.16,1500.001498971461
17.17,1500.0015606742186
17.18,1500.0016189465364
17.19,1500.0016738437896
17.2,1500.0017254213556
17.21,1500.0017737346109
17.22,1500.0018188389315
17.23,1500.001860789696
17.24,1500.001899642279
17.25,1500.001935452059
17.26,1500.001968274411
17.27,1500.001998164713
17.28,1500.0020251783412
17.29,1500.002049370672
17.3,1500.002070797083
17.31,1500.00208951295
17.32,1500.0021055736495
17.33,1500.0021190345594
17.34,1500.0021299510556
17.35,1500.002138378515
17.36,1500.0021443723138
17.37,1500.0021479878294
17.38,1500.002149280438
17.39,1500.0021483055166
17.4,1500.0021451184418
17.41,1500.0021397745902
17.42,1500.0021323293392
17.43,1500.0021228380642
17.44,1500.002111356143
17.45,1500.0020979389517
17.46,1500.0020826418672
17.47,1500.002065520266
17.48,1500.0020466295257
17.49,1500.002026025022
17.5,1500.0020037621314
17.51,1500.0019798962317
17.52,1500.0019544826985
17.53,1500.001927576909
17.54,1500.0018992342405
17.55,1500.001869510069
17.56,1500.0018384597709
17.57,1500.0018061387234
17.58,1500.001772602303
17.59,1500.0017379058866
17.6,1500.001702104851
17.61,1500.001665254572
17.62,1500.0016274104275
17.63,1500.0015886277934
17.64,1500.001548962047
17.65,1500.001508468565
17.66,1500.001467202723
17.67,1500.0014252198987
17.68,1500.0013825754688
17.69,1500.0013393248096
17.7,1500.0012955232985
17.71,1500.0012512263108
17.72,1500.0012064892246
17.73,1500.0011613674158
17.74,1500.0011159162618
17.75,1500.0010701911383
17.76,1500.0010242474232
17.77,1500.0009781404922
17.78,1500.0009319257224
17.79,1500.0008856584905
17.8,1500.0008393941732
17.81,1500.0007931881469
17.82,1500.000747095789
17.83,1500.0007011724751
17.84,1500.000655473583
17.85,1500.0006100544892
17.86,1500.0005649705697
17.87,1500.000520277202
17.88,1500.0004760297625
17.89,1500.000432283627
17.9,1500.000389094174
17.91,1500.000346516779
17.92,1500.0003046068189
17.93,1500.0002634196703
17.94,1500.0002230107102
17.95,1500.0001834353154
17.96,1500.000144748862
17.97,1500.0001070067271
17.98,1500.0000702642874
17.99,1500.0000345769197
18.0,1500.0
18.01,1499.9999665772475
18.02,1499.999934305748
18.03,1499.9999031709274
18.04,1499.999873158214
18.05,1499.9998442530343
18.06,1499.999816440816
18.07,1499.9997897069863
18.08,1499.9997640369718
18.09,1499.9997394161996
18.1,1499.9997158300978
18.11,1499.9996932640931
18.12,1499.9996717036129
18.13,1499.9996511340837
18.14,1499.9996315409328
18.15,1499.9996129095882
18.16,1499.999595225477
18.17,1499.9995784740256
18.18,1499.9995626406612
18.19,1499.999547710812
18.2,1499.9995336699042
18.21,1499.9995205033654
18.22,1499.9995081966229
18.23,1499.999496735103
18.24,1499.9994861042342
18.25,1499.999476289443
18.26,1499.9994672761566
18.27,1499.9994590498025
18.28,1499.9994515958072
18.29,1499.9994448995988
18.3,1499.9994389466033
18.31,1499.999433722249
18.32,1499.9994292119627
18.33,1499.9994254011715
18.34,1499.9994222753023
18.35,1499.9994198197828
18.36,1499.9994180200406
18.37,1499.9994168615012
18.38,1499.9994163295935
18.39,1499.9994164097443
18.4,1499.9994170873802
18.41,1499.999418347929
18.42,1499.9994201768172
18.43,1499.9994225594724
18.44,1499.999425481322
18.45,1499.999428927793
18.46,1499.9994328843125
18.47,1499.9994373363072
18.48,1499.999442269205
18.49,1499.9994476684333
18.5,1499.9994535194187
18.51,1499.999459807589
18.52,1499.9994665183704
18.53,1499.9994736371907
18.54,1499.999481149477
18.55,1499.9994890406567
18.56,1499.9994972961565
18.57,1499.9995059014043
18.58,1499.9995148418266
18.59,1499.9995241028507
18.6,1499.9995336699042
18.61,1499.9995435284136
18.62,1499.999553663807
18.63,1499.999564061511
18.64,1499.9995747069524
18.65,1499.999585585559
18.66,1499.9995966827582
18.67,1499.9996079839768
18.68,1499.9996194746418
18.69,1499.9996311401806
18.7,1499.99964296602
18.71,1499.999654937588
18.72,1499.9996670403116
18.73,1499.999679259617
18.74,1499.999691580933
18.75,1499.9997039896853
18.76,1499.999716471302
18.77,1499.9997290112096
18.78,1499.9997415948358
18.79,1499.999754207607
18.8,1499.9997668349522
18.81,1499.9997794622966
18.82,1499.9997920750686
18.83,1499.9998046586948
18.84,1499.9998171986026
18.85,1499.9998296802191
18.86,1499.9998420889713
18.87,1499.9998544102868
18.88,1499.9998666295926
18.89,1499.9998787323157
18.9,1499.999890703884
18.91,1499.9999025297238
18.92,1499.9999141952626
18.93,1499.999925685927
18.94,1499.9999369871457
18.95,1499.9999480843449
18.96,1499.9999589629515
18.97,1499.9999696083937
18.98,1499.9999800060973
18.99,1499.9999901414906
19.0,1500.0
19.01,1500.000009569968
19.02,1500.0000188513943
19.03,1500.0000278471932
19.04,1500.0000365602798
19.05,1500.000044993568
19.06,1500.0000531499727
19.07,1500.000061032409
19.08,1500.00006864379
19.09,1500.000075987032
19.1,1500.0000830650486
19.11,1500.0000898807543
19.12,1500.0000964370645
19.13,1500.000102736892
19.14,1500.000108783153
19.15,1500.000114578762
19.16,1500.0001201266327
19.17,1500.0001254296803
19.18,1500.0001304908194
19.19,1500.000135312964
19.2,1500.000139899029
19.21,1500.0001442519288
19.22,1500.0001483745784
19.23,1500.000152269892
19.24,1500.0001559407842
19.25,1500.00015939017
19.26,1500.0001626209628
19.27,1500.0001656360782
19.28,1500.0001684384308
19.29,1500.0001710309348
19.3,1500.0001734165046
19.31,1500.0001755980552
19.32,1500.0001775785006
19.33,1500.000179360756
19.34,1500.0001809477355
19.35,1500.000182342354
19.36,1500.000183547526
19.37,1500.0001845661657
19.38,1500.0001854011882
19.39,1500.0001860555076
19.4,1500.0001865320382
19.41,1500.0001868336956
19.42,1500.0001869633938
19.43,1500.0001869240473
19.44,1500.0001867185708
19.45,1500.0001863498785
19.46,1500.0001858208852
19.47,1500.0001851345055
19.48,1500.0001842936542
19.49,1500.0001833012454
19.5,1500.0001821601938
19.51,1500.0001808734144
19.52,1500.0001794438213
19.53,1500.000177874329
19.54,1500.000176167852
19.55,1500.0001743273058
19.56,1500.0001723556038
19.57,1500.0001702556608
19.58,1500.0001680303922
19.59,1500.0001656827114
19.6,1500.0001632155338
19.61,1500.0001606317735
19.62,1500.0001579343457
19.63,1500.000155126164
19.64,1500.0001522101434
19.65,1500.0001491891985
19.66,1500.0001460662445
19.67,1500.000142844195
19.68,1500.0001395259649
19.69,1500.000136114469
19.7,1500.0001326126214
19.71,1500.000129023337
19.72,1500.0001253495302
19.73,1500.0001215941156
19.74,1500.000117760008
19.75,1500.0001138501216
19.76,1500.0001098673708
19.77,1500.000105814671
19.78,1500.000101694936
19.79,1500.0000975110804
19.8,1500.0000932660191
19.81,1500.000088962667
19.82,1500.000084603938
19.83,1500.0000801927467
19.84,1500.0000757320076
19.85,1500.0000712246356
19.86,1500.000066673546
19.87,1500.000062081651
19.88,1500.0000574518683
19.89,1500.0000527871098
19.9,1500.000048090291
19.91,1500.000043364327
19.92,1500.0000386121324
19.93,1500.0000338366203
19.94,1500.000029040707
19.95,1500.000024227306
19.96,1500.000019399332
19.97,1500.0000145597
19.98,1500.0000097113243
19.99,1500.0000048571198
20.0,1500.0
20.01,1499.9999951428808
20.02,1499.9999902886757
20.03,1499.9999854403004
20.04,1499.999980600668
20.05,1499.9999757726946
20.06,1499.9999709592937
20.07,1499.99996616338
20.08,1499.999961387868
20.09,1499.9999566356737
20.1,1499.9999519097091
20.11,1499.9999472128904
20.12,1499.999942548132
20.13,1499.999937918349
20.14,1499.9999333264543
20.15,1499.9999287753644
20.16,1499.9999242679928
20.17,1499.9999198072535
20.18,1499.9999153960623
20.19,1499.9999110373335
20.2,1499.9999067339809
20.21,1499.9999024889198
20.22,1499.9998983050646
20.23,1499.9998941853294
20.24,1499.9998901326296
20.25,1499.999886149879
20.26,1499.9998822399923
20.27,1499.999878405885
20.28,1499.9998746504702
20.29,1499.9998709766635
20.3,1499.999867387379
20.31,1499.9998638855316
20.32,1499.9998604740356
20.33,1499.999857155805
20.34,1499.999853933756
20.35,1499.9998508108015
20.36,1499.9998477898569
20.37,1499.9998448738363
20.38,1499.9998420656548
20.39,1499.9998393682267
20.4,1499.9998367844669
20.41,1499.999834317289
20.42,1499.9998319696083
20.43,1499.9998297443394
20.44,1499.9998276443966
20.45,1499.999825672695
20.46,1499.9998238321482
20.47,1499.9998221256717
20.48,1499.9998205561792
20.49,1499.999819126586
20.5,1499.9998178398064
20.51,1499.999816698755
20.52,1499.9998157063465
20.53,1499.9998148654947
20.54,1499.9998141791152
20.55,1499.9998136501215
20.56,1499.99981328143
20.57,1499.9998130759527
20.58,1499.9998130366066
20.59,1499.9998131663042
20.6,1499.9998134679618
20.61,1499.9998139444929
20.62,1499.999814598812
20.63,1499.9998154338346
20.64,1499.999816452474
20.65,1499.999817657646
20.66,1499.999819052265
20.67,1499.9998206392445
20.68,1499.9998224214996
20.69,1499.9998244019453
20.7,1499.9998265834956
20.71,1499.9998289690657
20.72,1499.9998315615694
20.73,1499.9998343639218
20.74,1499.9998373790372
20.75,1499.9998406098305
20.76,1499.999844059216
20.77,1499.9998477301085
20.78,1499.999851625422
20.79,1499.9998557480712
20.8,1499.999860100971
20.81,1499.9998646870365
20.82,1499.999869509181
20.83,1499.9998745703197
20.84,1499.9998798733673
20.85,1499.999885421238
20.86,1499.999891216847
20.87,1499.999897263108
20.88,1499.9999035629362
20.89,1499.999910119246
20.9,1499.999916934952
20.91,1499.9999240129682
20.92,1499.99993135621
20.93,1499.9999389675916
20.94,1499.9999468500275
20.95,1499.9999550064322
20.96,1499.9999634397204
20.97,1499.999972152807
20.98,1499.999981148606
20.99,1499.999990430032
21.0,1500.0
