wind_speed,DANREGN Bonus 55
1.0,0.0
1.01,0.0106874426723624
1.02,0.0210526508922918
1.03,0.0310988795532471
1.04,0.0408293835486872
1.05,0.050247417772071
1.06,0.0593562371168575
1.07,0.0681590964765054
1.08,0.0766592507444739
1.09,0.0848599548142218
1.1,0.0927644635792081
1.11,0.1003760319328915
1.12,0.1076979147687311
1.13,0.1147333669801856
1.14,0.1214856434607143
1.15,0.1279579991037759
1.16,0.1341536888028293
1.17,0.1400759674513335
1.18,0.1457280899427473
1.19,0.1511133111705298
1.2,0.1562348860281397
1.21,0.1610960694090362
1.22,0.1657001162066779
1.23,0.1700502813145239
1.24,0.1741498196260331
1.25,0.1780019860346645
1.26,0.1816100354338768
1.27,0.1849772227171291
1.28,0.1881068027778803
1.29,0.1910020305095892
1.3,0.193666160805715
1.31,0.1961024485597163
1.32,0.1983141486650521
1.33,0.2003045160151815
1.34,0.2020768055035632
1.35,0.2036342720236562
1.36,0.2049801704689194
1.37,0.2061177557328118
1.38,0.2070502827087922
1.39,0.2077810062903197
1.4,0.2083131813708531
1.41,0.2086500628438512
1.42,0.2087949056027731
1.43,0.2087509645410777
1.44,0.2085214945522239
1.45,0.2081097505296706
1.46,0.2075189873668767
1.47,0.2067524599573011
1.48,0.2058134231944029
1.49,0.2047051319716407
1.5,0.2034308411824737
1.51,0.2019938057203607
1.52,0.2003972804787606
1.53,0.1986445203511324
1.54,0.196738780230935
1.55,0.1946833150116273
1.56,0.1924813795866682
1.57,0.1901362288495166
1.58,0.1876511176936316
1.59,0.1850293010124718
1.6,0.1822740336994964
1.61,0.1793885706481641
1.62,0.1763761667519342
1.63,0.1732400769042651
1.64,0.1699835559986162
1.65,0.166609858928446
1.66,0.1631222405872136
1.67,0.1595239558683781
1.68,0.1558182596653982
1.69,0.1520084068717328
1.7,0.1480976523808408
1.71,0.1440892510861815
1.72,0.1399864578812134
1.73,0.1357925276593954
1.74,0.1315107153141866
1.75,0.127144275739046
1.76,0.1226964638274325
1.77,0.1181705344728047
1.78,0.113569742568622
1.79,0.1088973430083429
1.8,0.1041565906854266
1.81,0.0993507404933318
1.82,0.0944830473255175
1.83,0.0895567660754427
1.84,0.0845751516365663
1.85,0.0795414589023472
1.86,0.0744589427662442
1.87,0.0693308581217164
1.88,0.0641604598622228
1.89,0.058951002881222
1.9,0.0537057420721732
1.91,0.048427932328535
1.92,0.0431208285437666
1.93,0.0377876856113268
1.94,0.0324317584246747
1.95,0.027056301877269
1.96,0.0216645708625688
1.97,0.0162598202740329
1.98,0.0108453050051201
1.99,0.0054242799492894
2.0,0.0
2.01,0.0
2.02,0.0
2.03,0.0
2.04,0.0
2.05,0.0
2.06,0.0
2.07,0.0
2.08,0.0
2.09,0.0
2.1,0.0
2.11,0.0
2.12,0.0
2.13,0.0
2.14,0.0
2.15,0.0
2.16,0.0
2.17,0.0
2.18,0.0
2.19,0.0
2.2,0.0
2.21,0.0
2.22,0.0
2.23,0.0
2.24,0.0
2.25,0.0
2.26,0.0
2.27,0.0
2.28,0.0
2.29,0.0
2.3,0.0
2.31,0.0
2.32,0.0
2.33,0.0
2.34,0.0
2.35,0.0
2.36,0.0
2.37,0.0
2.38,0.0
2.39,0.0
2.4,0.0
2.41,0.0
2.42,0.0
2.43,0.0
2.44,0.0
2.45,0.0
2.46,0.0
2.47,0.0
2.48,0.0
2.49,0.0
2.5,0.0
2.51,0.0
2.52,0.0
2.53,0.0
2.54,0.0
2.55,0.0
2.56,0.0
2.57,0.0
2.58,0.0
2.59,0.0
2.6,0.0
2.61,0.0
2.62,0.0
2.63,0.0
2.64,0.0
2.65,0.0
2.66,0.0
2.67,0.0
2.68,0.0
2.69,0.0
2.7,0.0
2.71,0.0
2.72,0.0
2.73,0.0
2.74,0.0
2.75,0.0
2.76,0.0
2.77,0.0
2.78,0.0
2.79,0.0
2.8,0.0
2.81,0.0
2.82,0.0
2.83,0.0
2.84,0.0
2.85,0.0
2.86,0.0
2.87,0.0
2.88,0.0
2.89,0.0
2.9,0.0
2.91,0.0
2.92,0.0
2.93,0.0
2.94,0.0
2.95,0.0
2.96,0.0
2.97,0.0
2.98,0.0
2.99,0.0
3.0,0.0
3.01,0.0110121771247949
3.02,0.0223485691281881
3.03,0.0340079015428832
3.04,0.0459888999015877
3.05,0.0582902897370045
3.06,0.0709107965818413
3.07,0.0838491459688016
3.08,0.0971040634305926
3.09,0.1106742744999176
3.1,0.1245585047094841
3.11,0.1387554795919962
3.12,0.1532639246801596
3.13,0.16808256550668
3.14,0.1832101276042627
3.15,0.1986453365056125
3.16,0.2143869177434362
3.17,0.230433596850437
3.18,0.2467840993593227
3.19,0.263437150802797
3.2,0.2803914767135665
3.21,0.2976458026243352
3.22,0.31519885406781
3.23,0.3330493565766945
3.24,0.3511960356836969
3.25,0.3696376169215195
3.26,0.3883728258228692
3.27,0.4074003879204523
3.28,0.426719028746972
3.29,0.4463274738351362
3.3,0.4662244487176482
3.31,0.4864086789272147
3.32,0.50687888999654
3.33,0.5276338074583308
3.34,0.5486721568452908
3.35,0.5699926636901279
3.36,0.5915940535255445
3.37,0.6134750518842487
3.38,0.6356343842989437
3.39,0.6580707763023373
3.4,0.6807829534271321
3.41,0.703769641206036
3.42,0.7270295651717529
3.43,0.750561450856989
3.44,0.7743640237944485
3.45,0.7984360095168391
3.46,0.8227761335568631
3.47,0.8473831214472292
3.48,0.8722556987206393
3.49,0.8973925909098022
3.5,0.9227925235474208
3.51,0.9484542221662018
3.52,0.9743764122988506
3.53,1.000557819478071
3.54,1.0269971692365716
3.55,1.053693187107054
3.56,1.080644598622227
3.57,1.107850129314794
3.58,1.1353085047174614
3.59,1.1630184503629324
3.6,1.1909786917839162
3.61,1.219187954513114
3.62,1.247644964083235
3.63,1.2763484460269816
3.64,1.305297125877062
3.65,1.3344897291661784
3.66,1.3639249814270396
3.67,1.3936016081923477
3.68,1.423518334994811
3.69,1.4536738873671322
3.7,1.4840669908420197
3.71,1.5146963709521752
3.72,1.5455607532303088
3.73,1.5766588632091212
3.74,1.6079894264213217
3.75,1.639551168399612
3.76,1.6713428146766989
3.77,1.7033630907852912
3.78,1.7356107222580892
3.79,1.768084434627802
3.8,1.8007829534271325
3.81,1.833705004188788
3.82,1.866849312445472
3.83,1.900214603729892
3.84,1.933799603574751
3.85,1.9676030375127571
3.86,2.001623631076613
3.87,2.035860109799027
3.88,2.070311199212701
3.89,2.1049756248503444
3.9,2.139852112244659
3.91,2.1749393869283526
3.92,2.210236174434129
3.93,2.245741200294696
3.94,2.281453190042756
3.95,2.317370869211016
3.96,2.3534929633321804
3.97,2.389818197938957
3.98,2.426345298564048
3.99,2.4630729907401614
4.0,2.5
4.01,2.53712517846005
4.02,2.574447884571905
4.03,2.6119676033709456
4.04,2.6496838198925343
4.05,2.6875960191720547
4.06,2.7257036862448776
4.07,2.764006306146379
4.08,2.80250336391193
4.09,2.841194344576906
4.1,2.8800787331766813
4.11,2.919156014746633
4.12,2.9584256743221307
4.13,2.9978871969385485
4.14,3.037540067631264
4.15,3.077383771435651
4.16,3.1174177933870806
4.17,3.1576416185209286
4.18,3.198054731872569
4.19,3.238656618477379
4.2,3.2794467633707267
4.21,3.3204246515879903
4.22,3.3615897681645426
4.23,3.4029415981357616
4.24,3.4444796265370154
4.25,3.4862033384036804
4.26,3.5281122187711302
4.27,3.57020575267474
4.28,3.612483425149889
4.29,3.654944721231941
4.3,3.697589125956276
4.31,3.740416124358269
4.32,3.783425201473295
4.33,3.8266158423367225
4.34,3.869987531983928
4.35,3.913539755450287
4.36,3.9572719977711777
4.37,4.001183743981965
4.38,4.045274479118028
4.39,4.089543688214741
4.4,4.1339908563074825
4.41,4.178615468431618
4.42,4.223417009622524
4.43,4.268394964915578
4.44,4.313548819346155
4.45,4.358878057949624
4.46,4.404382165761361
4.47,4.45006062781674
4.48,4.4959129291511415
4.49,4.541938554799928
4.5,4.588136989798481
4.51,4.634507719182175
4.52,4.68105022798638
4.53,4.727764001246478
4.54,4.774648523997834
4.55,4.821703281275826
4.56,4.868927758115827
4.57,4.916321439553218
4.58,4.963883810623361
4.59,5.01161435636164
4.6,5.059512561803423
4.61,5.107577911984092
4.62,5.155809891939012
4.63,5.204207986703561
4.64,5.252771681313113
4.65,5.301500460803047
4.66,5.350393810208728
4.67,5.399451214565534
4.68,5.448672158908842
4.69,5.498056128274027
4.7,5.547602607696457
4.71,5.597311082211507
4.72,5.6471810368545565
4.73,5.697211956660977
4.74,5.747403326666142
4.75,5.797754631905424
4.76,5.848265357414199
4.77,5.898934988227842
4.78,5.94976300938173
4.79,6.000748905911229
4.8,6.051892162851718
4.81,6.10319226523857
4.82,6.154648698107165
4.83,6.206260946492868
4.84,6.2580284954310565
4.85,6.309950829957106
4.86,6.362027435106395
4.87,6.414257795914287
4.88,6.466641397416163
4.89,6.519177724647394
4.9,6.571866262643362
4.91,6.62470649643943
4.92,6.677697911070977
4.93,6.730839991573379
4.94,6.784132222982012
4.95,6.837574090332242
4.96,6.89116507865945
4.97,6.944904672999007
4.98,6.998792358386293
4.99,7.052827619856672
5.0,7.107009942445524
5.01,7.161338811188221
5.02,7.215813711120141
5.03,7.27043412727666
5.04,7.325199544693144
5.05,7.38010944840497
5.06,7.435163323447517
5.07,7.490360654856156
5.08,7.545700927666258
5.09,7.601183626913199
5.1,7.656808237632354
5.11,7.712574244859101
5.12,7.768481133628806
5.13,7.82452838897685
5.14,7.880715495938602
5.15,7.937041939549444
5.16,7.99350720484474
5.17,8.050110776859869
5.18,8.106852140630204
5.19,8.163730781191127
5.2,8.220746183578003
5.21,8.277897832826204
5.22,8.33518521397111
5.23,8.392607812048098
5.24,8.450165112092535
5.25,8.507856599139796
5.26,8.56568175822526
5.27,8.623640074384298
5.28,8.681731032652289
5.29,8.739954118064595
5.3,8.798308815656604
5.31,8.856794610463679
5.32,8.915410987521204
5.33,8.974157431864548
5.34,9.03303342852908
5.35,9.092038462550182
5.36,9.15117201896323
5.37,9.21043358280359
5.38,9.26982263910664
5.39,9.329338672907754
5.4,9.388981169242312
5.41,9.448749613145678
5.42,9.508643489653227
5.43,9.56866228380034
5.44,9.628805480622391
5.45,9.689072565154747
5.46,9.749463022432789
5.47,9.809976337491884
5.48,9.870611995367415
5.49,9.931369481094752
5.5,9.992248279709264
5.51,10.053247876246331
5.52,10.114367755741329
5.53,10.175607403229632
5.54,10.236966303746604
5.55,10.298443942327628
5.56,10.360039804008078
5.57,10.42175337382333
5.58,10.483584136808751
5.59,10.54553157799972
5.6,10.607595182431613
5.61,10.6697744351398
5.62,10.732068821159654
5.63,10.794477825526553
5.64,10.85700093327587
5.65,10.91963762944298
5.66,10.982387399063256
5.67,11.04524972717207
5.68,11.108224098804795
5.69,11.17130999899682
5.7,11.234506912783502
5.71,11.297814325200218
5.72,11.361231721282344
5.73,11.424758586065265
5.74,11.488394404584335
5.75,11.552138661874942
5.76,11.615990842972453
5.77,11.679950432912248
5.78,11.744016916729706
5.79,11.808189779460186
5.8,11.872468506139068
5.81,11.936852581801732
5.82,12.001341491483553
5.83,12.065934720219891
5.84,12.130631753046137
5.85,12.195432074997656
5.86,12.260335171109826
5.87,12.325340526418016
5.88,12.390447625957602
5.89,12.45565595476396
5.9,12.520964997872472
5.91,12.586374240318497
5.92,12.651883167137411
5.93,12.717491263364597
5.94,12.783198014035433
5.95,12.849002904185276
5.96,12.914905418849507
5.97,12.98090504306351
5.98,13.047001261862654
5.99,13.113193560282305
6.0,13.179481423357842
6.01,13.24586433612464
6.02,13.312341783618074
6.03,13.378913250873524
6.04,13.445578222926354
6.05,13.512336184811938
6.06,13.579186621565654
6.07,13.646129018222885
6.08,13.713162859818988
6.09,13.780287631389344
6.1,13.84750281796933
6.11,13.914807904594328
6.12,13.982202376299693
6.13,14.04968571812081
6.14,14.11725741509305
6.15,14.184916952251797
6.16,14.252663814632411
6.17,14.320497487270272
6.18,14.388417455200758
6.19,14.45642320345924
6.2,14.524514217081093
6.21,14.592689981101682
6.22,14.660949980556396
6.23,14.729293700480609
6.24,14.797720625909676
6.25,14.866230241878988
6.26,14.934822033423917
6.27,15.003495485579828
6.28,15.072250083382112
6.29,15.141085311866126
6.3,15.210000656067256
6.31,15.278995601020869
6.32,15.348069631762344
6.33,15.41722223332705
6.34,15.486452890750364
6.35,15.55576108906766
6.36,15.625146313314318
6.37,15.6946080485257
6.38,15.764145779737186
6.39,15.833758991984151
6.4,15.90344717030198
6.41,15.973209799726025
6.42,16.04304636529167
6.43,16.112956352034292
6.44,16.182939244989264
6.45,16.252994529191966
6.46,16.32312168967776
6.47,16.39332021148202
6.48,16.463589579640136
6.49,16.53392927918747
6.5,16.604338795159393
6.51,16.674817612591287
6.52,16.745365216518525
6.53,16.815981091976482
6.54,16.886664724000525
6.55,16.957415597626035
6.56,17.028233197888383
6.57,17.099117009822947
6.58,17.170066518465095
6.59,17.241081208850208
6.6,17.312160566013652
6.61,17.383304074990818
6.62,17.454511220817057
6.63,17.525781488527755
6.64,17.597114363158283
6.65,17.66850932974403
6.66,17.739965873320347
6.67,17.811483478922618
6.68,17.88306163158622
6.69,17.954699816346533
6.7,18.026397518238912
6.71,18.098154222298746
6.72,18.1699694135614
6.73,18.241842577062265
6.74,18.313773197836703
6.75,18.385760760920075
6.76,18.457804751347783
6.77,18.529904654155175
6.78,18.60205995437765
6.79,18.674270137050566
6.8,18.74653468720929
6.81,18.81885308988922
6.82,18.89122483012572
6.83,18.963649392954142
6.84,19.036126263409898
6.85,19.108654926528335
6.86,19.18123486734484
6.87,19.25386557089478
6.88,19.32654652221353
6.89,19.399277206336468
6.9,19.47205710829897
6.91,19.5448857131364
6.92,19.617762505884137
6.93,19.69068697157756
6.94,19.763658595252046
6.95,19.83667686194295
6.96,19.909741256685667
6.97,19.98285126451556
6.98,20.05600637046801
6.99,20.129206059578383
7.0,20.202449816882066
7.01,20.275737127414413
7.02,20.34906747621081
7.03,20.42244034830664
7.04,20.495855228737263
7.05,20.569311602538058
7.06,20.6428089547444
7.07,20.71634677039167
7.08,20.789924534515222
7.09,20.86354173215045
7.1,20.93719784833272
7.11,21.01089236809741
7.12,21.08462477647989
7.13,21.15839455851553
7.14,21.23220119923971
7.15,21.306044183687817
7.16,21.379922996895196
7.17,21.453837123897245
7.18,21.52778604972933
7.19,21.60176925942682
7.2,21.675786238025097
7.21,21.749836470559533
7.22,21.823919442065502
7.23,21.898034637578384
7.24,21.97218154213354
7.25,22.046359640766354
7.26,22.12056841851219
7.27,22.19480736040644
7.28,22.26907595148446
7.29,22.34337367678164
7.3,22.41770002133333
7.31,22.49205447017493
7.32,22.566436508341816
7.33,22.64084562086933
7.34,22.715281292792884
7.35,22.78974300914782
7.36,22.86423025496954
7.37,22.938742515293395
7.38,23.01327927515477
7.39,23.087840019589034
7.4,23.162424233631583
7.41,23.23703140231776
7.42,23.311661010682958
7.43,23.386312543762536
7.44,23.460985486591888
7.45,23.535679324206377
7.46,23.61039354164137
7.47,23.68512762393226
7.48,23.75988105611441
7.49,23.834653323223183
7.5,23.909443910293977
7.51,23.984252302362137
7.52,24.059077984463077
7.53,24.133920441632142
7.54,24.208779158904704
7.55,24.283653621316148
7.56,24.358543313901848
7.57,24.433447721697178
7.58,24.508366329737505
7.59,24.58329862305821
7.6,24.658244086694665
7.61,24.73320220568224
7.62,24.808172465056323
7.63,24.883154349852276
7.64,24.958147345105463
7.65,25.033150935851296
7.66,25.108164607125104
7.67,25.183187843962283
7.68,25.25822013139821
7.69,25.333260954468265
7.7,25.408309798207792
7.71,25.48336614765219
7.72,25.558429487836836
7.73,25.6334993037971
7.74,25.70857508056833
7.75,25.783656303185943
7.76,25.858742456685285
7.77,25.933833026101738
7.78,26.008927496470683
7.79,26.084025352827474
7.8,26.159126080207503
7.81,26.23422916364614
7.82,26.30933408817877
7.83,26.384440338840744
7.84,26.459547400667446
7.85,26.53465475869425
7.86,26.609761897956545
7.87,26.684868303489683
7.88,26.75997346032905
7.89,26.83507685351001
7.9,26.91017796806796
7.91,26.985276289038246
7.92,27.060371301456257
7.93,27.13546249035737
7.94,27.21054934077695
7.95,27.28563133775037
7.96,27.360707966313026
7.97,27.43577871150025
7.98,27.51084305834747
7.99,27.585900491890012
8.0,27.66095049716328
8.01,27.73599255920264
8.02,27.81102616304345
8.03,27.88605079372111
8.04,27.961065936270977
8.05,28.036071075728444
8.06,28.11106569712886
8.07,28.18604928550761
8.08,28.261021325900074
8.09,28.33598130334162
8.1,28.410928702867626
8.11,28.48586300951345
8.12,28.56078370831449
8.13,28.63569028430613
8.14,28.7105822225237
8.15,28.7854590080026
8.16,28.8603201257782
8.17,28.935165060885883
8.18,29.00999329836101
8.19,29.084804323238973
8.2,29.159597620555125
8.21,29.234372675344865
8.22,29.309128972643546
8.23,29.383865997486534
8.24,29.45858323490924
8.25,29.533280169946995
8.26,29.607956287635208
8.27,29.682611073009227
8.28,29.75724401110444
8.29,29.83185458695622
8.3,29.90644228559996
8.31,29.981006592070997
8.32,30.05554699140472
8.33,30.130062968636512
8.34,30.204554008801743
8.35,30.279019596935772
8.36,30.353459218073997
8.37,30.42787235725178
8.38,30.502258499504507
8.39,30.57661712986753
8.4,30.650947733376235
8.41,30.72524979506599
8.42,30.799522799972188
8.43,30.873766233130183
8.44,30.947979579575357
8.45,31.02216232434308
8.46,31.09631395246874
8.47,31.1704339489877
8.48,31.24452179893533
8.49,31.318576987347008
8.5,31.392598999258094
8.51,31.46658731970401
8.52,31.54054143372008
8.53,31.614460826341706
8.54,31.688344982604228
8.55,31.76219338754307
8.56,31.83600552619357
8.57,31.90978088359111
8.58,31.98351894477107
8.59,32.05721919476882
8.6,32.13088111861973
8.61,32.204504201359185
8.62,32.27808792802254
8.63,32.35163178364521
8.64,32.425135253262525
8.65,32.498597821909875
8.66,32.57201897462264
8.67,32.645398196436176
8.68,32.718734972385874
8.69,32.79202878750711
8.7,32.86527912683525
8.71,32.93848547540568
8.72,33.01164731825375
8.73,33.084764140414855
8.74,33.157835426924365
8.75,33.23086066281764
8.76,33.30383933313007
8.77,33.37677092289704
8.78,33.44965491715389
8.79,33.522490800936026
8.8,33.59527805927881
8.81,33.66801617721761
8.82,33.74070463978781
8.83,33.813342932024774
8.84,33.88593053896389
8.85,33.95846694564052
8.86,34.03095163709004
8.87,34.103384098347824
8.88,34.17576381444927
8.89,34.248090270429714
8.9,34.32036295132455
8.91,34.392581342169144
8.92,34.46474492799888
8.93,34.53685319384912
8.94,34.60890562475525
8.95,34.680901705752646
8.96,34.75284092187668
8.97,34.824722758162714
8.98,34.89654669964613
8.99,34.968312231362304
9.0,35.0400188383466
9.01,35.11166600563441
9.02,35.1832532182611
9.03,35.25477996126203
9.04,35.326245719672606
9.05,35.397649978528186
9.06,35.46899222286413
9.07,35.54027193771583
9.08,35.611488608118634
9.09,35.68264171910795
9.1,35.75373075571913
9.11,35.824755202987575
9.12,35.89571454594862
9.13,35.96660826963768
9.14,36.0374358590901
9.15,36.10819679934126
9.16,36.17889057542653
9.17,36.24951667238129
9.18,36.32007457524092
9.19,36.3905637690408
9.2,36.46098373881628
9.21,36.53133396960278
9.22,36.601613946435606
9.23,36.67182315435017
9.24,36.741961078381856
9.25,36.81202720356602
9.26,36.88202101493805
9.27,36.9519419975333
9.28,37.02178963638716
9.29,37.091563416535
9.3,37.161262823012216
9.31,37.23088734085414
9.32,37.30043645509617
9.33,37.36990965077368
9.34,37.43930641292202
9.35,37.508626226576624
9.36,37.5778685767728
9.37,37.64703294854596
9.38,37.71611882693148
9.39,37.78512569696471
9.4,37.85405304368104
9.41,37.92290035211583
9.42,37.99166710730447
9.43,38.06035279428232
9.44,38.12895689808478
9.45,38.1974789037472
9.46,38.26591829630496
9.47,38.334274560793446
9.48,38.402547182248014
9.49,38.47073564570404
9.5,38.5388394361969
9.51,38.60685803876199
9.52,38.67479093843465
9.53,38.74263762025028
9.54,38.81039756924423
9.55,38.87807027045192
9.56,38.94565520890866
9.57,39.013151869649874
9.58,39.080559737710914
9.59,39.147878298127154
9.6,39.21510703593398
9.61,39.28224543616675
9.62,39.349292983860856
9.63,39.41624916405168
9.64,39.48311346177455
9.65,39.54988536206488
9.66,39.61656434995804
9.67,39.68314991048939
9.68,39.74964152869432
9.69,39.81603868960819
9.7,39.88234087826638
9.71,39.94854757970429
9.72,40.01465827895724
9.73,40.08067246106065
9.74,40.14658961104986
9.75,40.21240921396027
9.76,40.278130754827245
9.77,40.34375371868616
9.78,40.4092775905724
9.79,40.4747018555213
9.8,40.5400259985683
9.81,40.60524950474871
9.82,40.67037185909794
9.83,40.73539254665135
9.84,40.80031105244432
9.85,40.86512686151222
9.86,40.92983945889043
9.87,40.99444832961432
9.88,41.05895295871929
9.89,41.123352831240645
9.9,41.18764743221383
9.91,41.25183624667419
9.92,41.3159187596571
9.93,41.37989445619793
9.94,41.44376282133206
9.95,41.50752334009488
9.96,41.571175497521736
9.97,41.63471877864802
9.98,41.6981526685091
9.99,41.761476652140345
10.0,41.824690214577146
10.01,41.88779284085486
10.02,41.95078401600886
10.03,42.01366322507453
10.04,42.07642995308724
10.05,42.1390836850824
10.06,42.20162390609531
10.07,42.2640501011614
10.08,42.32636175531602
10.09,42.38855835359456
10.1,42.45063938103237
10.11,42.51260432266486
10.12,42.57445266352738
10.13,42.63618388865531
10.14,42.69779748308403
10.15,42.75929293184889
10.16,42.82066971998529
10.17,42.88192733252859
10.18,42.94306525451418
10.19,43.00408297097741
10.2,43.064979966953686
10.21,43.12575572747837
10.22,43.1864097375868
10.23,43.2469414823144
10.24,43.30735044669652
10.25,43.36763611576853
10.26,43.42779797456583
10.27,43.48783550812375
10.28,43.54774820147772
10.29,43.60753553966308
10.3,43.66719700771521
10.31,43.72673209066947
10.32,43.78614027356125
10.33,43.845421041425936
10.34,43.90457387929888
10.35,43.96359827221546
10.36,44.02249370521106
10.37,44.08125966332104
10.38,44.1398956315808
10.39,44.19840109502569
10.4,44.25677553869107
10.41,44.31501844761236
10.42,44.37312930682491
10.43,44.43110760136408
10.44,44.48895281626525
10.45,44.546664436563816
10.46,44.60424194729515
10.47,44.66168483349459
10.48,44.71899258019755
10.49,44.77616467243938
10.5,44.83320059525546
10.51,44.89009983368117
10.52,44.94686187275188
10.53,45.003486197502966
10.54,45.0599722929698
10.55,45.11631964418776
10.56,45.172527736192215
10.57,45.22859605401855
10.58,45.28452408270212
10.59,45.3403113072783
10.6,45.39595721278248
10.61,45.45146128425005
10.62,45.50682300671633
10.63,45.56204186521676
10.64,45.61711734478666
10.65,45.67204893046142
10.66,45.726836107276426
10.67,45.781478360267045
10.68,45.83597517446864
10.69,45.89032603491661
10.7,45.94453042664631
10.71,45.998587834693126
10.72,46.05249774409242
10.73,46.106259639879575
10.74,46.15987300708995
10.75,46.21333733075895
10.76,46.26665209592191
10.77,46.31981678761424
10.78,46.372830890871285
10.79,46.42569389072844
10.8,46.47840527222108
10.81,46.53096452038456
10.82,46.58337112025427
10.83,46.635624556865565
10.84,46.687724315253845
10.85,46.73966988045448
10.86,46.79146073750283
10.87,46.84309637143427
10.88,46.894576267284194
10.89,46.945899910087945
10.9,46.99706678488092
10.91,47.04807637669849
10.92,47.09892817057602
10.93,47.1496216515489
10.94,47.200156304652495
10.95,47.25053161492217
10.96,47.30074706739332
10.97,47.3508021471013
10.98,47.40069633908149
10.99,47.45042912836927
11.0,47.5
11.01,47.5494088880255
11.02,47.59865752256329
11.03,47.64774808274735
11.04,47.69668274771162
11.05,47.74546369659007
11.06,47.79409310851666
11.07,47.84257316262536
11.08,47.89090603805012
11.09,47.93909391392491
11.1,47.98713896938368
11.11,48.035043383560414
11.12,48.08280933558904
11.13,48.130439004603566
11.14,48.17793456973789
11.15,48.22529821012604
11.16,48.27253210490193
11.17,48.31963843319955
11.18,48.36661937415285
11.19,48.413477106895776
11.2,48.46021381056232
11.21,48.50683166428645
11.22,48.55333284720207
11.23,48.5997195384432
11.24,48.64599391714378
11.25,48.69215816243777
11.26,48.73821445345912
11.27,48.784164969341816
11.28,48.83001188921981
11.29,48.87575739222705
11.3,48.92140365749752
11.31,48.966952864165165
11.32,49.01240719136397
11.33,49.05776881822786
11.34,49.10303992389082
11.35,49.148222687486815
11.36,49.193319288149794
11.37,49.23833190501371
11.38,49.28326271721257
11.39,49.328113903880286
11.4,49.37288764415084
11.41,49.41758611715818
11.42,49.46221150203628
11.43,49.50676597791912
11.44,49.551251723940624
11.45,49.59567091923477
11.46,49.64002574293555
11.47,49.68431837417686
11.48,49.72855099209272
11.49,49.77272577581706
11.5,49.81684490448386
11.51,49.86091055722706
11.52,49.90492491318064
11.53,49.94889015147855
11.54,49.99280845125478
11.55,50.03668199164325
11.56,50.08051295177795
11.57,50.12430351079283
11.58,50.16805584782185
11.59,50.21177214199897
11.6,50.25545457245818
11.61,50.29910531833339
11.62,50.342726558758606
11.63,50.38632047286777
11.64,50.42988923979486
11.65,50.4734350386738
11.66,50.5169600486386
11.67,50.56046644882319
11.68,50.603956418361534
11.69,50.64743213638759
11.7,50.69089578203535
11.71,50.73434953443876
11.72,50.77779557273176
11.73,50.821236076048336
11.74,50.86467322352243
11.75,50.90810919428802
11.76,50.95154616747907
11.77,50.99498632222952
11.78,51.03843183767336
11.79,51.08188489294453
11.8,51.12534766717701
11.81,51.168822339504736
11.82,51.21231108906169
11.83,51.255816094981824
11.84,51.2993395363991
11.85,51.34288359244749
11.86,51.38645044226095
11.87,51.43004226497344
11.88,51.47366123971892
11.89,51.51730954563135
11.9,51.56098936184469
11.91,51.60470286749292
11.92,51.648452241709975
11.93,51.69223966362984
11.94,51.73606731238645
11.95,51.7799373671138
11.96,51.82385200694584
11.97,51.867813411016506
11.98,51.911823758459775
11.99,51.95588522840963
12.0,52.0
12.01,52.044169197557125
12.02,52.08838972617625
12.03,52.13265743614484
12.04,52.1769681777504
12.05,52.22131780128041
12.06,52.265702157022375
12.07,52.31011709526379
12.08,52.35455846629214
12.09,52.39902212039492
12.1,52.443503907859615
12.11,52.48799967897372
12.12,52.53250528402474
12.13,52.57701657330016
12.14,52.62152939708745
12.15,52.66603960567414
12.16,52.71054304934769
12.17,52.75503557839562
12.18,52.79951304310539
12.19,52.843971293764525
12.2,52.88840618066049
12.21,52.93281355408079
12.22,52.97718926431292
12.23,53.02152916164437
12.24,53.06582909636261
12.25,53.11008491875516
12.26,53.15429247910952
12.27,53.19844762771315
12.28,53.24254621485356
12.29,53.28658409081824
12.3,53.33055710589469
12.31,53.37446111037039
12.32,53.41829195453283
12.33,53.4620454886695
12.34,53.50571756306791
12.35,53.54930402801555
12.36,53.59280073379989
12.37,53.63620353070845
12.38,53.6795082690287
12.39,53.722710799048144
12.4,53.76580697105428
12.41,53.80879263533456
12.42,53.851663642176526
12.43,53.89441584186765
12.44,53.93704508469543
12.45,53.97954722094733
12.46,54.021918100910895
12.47,54.06415357487358
12.48,54.10624949312287
12.49,54.14820170594627
12.5,54.19000606363129
12.51,54.23165841646539
12.52,54.273154614736086
12.53,54.31449050873085
12.54,54.3556619487372
12.55,54.39666478504261
12.56,54.437494867934575
12.57,54.47814804770058
12.58,54.51862017462812
12.59,54.55890709900469
12.6,54.59900467111781
12.61,54.63890874125492
12.62,54.67861515970355
12.63,54.71811977675118
12.64,54.75741844268529
12.65,54.796507007793394
12.66,54.83538132236297
12.67,54.87403723668152
12.68,54.91247060103651
12.69,54.95067726571547
12.7,54.988653081005886
12.71,55.026393897195206
12.72,55.06389556457098
12.73,55.101153933420655
12.74,55.13816485403176
12.75,55.17492417669175
12.76,55.21142775168816
12.77,55.24767142930845
12.78,55.28365105984011
12.79,55.31936249357065
12.8,55.35480158078756
12.81,55.38996417177832
12.82,55.42484611683044
12.83,55.45944326623139
12.84,55.49375147026867
12.85,55.52776657922978
12.86,55.5614844434022
12.87,55.594900913073445
12.88,55.62801183853097
12.89,55.660813070062304
12.9,55.69330045795492
12.91,55.7254698524963
12.92,55.757317103973975
12.93,55.7888380626754
12.94,55.82002857888808
12.95,55.8508845028995
12.96,55.88140168499716
12.97,55.91157597546854
12.98,55.941403224601146
12.99,55.97087928268247
13.0,56.0
13.01,56.02876282174599
13.02,56.05717157273176
13.03,56.08523167267335
13.04,56.11294854128685
13.05,56.14032759828834
13.06,56.16737426339388
13.07,56.19409395631952
13.08,56.22049209678136
13.09,56.24657410449546
13.1,56.27234539917789
13.11,56.29781140054472
13.12,56.322977528312016
13.13,56.34784920219587
13.14,56.37243184191232
13.15,56.396730867177446
13.16,56.42075169770733
13.17,56.444499753218025
13.18,56.46798045342562
13.19,56.49119921804617
13.2,56.51416146679575
13.21,56.53687261939045
13.22,56.559338095546295
13.23,56.581563314979405
13.24,56.60355369740581
13.25,56.625314662541605
13.26,56.64685163010287
13.27,56.66817001980562
13.28,56.689275251365984
13.29,56.71017274450001
13.3,56.73086791892379
13.31,56.75136619435335
13.32,56.771672990504776
13.33,56.79179372709417
13.34,56.81173382383756
13.35,56.83149870045104
13.36,56.85109377665067
13.37,56.87052447215251
13.38,56.88979620667267
13.39,56.90891439992719
13.4,56.92788447163215
13.41,56.94671184150361
13.42,56.96540192925764
13.43,56.98396015461032
13.44,57.00239193727771
13.45,57.02070269697589
13.46,57.03889785342093
13.47,57.05698282632889
13.48,57.07496303541585
13.49,57.092843900397874
13.5,57.11063084099104
13.51,57.128329276911415
13.52,57.14594462787505
13.53,57.16348231359805
13.54,57.18094775379647
13.55,57.19834636818637
13.56,57.21568357648383
13.57,57.23296479840493
13.58,57.2501954536657
13.59,57.26738096198226
13.6,57.28452674307066
13.61,57.30163821664696
13.62,57.31872080242724
13.63,57.33577992012757
13.64,57.35282098946403
13.65,57.36984943015267
13.66,57.38687066190957
13.67,57.4038901044508
13.68,57.42091317749244
13.69,57.43794530075053
13.7,57.45499189394117
13.71,57.47205837678042
13.72,57.48915016898436
13.73,57.50627269026905
13.74,57.52343136035055
13.75,57.54063159894495
13.76,57.5578788257683
13.77,57.57517846053671
13.78,57.59253592296619
13.79,57.60995663277287
13.8,57.62744600967278
13.81,57.645009473382
13.82,57.66265244361661
13.83,57.68038034009266
13.84,57.69819858252625
13.85,57.71611259063343
13.86,57.73412778413025
13.87,57.75224958273283
13.88,57.77048340615722
13.89,57.78883467411946
13.9,57.807308806335655
13.91,57.82591122252187
13.92,57.84464734239416
13.93,57.86352258566862
13.94,57.882542372061295
13.95,57.90171212128827
13.96,57.9210372530656
13.97,57.94052318710937
13.98,57.960175343135646
13.99,57.97999914086049
14.0,58.0
14.01,58.02018151545891
14.02,58.04053998289677
14.03,58.06106987316179
14.04,58.08176565710221
14.05,58.10262180556626
14.06,58.12363278940216
14.07,58.14479307945815
14.08,58.16609714658243
14.09,58.187539461623246
14.1,58.20911449542883
14.11,58.230816718847386
14.12,58.25264060272718
14.13,58.27458061791642
14.14,58.29663123526331
14.15,58.31878692561612
14.16,58.34104215982303
14.17,58.36339140873231
14.18,58.38582914319215
14.19,58.4083498340508
14.2,58.4309479521565
14.21,58.453617968357456
14.22,58.47635435350188
14.23,58.49915157843804
14.24,58.52200411401413
14.25,58.5449064310784
14.26,58.56785300047906
14.27,58.59083829306434
14.28,58.613856779682486
14.29,58.63690293118169
14.3,58.65997121841022
14.31,58.683056112216256
14.32,58.70615208344808
14.33,58.72925360295388
14.34,58.75235514158189
14.35,58.77545117018034
14.36,58.79853615959747
14.37,58.82160458068147
14.38,58.84465090428061
14.39,58.8676696012431
14.4,58.89065514241717
14.41,58.91360199865104
14.42,58.93650464079294
14.43,58.95935753969111
14.44,58.98215516619375
14.45,59.00489199114911
14.46,59.02756248540542
14.47,59.05016111981087
14.48,59.07268236521374
14.49,59.09512069246223
14.5,59.11747057240456
14.51,59.13972647588897
14.52,59.16188287376368
14.53,59.18393423687693
14.54,59.20587503607693
14.55,59.227699742211925
14.56,59.24940282613012
14.57,59.27097875867977
14.58,59.29242201070907
14.59,59.313727053066266
14.6,59.33488835659959
14.61,59.355900392157245
14.62,59.37675763058749
14.63,59.397454542738544
14.64,59.41798559945863
14.65,59.43834527159596
14.66,59.45852802999879
14.67,59.47852834551532
14.68,59.498340688993785
14.69,59.517959531282415
14.7,59.53737934322945
14.71,59.55659459568309
14.72,59.5755997594916
14.73,59.59438930550317
14.74,59.61295770456604
14.75,59.63129942752843
14.76,59.6494089452386
14.77,59.66728072854474
14.78,59.68490924829509
14.79,59.70228897533787
14.8,59.71941438052134
14.81,59.73627993469368
14.82,59.75288010870316
14.83,59.76920937339797
14.84,59.78526219962636
14.85,59.80103305823655
14.86,59.81651642007676
14.87,59.83170675599524
14.88,59.84659853684019
14.89,59.86118623345985
14.9,59.875464316702455
14.91,59.88942725741623
14.92,59.903069526449386
14.93,59.916385594650166
14.94,59.92936993286678
14.95,59.94201701194748
14.96,59.95432130274047
14.97,59.966277276094
14.98,59.977879402856274
14.99,59.98912215387553
15.0,60.0
15.01,60.01050911641837
15.02,60.02065249568119
15.03,60.030434834679504
15.04,60.03986083030431
15.05,60.04893517944664
15.06,60.05766257899751
15.07,60.06604772584794
15.08,60.07409531688895
15.09,60.08181004901156
15.1,60.0891966191068
15.11,60.09625972406569
15.12,60.10300406077925
15.13,60.10943432613849
15.14,60.11555521703445
15.15,60.12137143035814
15.16,60.12688766300057
15.17,60.13210861185278
15.18,60.13703897380579
15.19,60.141683445750594
15.2,60.146046724578255
15.21,60.15013350717976
15.22,60.15394849044615
15.23,60.15749637126844
15.24,60.16078184653765
15.25,60.16380961314479
15.26,60.166584367980896
15.27,60.16911080793699
15.28,60.17139362990409
15.29,60.17343753077321
15.3,60.17524720743538
15.31,60.17682735678161
15.32,60.178182675702935
15.33,60.17931786109037
15.34,60.18023760983492
15.35,60.18094661882763
15.36,60.18144958495952
15.37,60.18175120512159
15.38,60.18185617620488
15.39,60.18176919510041
15.4,60.1814949586992
15.41,60.181038163892254
15.42,60.18040350757061
15.43,60.17959568662529
15.44,60.17861939794732
15.45,60.17747933842768
15.46,60.17618020495745
15.47,60.174726694427605
15.48,60.1731235037292
15.49,60.17137532975323
15.5,60.16948686939072
15.51,60.16746281953272
15.52,60.16530787707021
15.53,60.16302673889423
15.54,60.16062410189581
15.55,60.158104662965954
15.56,60.15547311899571
15.57,60.15273416687606
15.58,60.14989250349804
15.59,60.14695282575268
15.6,60.14391983053101
15.61,60.14079821472402
15.62,60.13759267522275
15.63,60.13430790891823
15.64,60.130948612701474
15.65,60.127519483463495
15.66,60.12402521809532
15.67,60.12047051348796
15.68,60.11686006653244
15.69,60.1131985741198
15.7,60.10949073314104
15.71,60.105741240487184
15.72,60.10195479304927
15.73,60.09813608771831
15.74,60.0942898213853
15.75,60.09042069094129
15.76,60.08653339327731
15.77,60.08263262528434
15.78,60.07872308385343
15.79,60.0748094658756
15.8,60.07089646824187
15.81,60.06698878784326
15.82,60.06309112157079
15.83,60.05920816631547
15.84,60.05534461896834
15.85,60.051505176420406
15.86,60.04769453556271
15.87,60.04391739328624
15.88,60.04017844648204
15.89,60.03648239204112
15.9,60.03283392685452
15.91,60.029237747813234
15.92,60.025698551808325
15.93,60.022221035730766
15.94,60.0188098964716
15.95,60.01546983092185
15.96,60.01220553597253
15.97,60.009021708514666
15.98,60.00592304543927
15.99,60.00291424363737
16.0,60.0
16.01,59.99718401886761
16.02,59.99446603437845
16.03,59.9918447881202
16.04,59.98931902168056
16.05,59.98688747664721
16.06,59.98454889460784
16.07,59.98230201715015
16.08,59.980145585861806
16.09,59.97807834233051
16.1,59.97609902814397
16.11,59.97420638488984
16.12,59.97239915415582
16.13,59.97067607752962
16.14,59.969035896598896
16.15,59.96747735295136
16.16,59.96599918817471
16.17,59.96460014385658
16.18,59.96327896158473
16.19,59.9620343829468
16.2,59.96086514953048
16.21,59.9597700029235
16.22,59.95874768471351
16.23,59.9577969364882
16.24,59.956916499835295
16.25,59.95610511634244
16.26,59.95536152759733
16.27,59.9546844751877
16.28,59.954072700701175
16.29,59.95352494572548
16.3,59.9530399518483
16.31,59.9526164606573
16.32,59.95225321374022
16.33,59.95194895268469
16.34,59.95170241907845
16.35,59.95151235450915
16.36,59.95137750056449
16.37,59.951296598832165
16.38,59.95126839089987
16.39,59.95129161835527
16.4,59.951365022786085
16.41,59.95148734577997
16.42,59.95165732892465
16.43,59.95187371380778
16.44,59.95213524201706
16.45,59.95244065514019
16.46,59.95278869476484
16.47,59.95317810247872
16.48,59.95360761986951
16.49,59.95407598852489
16.5,59.95458195003255
16.51,59.9551242459802
16.52,59.9557016179555
16.53,59.95631280754614
16.54,59.956956556339854
16.55,59.95763160592427
16.56,59.95833669788711
16.57,59.95907057381606
16.58,59.959831975298805
16.59,59.96061964392303
16.6,59.961432321276426
16.61,59.96226874894668
16.62,59.96312766852149
16.63,59.96400782158853
16.64,59.96490794973551
16.65,59.9658267945501
16.66,59.96676309762
16.67,59.96771560053288
16.68,59.96868304487646
16.69,59.9696641722384
16.7,59.9706577242064
16.71,59.971662442368135
16.72,59.97267706831132
16.73,59.973700343623634
16.74,59.97473100989275
16.75,59.97576780870639
16.76,59.97680948165221
16.77,59.97785477031791
16.78,59.97890241629118
16.79,59.9799511611597
16.8,59.98099974651119
16.81,59.98204691393328
16.82,59.98309140501372
16.83,59.98413196134016
16.84,59.98516732450032
16.85,59.98619623608185
16.86,59.987217437672456
16.87,59.988229670859845
16.88,59.989231677231686
16.89,59.99022219837566
16.9,59.99119997587948
16.91,59.99216375133081
16.92,59.99311226631737
16.93,59.99404426242682
16.94,59.99495848124685
16.95,59.99585366436517
16.96,59.99672855336944
16.97,59.99758188984737
16.98,59.99841241538666
16.99,59.99921887157497
17.0,60.0
17.01,60.00075480811119
17.02,60.00148336680503
17.03,60.00218601283971
17.04,60.00286308297348
17.05,60.00351491396456
17.06,60.00414184257116
17.07,60.004744205551525
17.08,60.005322339663856
17.09,60.00587658166639
17.1,60.00640726831736
17.11,60.00691473637497
17.12,60.00739932259747
17.13,60.00786136374306
17.14,60.00830119656997
17.15,60.00871915783643
17.16,60.00911558430067
17.17,60.0094908127209
17.18,60.00984517985535
17.19,60.01017902246224
17.2,60.0104926772998
17.21,60.010786481126246
17.22,60.01106077069981
17.23,60.01131588277873
17.24,60.011552154121205
17.25,60.01176992148546
17.26,60.01196952162974
17.27,60.01215129131225
17.28,60.01231556729123
17.29,60.01246268632489
17.3,60.012592985171466
17.31,60.01270680058917
17.32,60.01280446933623
17.33,60.01288632817087
17.34,60.01295271385133
17.35,60.013003963135816
17.36,60.01304041278254
17.37,60.01306239954975
17.38,60.01307026019566
17.39,60.01306433147851
17.4,60.01304495015651
17.41,60.01301245298787
17.42,60.01296717673084
17.43,60.012909458143646
17.44,60.01283963398448
17.45,60.01275804101159
17.46,60.01266501598321
17.47,60.01256089565752
17.48,60.0124460167928
17.49,60.01232071614725
17.5,60.01218533047907
17.51,60.012040196546536
17.52,60.01188565110781
17.53,60.01172203092116
17.54,60.01154967274482
17.55,60.01136891333697
17.56,60.01118008945587
17.57,60.01098353785974
17.58,60.01077959530678
17.59,60.01056859855523
17.6,60.01035088436332
17.61,60.01012678948926
17.62,60.009896650691296
17.63,60.00966080472762
17.64,60.00941958835649
17.65,60.00917333833611
17.66,60.00892239142471
17.67,60.00866708438051
17.68,60.00840775396176
17.69,60.008144736926624
17.7,60.00787837003339
17.71,60.00760899004024
17.72,60.00733693370542
17.73,60.00706253778715
17.74,60.00678613904365
17.75,60.00650807423314
17.76,60.00622868011386
17.77,60.00594829344403
17.78,60.00566725098186
17.79,60.00538588948559
17.8,60.00510454571343
17.81,60.0048235564236
17.82,60.00454325837436
17.83,60.004263988323885
17.84,60.00398608303044
17.85,60.00370987925224
17.86,60.00343571374748
17.87,60.00316392327442
17.88,60.00289484459127
17.89,60.00262881445623
17.9,60.00236616962758
17.91,60.0021072468635
17.92,60.00185238292222
17.93,60.001601914562
17.94,60.001356178541
17.95,60.0011155116175
17.96,60.0008802505497
17.97,60.00065073209582
17.98,60.0004272930141
17.99,60.00021027006275
18.0,60.0
18.01,59.99979674868761
18.02,59.99960049840147
18.03,59.99941116052097
18.04,59.99922864642552
18.05,59.99905286749458
18.06,59.99888373510753
18.07,59.99872116064381
18.08,59.9985650554828
18.09,59.99841533100391
18.1,59.9982718985866
18.11,59.998134669610266
18.12,59.99800355545432
18.13,59.99787846749816
18.14,59.997759317121215
18.15,59.99764601570292
18.16,59.99753847462264
18.17,59.99743660525985
18.18,59.99734031899392
18.19,59.99724952720428
18.2,59.997164141270325
18.21,59.99708407257151
18.22,59.99700923248722
18.23,59.99693953239688
18.24,59.9968748836799
18.25,59.99681519771569
18.26,59.9967603858837
18.27,59.99671035956329
18.28,59.99666503013392
18.29,59.996624308974965
18.3,59.99658810746586
18.31,59.99655633698604
18.32,59.99652890891488
18.33,59.99650573463183
18.34,59.99648672551629
18.35,59.99647179294765
18.36,59.996460848305375
18.37,59.99645380296884
18.38,59.99645056831747
18.39,59.9964510557307
18.4,59.99645517658792
18.41,59.996462842268535
18.42,59.99647396415201
18.43,59.996488453617694
18.44,59.996506222045056
18.45,59.996527180813466
18.46,59.996551241302384
18.47,59.9965783148912
18.48,59.9966083129593
18.49,59.99664114688617
18.5,59.99667672805116
18.51,59.996714967833725
18.52,59.99675577761326
18.53,59.99679906876917
18.54,59.99684475268089
18.55,59.99689274072784
18.56,59.996942944289415
18.57,59.99699527474504
18.58,59.99704964347412
18.59,59.99710596185607
18.6,59.99716414127034
18.61,59.997224093096285
18.62,59.99728572871336
18.63,59.99734895950097
18.64,59.99741369683853
18.65,59.99747985210547
18.66,59.99754733668118
18.67,59.99761606194508
18.68,59.99768593927658
18.69,59.99775688005512
18.7,59.9978287956601
18.71,59.99790159747091
18.72,59.99797519686701
18.73,59.99804950522779
18.74,59.99812443393266
18.75,59.99819989436105
18.76,59.99827579789236
18.77,59.99835205590602
18.78,59.99842857978143
18.79,59.99850528089799
18.8,59.998582070635166
18.81,59.99865886037232
18.82,59.99873556148891
18.83,59.99881208536432
18.84,59.99888834337797
18.85,59.99896424690928
18.86,59.99903970733767
18.87,59.99911463604254
18.88,59.99918894440332
18.89,59.99926254379941
18.9,59.99933534561025
18.91,59.99940726121522
18.92,59.99947820199375
18.93,59.99954807932525
18.94,59.999616804589145
18.95,59.99968428916486
18.96,59.99975044443178
18.97,59.99981518176936
18.98,59.99987841255697
18.99,59.99994004817405
19.0,60.0
19.01,60.000058197138365
19.02,60.00011463958915
19.03,60.00016934507646
19.04,60.000222331324416
19.05,60.00027361605712
19.06,60.00032321699871
19.07,60.00037115187331
19.08,60.000417438405
19.09,60.000462094317946
19.1,60.00050513733622
19.11,60.000546585183976
19.12,60.0005864555853
19.13,60.00062476626433
19.14,60.00066153494516
19.15,60.00069677935195
19.16,60.000730517208765
19.17,60.00076276623975
19.18,60.00079354416904
19.19,60.00082286872071
19.2,60.00085075761889
19.21,60.000877228587726
19.22,60.00090229935132
19.23,60.00092598763376
19.24,60.000948311159206
19.25,60.00096928765176
19.26,60.00098893483552
19.27,60.0010072704346
19.28,60.00102431217315
19.29,60.001040077775286
19.3,60.001054584965104
19.31,60.00106785146672
19.32,60.00107989500427
19.33,60.00109073330184
19.34,60.00110038408359
19.35,60.0011088650736
19.36,60.001116193996
19.37,60.00112238857492
19.38,60.00112746653445
19.39,60.001131445598745
19.4,60.00113434349188
19.41,60.00113617793798
19.42,60.0011369666612
19.43,60.00113672738562
19.44,60.00113547783537
19.45,60.00113323573456
19.46,60.00113001880732
19.47,60.00112584477774
19.48,60.00112073136998
19.49,60.00111469630812
19.5,60.00110775731628
19.51,60.0010999321186
19.52,60.00109123843919
19.53,60.00108169400215
19.54,60.00107131653161
19.55,60.001060123751685
19.56,60.00104813338649
19.57,60.00103536316015
19.58,60.00102183079677
19.59,60.00100755402048
19.6,60.00099255055539
19.61,60.00097683812563
19.62,60.000960434455294
19.63,60.00094335726849
19.64,60.000925624289366
19.65,60.00090725324204
19.66,60.000888261850605
19.67,60.00086866783919
19.68,60.00084848893192
19.69,60.00082774285291
19.7,60.000806447326255
19.71,60.0007846200761
19.72,60.00076227882655
19.73,60.00073944130171
19.74,60.00071612522572
19.75,60.00069234832269
19.76,60.00066812831672
19.77,60.00064348293195
19.78,60.00061842989248
19.79,60.00059298692243
19.8,60.000567171745935
19.81,60.000541002087104
19.82,60.00051449567004
19.83,60.00048767021888
19.84,60.000460543457706
19.85,60.00043313311068
19.86,60.00040545690187
19.87,60.00037753255545
19.88,60.00034937779551
19.89,60.00032101034616
19.9,60.0002924479315
19.91,60.00026370827569
19.92,60.00023480910283
19.93,60.00020576813701
19.94,60.0001766031024
19.95,60.00014733172307
19.96,60.00011797172317
19.97,60.00008854082679
19.98,60.00005905675805
19.99,60.0000295372411
20.0,60.0
20.01,59.99997046275893
20.02,59.99994094324196
20.03,59.99991145917324
20.04,59.99988202827686
20.05,59.99985266827695
20.06,59.999823396897625
20.07,59.999794231863
20.08,59.99976519089719
20.09,59.99973629172433
20.1,59.999707552068514
20.11,59.99967898965386
20.12,59.999650622204506
20.13,59.99962246744456
20.14,59.99959454309813
20.15,59.99956686688935
20.16,59.99953945654232
20.17,59.99951232978116
20.18,59.99948550432998
20.19,59.99945899791292
20.2,59.99943282825407
20.21,59.99940701307758
20.22,59.99938157010754
20.23,59.99935651706807
20.24,59.9993318716833
20.25,59.99930765167733
20.26,59.9992838747743
20.27,59.99926055869831
20.28,59.99923772117347
20.29,59.99921537992391
20.3,59.99919355267376
20.31,59.99917225714712
20.32,59.99915151106809
20.33,59.999131332160815
20.34,59.99911173814941
20.35,59.99909274675798
20.36,59.99907437571064
20.37,59.99905664273152
20.38,59.999039565544734
20.39,59.99902316187439
20.4,59.99900744944463
20.41,59.99899244597953
20.42,59.99897816920324
20.43,59.998964636839865
20.44,59.99895186661352
20.45,59.998939876248336
20.46,59.99892868346841
20.47,59.99891830599787
20.48,59.99890876156083
20.49,59.998900067881415
20.5,59.99889224268373
20.51,59.99888530369191
20.52,59.99887926863005
20.53,59.99887415522227
20.54,59.99886998119271
20.55,59.99886676426545
20.56,59.99886452216465
20.57,59.99886327261439
20.58,59.998863033338814
20.59,59.99886382206202
20.6,59.99886565650814
20.61,59.99886855440128
20.62,59.99887253346556
20.63,59.99887761142509
20.64,59.998883806004
20.65,59.99889113492641
20.66,59.99889961591643
20.67,59.99890926669816
20.68,59.99892010499575
20.69,59.99893214853329
20.7,59.99894541503491
20.71,59.99895992222473
20.72,59.99897568782685
20.73,59.9989927295654
20.74,59.9990110651645
20.75,59.99903071234826
20.76,59.99905168884081
20.77,59.99907401236624
20.78,59.99909770064869
20.79,59.999122771412274
20.8,59.99914924238111
20.81,59.999177131279296
20.82,59.99920645583097
20.83,59.999237233760255
20.84,59.99926948279124
20.85,59.99930322064807
20.86,59.999338465054834
20.87,59.99937523373568
20.88,59.99941354441471
20.89,59.99945341481603
20.9,59.99949486266378
20.91,59.99953790568206
20.92,59.999582561595
20.93,59.999628848126704
20.94,59.99967678300129
20.95,59.99972638394287
20.96,59.9997776686756
20.97,59.99983065492354
20.98,59.99988536041085
20.99,59.99994180286164
21.0,60.0
