wind_speed,Enercon E-101
1.0,0.0
1.01,0.0
1.02,0.0
1.03,0.0
1.04,0.0
1.05,0.0
1.06,0.0
1.07,0.0
1.08,0.0
1.09,0.0
1.1,0.0
1.11,0.0
1.12,0.0
1.13,0.0
1.14,0.0
1.15,0.0
1.16,0.0
1.17,0.0
1.18,0.0
1.19,0.0
1.2,0.0
1.21,0.0
1.22,0.0
1.23,0.0
1.24,0.0
1.25,0.0
1.26,0.0
1.27,0.0
1.28,0.0
1.29,0.0
1.3,0.0
1.31,0.0
1.32,0.0
1.33,0.0
1.34,0.0
1.35,0.0
1.36,0.0
1.37,0.0
1.38,0.0
1.39,0.0
1.4,0.0
1.41,0.0
1.42,0.0
1.43,0.0
1.44,0.0
1.45,0.0
1.46,0.0
1.47,0.0
1.48,0.0
1.49,0.0
1.5,0.0
1.51,0.0
1.52,0.0
1.53,0.0
1.54,0.0
1.55,0.0
1.56,0.0
1.57,0.0
1.58,0.0
1.59,0.0
1.6,0.0
1.61,0.0
1.62,0.0
1.63,0.0
1.64,0.0
1.65,0.0
1.66,0.0
1.67,0.0
1.68,0.0
1.69,0.0
1.7,0.0
1.71,0.0
1.72,0.0
1.73,0.0
1.74,0.0
1.75,0.0
1.76,0.0
1.77,0.0
1.78,0.0
1.79,0.0
1.8,0.0
1.81,0.0
1.82,0.0
1.83,0.0
1.84,0.0766692568792204
1.85,0.2350533006844957
1.86,0.3967452401619877
1.87,0.5617312156002106
1.88,0.7299973672876829
1.89,0.9015298355129286
1.9,1.0763147605644652
1.91,1.2543382827308125
1.92,1.4355865423004874
1.93,1.6200456795620108
1.94,1.8077018348038985
1.95,1.998541148314676
1.96,2.192549760382851
1.97,2.389713811296956
1.98,2.590019441345502
1.99,2.793452790817011
2.0,3.0
2.01,3.2096472091829824
2.02,3.422380558654497
2.03,3.638186188703037
2.04,3.857050239617148
2.05,4.0789588516853215
2.06,4.303898165196101
2.07,4.531854320437983
2.08,4.762813457699513
2.09,4.996761717269181
2.1,5.233685239435534
2.11,5.473570164487066
2.12,5.716402632712318
2.13,5.962168784399788
2.14,6.210854759838018
2.15,6.462446699315499
2.16,6.716930743120782
2.17,6.974293031542358
2.18,7.23451970486877
2.19,7.497596903388512
2.2,7.763510767390128
2.21,8.032247437162113
2.22,8.303793052993012
2.23,8.578133755171315
2.24,8.855255683985568
2.25,9.13514497972427
2.26,9.417787782675948
2.27,9.703170233129132
2.28,9.991278471372318
2.29,10.282098637694052
2.3,10.575616872382827
2.31,10.871819315727183
2.32,11.17069210801562
2.33,11.472221389536674
2.34,11.77639330057885
2.35,12.08319398143069
2.36,12.392609572380678
2.37,12.704626213717363
2.38,13.019230045729248
2.39,13.336407208704864
2.4,13.65614384293271
2.41,13.978426088701331
2.42,14.303240086299226
2.43,14.630571976014938
2.44,14.960407898136944
2.45,15.292733992953812
2.46,15.627536400754018
2.47,15.964801261826114
2.48,16.3045147164586
2.49,16.646662904940005
2.5,16.991231967558832
2.51,17.33820804460362
2.52,17.687577276362887
2.53,18.039325803125127
2.54,18.393439765178897
2.55,18.74990530281268
2.56,19.10870855631503
2.57,19.46983566597443
2.58,19.833272772079432
2.59,20.19900601491852
2.6,20.567021534780253
2.61,20.937305471953103
2.62,21.309843966725644
2.63,21.684623159386348
2.64,22.06162919022377
2.65,22.44084819952639
2.66,22.822266327582767
2.67,23.205869714681384
2.68,23.591644501110807
2.69,23.97957682715949
2.7,24.36965283311602
2.71,24.761858659268853
2.72,25.15618044590657
2.73,25.552604333317635
2.74,25.951116461790612
2.75,26.35170297161398
2.76,26.75435000307628
2.77,27.15904369646604
2.78,27.565770192071756
2.79,27.97451563018197
2.8,28.38526615108518
2.81,28.79800789506993
2.82,29.212727002424693
2.83,29.629409613438053
2.84,30.048041868398474
2.85,30.46860990759451
2.86,30.89109987131466
2.87,31.315497899847447
2.88,31.74179013348138
2.89,32.16996271250501
2.9,32.60000177720683
2.91,33.03189346787537
2.92,33.46562392479913
2.93,33.90117928826666
2.94,34.33854569856645
2.95,34.77770929598704
2.96,35.21865622081693
2.97,35.66137261334467
2.98,36.10584461385873
2.99,36.552058362647685
3.0,37.0
3.01,37.44968552591571
3.02,37.90125037924075
3.03,38.35485985853248
3.04,38.81067926234836
3.05,39.268873889245725
3.06,39.72960903778205
3.07,40.19305000651469
3.08,40.65936209400109
3.09,41.12871059879863
3.1,41.60126081946471
3.11,42.07717805455673
3.12,42.556627602632126
3.13,43.03977476224827
3.14,43.5267848319626
3.15,44.017823110332486
3.16,44.51305489591538
3.17,45.01264548726861
3.18,45.516760182949646
3.19,46.02556428151588
3.2,46.53922308152471
3.21,47.05790188153351
3.22,47.58176598009975
3.23,48.110980675780766
3.24,48.64571126713403
3.25,49.186123052716894
3.26,49.73238133108678
3.27,50.28465140080112
3.28,50.84309856041725
3.29,51.40788810849266
3.3,51.97918534358468
3.31,52.55715556425077
3.32,53.1419640690483
3.33,53.7337761565347
3.34,54.33275712526733
3.35,54.93907227380368
3.36,55.55288690070104
3.37,56.17436630451691
3.38,56.80367578380864
3.39,57.44098063713368
3.4,58.086446163049374
3.41,58.7402376601132
3.42,59.4025204268825
3.43,60.07345976191474
3.44,60.753220963767234
3.45,61.441969330997495
3.46,62.13987016216282
3.47,62.84708875582072
3.48,63.5637904105285
3.49,64.29014042484364
3.5,65.02630409732349
3.51,65.7724467265255
3.52,66.52873361100707
3.53,67.29533004932557
3.54,68.07240134003844
3.55,68.86011278170304
3.56,69.65862967287684
3.57,70.46811731211719
3.58,71.28874099798153
3.59,72.12066602902723
3.6,72.96405770381176
3.61,73.8190813208924
3.62,74.6859021788267
3.63,75.56468557617195
3.64,76.45559681148565
3.65,77.35880118332511
3.66,78.27446399024784
3.67,79.20275053081112
3.68,80.14382610357248
3.69,81.0978560070892
3.7,82.06500553991883
3.71,83.04544000061861
3.72,84.0393246877461
3.73,85.04682489985859
3.74,86.06810593551359
3.75,87.10333309326836
3.76,88.15267167168042
3.77,89.21628696930718
3.78,90.29434428470596
3.79,91.38700891643424
3.8,92.49444616304936
3.81,93.61682132310884
3.82,94.75429969516992
3.83,95.90704657779015
3.84,97.07522726952686
3.85,98.25900706893748
3.86,99.4585512745794
3.87,100.67402518501004
3.88,101.90559409878676
3.89,103.15342331446703
3.9,104.41767813060822
3.91,105.69852384576777
3.92,106.99612575850298
3.93,108.31064916737142
3.94,109.64225937093032
3.95,110.99112166773725
3.96,112.35740135634944
3.97,113.74126373532444
3.98,115.14287410321958
3.99,116.56239775859234
4.0,118.0
4.01,119.45581060702948
4.02,120.92981728338545
4.03,122.42197221380204
4.04,123.93222758301305
4.05,125.46053557575276
4.06,127.0068483767552
4.07,128.57111817075457
4.08,130.15329714248472
4.09,131.7533374766798
4.1,133.3711913580739
4.11,135.00681097140122
4.12,136.6601485013956
4.13,138.3311561327912
4.14,140.01978605032212
4.15,141.72599043872256
4.16,143.44972148272632
4.17,145.1909313670676
4.18,146.9495722764805
4.19,148.72559639569917
4.2,150.51895590945742
4.21,152.3296030024895
4.22,154.15748985952953
4.23,156.00256866531163
4.24,157.86479160456958
4.25,159.74411086203764
4.26,161.64047862244988
4.27,163.55384707054034
4.28,165.4841683910433
4.29,167.4313947686925
4.3,169.39547838822213
4.31,171.37637143436638
4.32,173.3740260918593
4.33,175.38839454543478
4.34,177.4194289798269
4.35,179.46708157976997
4.36,181.53130452999807
4.37,183.6120500152449
4.38,185.7092702202448
4.39,187.8229173297318
4.4,189.95294352844016
4.41,192.09930100110367
4.42,194.2619419324564
4.43,196.44081850723256
4.44,198.63588291016637
4.45,200.8470873259915
4.46,203.07438393944236
4.47,205.3177249352528
4.48,207.57706249815715
4.49,209.85234881288915
4.5,212.14353606418305
4.51,214.45057643677305
4.52,216.7734221153929
4.53,219.11202528477716
4.54,221.46633812965936
4.55,223.83631283477385
4.56,226.22190158485463
4.57,228.62305656463607
4.58,231.03972995885167
4.59,233.471873952236
4.6,235.9194407295228
4.61,238.3823824754465
4.62,240.86065137474085
4.63,243.35419961213992
4.64,245.8629793723779
4.65,248.38694284018916
4.66,250.9260422003072
4.67,253.48022963746624
4.68,256.0494573364007
4.69,258.6336774818444
4.7,261.2328422585313
4.71,263.84690385119575
4.72,266.4758144445715
4.73,269.1195262233931
4.74,271.77799137239407
4.75,274.45116207630883
4.76,277.13899051987124
4.77,279.8414288878155
4.78,282.558429364876
4.79,285.2899441357861
4.8,288.0359253852802
4.81,290.7963252980926
4.82,293.5710960589574
4.83,296.3601898526082
4.84,299.1635588637793
4.85,301.9811552772049
4.86,304.8129312776191
4.87,307.65883904975567
4.88,310.51883077834896
4.89,313.3928586481328
4.9,316.2808748438418
4.91,319.1828315502093
4.92,322.0986809519697
4.93,325.0283752338571
4.94,327.9718665806059
4.95,330.92910717694946
4.96,333.90004920762226
4.97,336.8846448573584
4.98,339.88284631089203
4.99,342.8946057529569
5.0,345.91987536828725
5.01,348.9586073416171
5.02,352.01075385768064
5.03,355.0762671012121
5.04,358.15509925694505
5.05,361.24720250961394
5.06,364.3525290439528
5.07,367.4710310446957
5.08,370.6026606965766
5.09,373.7473701843295
5.1,376.9051116926887
5.11,380.0758374063885
5.12,383.2594995101621
5.13,386.4560501887444
5.14,389.665441626869
5.15,392.8876260092707
5.16,396.1225555206826
5.17,399.3701823458391
5.18,402.63045866947454
5.19,405.9033366763232
5.2,409.1887685511183
5.21,412.4867064785945
5.22,415.79710264348574
5.23,419.11990923052633
5.24,422.45507842445
5.25,425.80256240999074
5.26,429.16231337188304
5.27,432.5342834948607
5.28,435.9184249636582
5.29,439.3146899630089
5.3,442.7230306776473
5.31,446.1433992923074
5.32,449.5757479917236
5.33,453.0200289606294
5.34,456.4761943837589
5.35,459.9441964458466
5.36,463.4239873316267
5.37,466.9155192258327
5.38,470.4187443131987
5.39,473.9336147784591
5.4,477.4600828063482
5.41,480.9981005815994
5.42,484.5476202889471
5.43,488.1085941131253
5.44,491.6809742388686
5.45,495.2647128509103
5.46,498.8597621339847
5.47,502.4660742728259
5.48,506.0836014521685
5.49,509.7122958567458
5.5,513.3521096712922
5.51,517.0029950805416
5.52,520.6649042692284
5.53,524.3377894220866
5.54,528.02160272385
5.55,531.7162963592527
5.56,535.4218225130292
5.57,539.1381333699134
5.58,542.865181114639
5.59,546.6029179319402
5.6,550.3512960065514
5.61,554.1102675232065
5.62,557.8797846666395
5.63,561.6597996215843
5.64,565.4502645727753
5.65,569.2511317049469
5.66,573.0623532028322
5.67,576.883881251166
5.68,580.7156680346819
5.69,584.5576657381147
5.7,588.4098265461979
5.71,592.2721026436656
5.72,596.1444462152518
5.73,600.026809445691
5.74,603.9191445197168
5.75,607.8214036220636
5.76,611.7335389374651
5.77,615.6555026506558
5.78,619.58724694637
5.79,623.5287240093407
5.8,627.4798860243029
5.81,631.4406851759904
5.82,635.4110736491376
5.83,639.3910036284777
5.84,643.3804272987456
5.85,647.3792968446751
5.86,651.3875644510005
5.87,655.4051823024553
5.88,659.4321025837738
5.89,663.4682774796903
5.9,667.5136591749391
5.91,671.5681998542536
5.92,675.6318517023682
5.93,679.7045669040168
5.94,683.7862976439342
5.95,687.8769961068534
5.96,691.9766144775092
5.97,696.0851049406355
5.98,700.2024196809664
5.99,704.3285108832356
6.0,708.4633307321776
6.01,712.6068314125264
6.02,716.7589651090157
6.03,720.9196840063805
6.04,725.0889402893538
6.05,729.2666861426703
6.06,733.4528737510635
6.07,737.6474552992687
6.08,741.8503829720186
6.09,746.0616089540476
6.1,750.2810854300903
6.11,754.5087645848807
6.12,758.7445986031526
6.13,762.9885396696396
6.14,767.2405399690765
6.15,771.5005516861976
6.16,775.7685270057359
6.17,780.0444181124262
6.18,784.3281771910027
6.19,788.6197564261994
6.2,792.9191080027498
6.21,797.2261841053884
6.22,801.5409369188494
6.23,805.863318627867
6.24,810.1932814171746
6.25,814.5307774715066
6.26,818.8757589755973
6.27,823.2281781141805
6.28,827.5879870719907
6.29,831.9551380337614
6.3,836.329583184227
6.31,840.7112747081214
6.32,845.100164790179
6.33,849.4962056151336
6.34,853.899349367719
6.35,858.3095482326697
6.36,862.72675439472
6.37,867.1509200386035
6.38,871.5819973490541
6.39,876.0199385108062
6.4,880.4646957085944
6.41,884.9162211271519
6.42,889.3744669512128
6.43,893.8393853655116
6.44,898.3109285547824
6.45,902.7890487037592
6.46,907.2736979971756
6.47,911.764828619766
6.48,916.2623927562652
6.49,920.766342591406
6.5,925.276630309923
6.51,929.7932080965508
6.52,934.3160281360226
6.53,938.8450426130734
6.54,943.3802037124362
6.55,947.9214636188456
6.56,952.468774517036
6.57,957.0220885917412
6.58,961.5813580276952
6.59,966.1465350096316
6.6,970.7175717222856
6.61,975.2944203503909
6.62,979.8770330786808
6.63,984.4653620918898
6.64,989.0593595747522
6.65,993.6589777120024
6.66,998.2641686883736
6.67,1002.8748846886
6.68,1007.4910778974164
6.69,1012.1127004995564
6.7,1016.739704679754
6.71,1021.372042622743
6.72,1026.0096665132585
6.73,1030.6525285360335
6.74,1035.300580875803
6.75,1039.9537757172998
6.76,1044.6120652452591
6.77,1049.2754016444146
6.78,1053.9437370995008
6.79,1058.6170237952506
6.8,1063.295213916399
6.81,1067.97825964768
6.82,1072.666113173828
6.83,1077.3587266795755
6.84,1082.056052349659
6.85,1086.7580423688105
6.86,1091.4646489217653
6.87,1096.1758241932569
6.88,1100.891520368019
6.89,1105.6116896307865
6.9,1110.3362841662938
6.91,1115.0652561592733
6.92,1119.7985577944603
6.93,1124.536141256589
6.94,1129.2779587303933
6.95,1134.0239624006067
6.96,1138.7741044519637
6.97,1143.5283370691982
6.98,1148.2866124370448
6.99,1153.048882740237
7.0,1157.815100163509
7.01,1162.5852168915949
7.02,1167.3591851092283
7.03,1172.1369570011448
7.04,1176.9184847520771
7.05,1181.703720546759
7.06,1186.4926165699258
7.07,1191.285125006311
7.08,1196.0811980406486
7.09,1200.8807878576724
7.1,1205.6838466421168
7.11,1210.4903265787163
7.12,1215.3001798522043
7.13,1220.113358647315
7.14,1224.9298151487822
7.15,1229.749501541341
7.16,1234.5723700097242
7.17,1239.398372738667
7.18,1244.2274619129023
7.19,1249.0595897171656
7.2,1253.8947083361898
7.21,1258.7327699547093
7.22,1263.5737267574584
7.23,1268.417530929171
7.24,1273.2641346545813
7.25,1278.113490118423
7.26,1282.96554950543
7.27,1287.8202650003373
7.28,1292.677588787879
7.29,1297.5374730527878
7.3,1302.3998699797987
7.31,1307.264731753646
7.32,1312.1320105590637
7.33,1317.0016585807853
7.34,1321.873628003545
7.35,1326.747871012077
7.36,1331.6243397911162
7.37,1336.502986525395
7.38,1341.3837633996488
7.39,1346.266622598611
7.4,1351.151516307017
7.41,1356.0383967095988
7.42,1360.9272159910915
7.43,1365.817926336229
7.44,1370.710479929746
7.45,1375.604828956376
7.46,1380.5009256008527
7.47,1385.3987220479112
7.48,1390.298170482285
7.49,1395.1992230887076
7.5,1400.1018320519142
7.51,1405.0059495566377
7.52,1409.9115277876135
7.53,1414.8185189295752
7.54,1419.7268751672557
7.55,1424.6365486853904
7.56,1429.547491668713
7.57,1434.459656301958
7.58,1439.3729947698582
7.59,1444.2874592571488
7.6,1449.2030019485635
7.61,1454.1195750288368
7.62,1459.0371306827024
7.63,1463.955621094894
7.64,1468.874998450146
7.65,1473.7952149331932
7.66,1478.7162227287686
7.67,1483.6379740216062
7.68,1488.560420996441
7.69,1493.483515838007
7.7,1498.4072107310371
7.71,1503.3314578602665
7.72,1508.256209410429
7.73,1513.1814175662591
7.74,1518.1070345124892
7.75,1523.0330124338554
7.76,1527.9593035150906
7.77,1532.885859940929
7.78,1537.8126338961056
7.79,1542.739577565353
7.8,1547.666643133406
7.81,1552.593782784999
7.82,1557.520948704866
7.83,1562.4480930777409
7.84,1567.375168088357
7.85,1572.302125921449
7.86,1577.2289187617516
7.87,1582.155498793998
7.88,1587.081818202923
7.89,1592.0078291732598
7.9,1596.9334838897432
7.91,1601.8587345371066
7.92,1606.7835333000849
7.93,1611.7078323634114
7.94,1616.6315839118208
7.95,1621.5547401300466
7.96,1626.4772532028237
7.97,1631.3990753148844
7.98,1636.3201586509654
7.99,1641.2404553957986
8.0,1646.159917734119
8.01,1651.0784978506608
8.02,1655.9961479301571
8.03,1660.912820157343
8.04,1665.828466716952
8.05,1670.7430397937196
8.06,1675.6564915723775
8.07,1680.5687742376608
8.08,1685.4798399743045
8.09,1690.389640967041
8.1,1695.2981294006058
8.11,1700.2052574597324
8.12,1705.1109773291546
8.13,1710.015241193608
8.14,1714.918001237825
8.15,1719.8192096465389
8.16,1724.7188186044857
8.17,1729.6167802963982
8.18,1734.5130469070118
8.19,1739.4075706210597
8.2,1744.3003036232758
8.21,1749.1911980983953
8.22,1754.080206231151
8.23,1758.9672802062769
8.24,1763.8523722085076
8.25,1768.735434422577
8.26,1773.6164190332202
8.27,1778.4952782251692
8.28,1783.37196418316
8.29,1788.2464290919254
8.3,1793.1186251362014
8.31,1797.9885045007193
8.32,1802.8560193702149
8.33,1807.7211219294225
8.34,1812.5837643630748
8.35,1817.4438988559064
8.36,1822.301477592652
8.37,1827.156452758045
8.38,1832.0087765368207
8.39,1836.8584011137125
8.4,1841.705278673453
8.41,1846.5493614007771
8.42,1851.3906014804209
8.43,1856.2289510971157
8.44,1861.0643624355969
8.45,1865.8967876805984
8.46,1870.7261790168543
8.47,1875.5524886290991
8.48,1880.3756687020657
8.49,1885.195671420489
8.5,1890.0124489691025
8.51,1894.8259535326413
8.52,1899.6361372958388
8.53,1904.4429524434292
8.54,1909.246351160146
8.55,1914.046285630725
8.56,1918.842708039898
8.57,1923.6355705724009
8.58,1928.424825412966
8.59,1933.210424746329
8.6,1937.992320757223
8.61,1942.770465630383
8.62,1947.5448115505417
8.63,1952.315310702435
8.64,1957.081915270796
8.65,1961.8445774403576
8.66,1966.6032493958555
8.67,1971.3578833220229
8.68,1976.1084314035943
8.69,1980.8548458253044
8.7,1985.5970787718852
8.71,1990.3350824280744
8.72,1995.0688089786024
8.73,1999.7982106082045
8.74,2004.5232395016155
8.75,2009.243847843568
8.76,2013.9599878187976
8.77,2018.6716116120376
8.78,2023.3786714080225
8.79,2028.0811193914865
8.8,2032.778907747163
8.81,2037.471988659786
8.82,2042.16031431409
8.83,2046.843836894809
8.84,2051.5225085866773
8.85,2056.196281574428
8.86,2060.865108042797
8.87,2065.5289401765167
8.88,2070.187730160322
8.89,2074.841430178947
8.9,2079.489992417125
8.91,2084.133369059591
8.92,2088.7715122910786
8.93,2093.4043742963213
8.94,2098.031907260054
8.95,2102.654063367011
8.96,2107.2707948019265
8.97,2111.8820537495326
8.98,2116.487792394566
8.99,2121.087962921759
9.0,2125.682517515845
9.01,2130.271408361561
9.02,2134.8545876436388
9.03,2139.4320075468127
9.04,2144.0036202558176
9.05,2148.569377955388
9.06,2153.129232830256
9.07,2157.683137065156
9.08,2162.231042844824
9.09,2166.7729023539923
9.1,2171.308667777395
9.11,2175.838291299768
9.12,2180.3617251058427
9.13,2184.878921380356
9.14,2189.38983230804
9.15,2193.894410073629
9.16,2198.392606861857
9.17,2202.884374857459
9.18,2207.3696662451684
9.19,2211.84843320972
9.2,2216.320627935846
9.21,2220.7862026082835
9.22,2225.245109411764
9.23,2229.697300531021
9.24,2234.1427281507918
9.25,2238.5813444558075
9.26,2243.013101630804
9.27,2247.437951860514
9.28,2251.8558473296725
9.29,2256.266740223013
9.3,2260.670582725272
9.31,2265.067327021179
9.32,2269.456925295471
9.33,2273.839329732882
9.34,2278.2144925181447
9.35,2282.582365835996
9.36,2286.942901871166
9.37,2291.2960528083927
9.38,2295.641770832408
9.39,2299.980008127946
9.4,2304.3107168797405
9.41,2308.6338492725267
9.42,2312.949357491037
9.43,2317.257193720008
9.44,2321.557310144173
9.45,2325.8496589482643
9.46,2330.1341923170176
9.47,2334.4108624351666
9.48,2338.6796214874453
9.49,2342.940421658587
9.5,2347.1932151333267
9.51,2351.4379540963987
9.52,2355.674590732536
9.53,2359.903077226474
9.54,2364.123365762946
9.55,2368.3354085266865
9.56,2372.5391577024284
9.57,2376.7345654749074
9.58,2380.921584028856
9.59,2385.10016554901
9.6,2389.2702622201023
9.61,2393.431826226866
9.62,2397.584809754037
9.63,2401.7291649863505
9.64,2405.864844108537
9.65,2409.991799305333
9.66,2414.109982761471
9.67,2418.2193466616877
9.68,2422.319843190714
9.69,2426.4114245332858
9.7,2430.494042874137
9.71,2434.567650398003
9.72,2438.6321992896146
9.73,2442.687641733708
9.74,2446.733929915017
9.75,2450.771016018276
9.76,2454.7988522282176
9.77,2458.8173907295777
9.78,2462.8265837070903
9.79,2466.826383345488
9.8,2470.816741829506
9.81,2474.797611343878
9.82,2478.768944073337
9.83,2482.73069220262
9.84,2486.682807916458
9.85,2490.625243399587
9.86,2494.557950836739
9.87,2498.480882412651
9.88,2502.3939903120563
9.89,2506.2972267196865
9.9,2510.190543820278
9.91,2514.0738937985643
9.92,2517.94722883928
9.93,2521.8105011271573
9.94,2525.6636628469314
9.95,2529.506666183338
9.96,2533.3394633211096
9.97,2537.16200644498
9.98,2540.974247739684
9.99,2544.776139389954
10.0,2548.5676335805265
10.01,2552.348682496134
10.02,2556.119238321511
10.03,2559.879253241392
10.04,2563.628679440511
10.05,2567.367469103602
10.06,2571.095574415398
10.07,2574.8129475606343
10.08,2578.5195407240444
10.09,2582.2153060903624
10.1,2585.9001958443223
10.11,2589.5741621706597
10.12,2593.237157254106
10.13,2596.8891332793974
10.14,2600.5300424312672
10.15,2604.159836894449
10.16,2607.7784688536776
10.17,2611.385890493687
10.18,2614.9820539992106
10.19,2618.566911554983
10.2,2622.140415345739
10.21,2625.702517556212
10.22,2629.2531703711347
10.23,2632.792325975244
10.24,2636.319936553271
10.25,2639.835954289952
10.26,2643.34033137002
10.27,2646.8330199782085
10.28,2650.313972299254
10.29,2653.783140517888
10.3,2657.240476818847
10.31,2660.6859333868624
10.32,2664.1194624066693
10.33,2667.541016063002
10.34,2670.9505465405955
10.35,2674.3480060241823
10.36,2677.7333466984974
10.37,2681.1065207482734
10.38,2684.4674803582475
10.39,2687.8161777131504
10.4,2691.152564997717
10.41,2694.476594396684
10.42,2697.7882180947818
10.43,2701.0873882767464
10.44,2704.374057127312
10.45,2707.6481768312115
10.46,2710.9096995731816
10.47,2714.1585775379526
10.48,2717.3947629102613
10.49,2720.61820787484
10.5,2723.828864616424
10.51,2727.0266853197472
10.52,2730.211622169544
10.53,2733.383627350547
10.54,2736.5426530474924
10.55,2739.688651445113
10.56,2742.821574728143
10.57,2745.9413750813164
10.58,2749.048004689367
10.59,2752.141415737029
10.6,2755.221560409037
10.61,2758.288390890126
10.62,2761.341859365028
10.63,2764.3819180184773
10.64,2767.40851903521
10.65,2770.421614599957
10.66,2773.421156897455
10.67,2776.407098112438
10.68,2779.379390429638
10.69,2782.337986033791
10.7,2785.2828371096302
10.71,2788.2138958418905
10.72,2791.131114415304
10.73,2794.034445014608
10.74,2796.9238398245334
10.75,2799.7992510298163
10.76,2802.660630815189
10.77,2805.507931365388
10.78,2808.341104865145
10.79,2811.1601034991954
10.8,2813.9648794522736
10.81,2816.7553849091123
10.82,2819.5315720544468
10.83,2822.2933930730096
10.84,2825.040800149537
10.85,2827.7737454687613
10.86,2830.492181215417
10.87,2833.19605957424
10.88,2835.885332729961
10.89,2838.5599528673165
10.9,2841.2198721710392
10.91,2843.8650428258643
10.92,2846.4954170165256
10.93,2849.110946927756
10.94,2851.7115847442924
10.95,2854.2972826508653
10.96,2856.867992832212
10.97,2859.423667473064
10.98,2861.9642587581566
10.99,2864.489718872224
11.0,2867.0
11.01,2869.495055161868
11.02,2871.9748407208067
11.03,2874.4393138754467
11.04,2876.8884318244163
11.05,2879.3221517663446
11.06,2881.74043089986
11.07,2884.1432264235937
11.08,2886.530495536171
11.09,2888.902195436224
11.1,2891.25828332238
11.11,2893.5987163932696
11.12,2895.92345184752
11.13,2898.232446883762
11.14,2900.525658700621
11.15,2902.803044496731
11.16,2905.0645614707187
11.17,2907.310166821212
11.18,2909.539817746841
11.19,2911.7534714462345
11.2,2913.951085118022
11.21,2916.132615960833
11.22,2918.298021173294
11.23,2920.447257954036
11.24,2922.5802835016875
11.25,2924.6970550148776
11.26,2926.797529692235
11.27,2928.8816647323897
11.28,2930.949417333969
11.29,2933.0007446956038
11.3,2935.035604015921
11.31,2937.053952493551
11.32,2939.055747327124
11.33,2941.040945715266
11.34,2943.009504856607
11.35,2944.961381949777
11.36,2946.8965341934063
11.37,2948.814918786119
11.38,2950.71649292655
11.39,2952.601213813324
11.4,2954.4690386450725
11.41,2956.319924620422
11.42,2958.1538289380032
11.43,2959.970708796446
11.44,2961.7705213943777
11.45,2963.553223930428
11.46,2965.318773603225
11.47,2967.0671276113985
11.48,2968.79824315358
11.49,2970.5120774283923
11.5,2972.208587634469
11.51,2973.8877309704394
11.52,2975.5494646349307
11.53,2977.193745826572
11.54,2978.820531743994
11.55,2980.429779585823
11.56,2982.021446550689
11.57,2983.5954898372224
11.58,2985.151866644051
11.59,2986.690534169804
11.6,2988.2114496131107
11.61,2989.7145701725995
11.62,2991.199853046899
11.63,2992.66725543464
11.64,2994.1167345344497
11.65,2995.5482475449576
11.66,2996.9617516647936
11.67,2998.3572040925847
11.68,2999.734562026962
11.69,3001.093782666553
11.7,3002.434823209988
11.71,3003.7576408558957
11.72,3005.062192802904
11.73,3006.348436249643
11.74,3007.616328394741
11.75,3008.865826436828
11.76,3010.096887574532
11.77,3011.309469006481
11.78,3012.5035279313065
11.79,3013.679021547636
11.8,3014.8359070541
11.81,3015.9741416493243
11.82,3017.0936825319413
11.83,3018.194486900577
11.84,3019.2765119538635
11.85,3020.339714890428
11.86,3021.3840529089
11.87,3022.409483207908
11.88,3023.415962986081
11.89,3024.4034494420475
11.9,3025.371899774437
11.91,3026.321271181881
11.92,3027.2515208630048
11.93,3028.1626060164394
11.94,3029.0544838408123
11.95,3029.927111534754
11.96,3030.7804462968934
11.97,3031.614445325858
11.98,3032.429065820278
11.99,3033.2242649787827
12.0,3034.0
12.01,3034.756272151946
12.02,3035.493258980184
12.03,3036.21118209966
12.04,3036.910263125324
12.05,3037.590723672124
12.06,3038.252785355008
12.07,3038.896669788925
12.08,3039.522598588824
12.09,3040.130793369653
12.1,3040.721475746359
12.11,3041.294867333893
12.12,3041.851189747202
12.13,3042.3906646012347
12.14,3042.91351351094
12.15,3043.419958091265
12.16,3043.9102199571607
12.17,3044.3845207235727
12.18,3044.8430820054523
12.19,3045.286125417744
12.2,3045.7138725754007
12.21,3046.126545093369
12.22,3046.524364586596
12.23,3046.907552670032
12.24,3047.276330958625
12.25,3047.630921067322
12.26,3047.9715446110745
12.27,3048.2984232048284
12.28,3048.611778463533
12.29,3048.911832002137
12.3,3049.1988054355893
12.31,3049.472920378837
12.32,3049.7343984468293
12.33,3049.9834612545146
12.34,3050.220330416841
12.35,3050.445227548758
12.36,3050.6583742652133
12.37,3050.859992181156
12.38,3051.050302911533
12.39,3051.2295280712947
12.4,3051.3978892753885
12.41,3051.555608138763
12.42,3051.7029062763663
12.43,3051.840005303148
12.44,3051.9671268340558
12.45,3052.0844924840367
12.46,3052.1923238680424
12.47,3052.290842601019
12.48,3052.380270297915
12.49,3052.4608285736804
12.5,3052.5327390432626
12.51,3052.59622332161
12.52,3052.6515030236706
12.53,3052.698799764394
12.54,3052.7383351587296
12.55,3052.7703308216223
12.56,3052.795008368024
12.57,3052.812589412881
12.58,3052.8232955711437
12.59,3052.8273484577585
12.6,3052.8249696876755
12.61,3052.816380875842
12.62,3052.8018036372077
12.63,3052.7814595867194
12.64,3052.755570339328
12.65,3052.724357509979
12.66,3052.688042713623
12.67,3052.646847565208
12.68,3052.600993679682
12.69,3052.550702671993
12.7,3052.496196157092
12.71,3052.437695749924
12.72,3052.3754230654395
12.73,3052.3095997185874
12.74,3052.240447324315
12.75,3052.1681874975707
12.76,3052.0930418533035
12.77,3052.015232006462
12.78,3051.934979571994
12.79,3051.8525061648493
12.8,3051.768033399975
12.81,3051.68178289232
12.82,3051.5939762568323
12.83,3051.504835108461
12.84,3051.414581062156
12.85,3051.323435732862
12.86,3051.23162073553
12.87,3051.1393576851087
12.88,3051.0468681965463
12.89,3050.9543738847897
12.9,3050.86209636479
12.91,3050.770257251493
12.92,3050.6790781598493
12.93,3050.5887807048066
12.94,3050.4995865013125
12.95,3050.4117171643165
12.96,3050.3253943087666
12.97,3050.240839549612
12.98,3050.1582745017995
12.99,3050.07792078028
13.0,3050.0
13.01,3049.9246912303465
13.02,3049.852003358459
13.03,3049.7819027259143
13.04,3049.71435567429
13.05,3049.649328545163
13.06,3049.58678768011
13.07,3049.526699420708
13.08,3049.469030108535
13.09,3049.4137460851675
13.1,3049.3608136921835
13.11,3049.310199271159
13.12,3049.261869163673
13.13,3049.2157897113
13.14,3049.1719272556197
13.15,3049.130248138207
13.16,3049.0907187006405
13.17,3049.053305284497
13.18,3049.017974231354
13.19,3048.984691882787
13.2,3048.953424580376
13.21,3048.924138665695
13.22,3048.8968004803232
13.23,3048.871376365838
13.24,3048.847832663816
13.25,3048.826135715833
13.26,3048.806251863468
13.27,3048.7881474482974
13.28,3048.771788811898
13.29,3048.757142295848
13.3,3048.744174241724
13.31,3048.7328509911017
13.32,3048.723138885561
13.33,3048.715004266677
13.34,3048.7084134760275
13.35,3048.70333285519
13.36,3048.699728745741
13.37,3048.6975674892583
13.38,3048.696815427318
13.39,3048.697438901498
13.4,3048.6994042533765
13.41,3048.702677824528
13.42,3048.707225956532
13.43,3048.713014990965
13.44,3048.720011269404
13.45,3048.7281811334256
13.46,3048.737490924608
13.47,3048.747906984527
13.48,3048.759395654761
13.49,3048.771923276887
13.5,3048.785456192482
13.51,3048.799960743122
13.52,3048.815403270387
13.53,3048.831750115851
13.54,3048.8489676210925
13.55,3048.867022127689
13.56,3048.885879977217
13.57,3048.9055075112537
13.58,3048.9258710713766
13.59,3048.9469369991625
13.6,3048.96867163619
13.61,3048.991041324033
13.62,3049.014012404272
13.63,3049.037551218482
13.64,3049.0616241082416
13.65,3049.086197415128
13.66,3049.111237480716
13.67,3049.136710646585
13.68,3049.1625832543123
13.69,3049.188821645473
13.7,3049.215392161647
13.71,3049.2422611444085
13.72,3049.2693949353365
13.73,3049.296759876008
13.74,3049.3243223080003
13.75,3049.352048572889
13.76,3049.3799050122543
13.77,3049.4078579676707
13.78,3049.435873780715
13.79,3049.4639187929665
13.8,3049.4919593460017
13.81,3049.519961781397
13.82,3049.5478924407294
13.83,3049.575717665577
13.84,3049.6034037975164
13.85,3049.630917178125
13.86,3049.65822414898
13.87,3049.6852910516573
13.88,3049.712084227736
13.89,3049.738570018792
13.9,3049.764714766403
13.91,3049.790484812146
13.92,3049.8158464975986
13.93,3049.8407661643373
13.94,3049.8652101539387
13.95,3049.8891448079808
13.96,3049.912536468041
13.97,3049.935351475696
13.98,3049.957556172522
13.99,3049.979116900098
14.0,3050.0
14.01,3050.020178926666
14.02,3050.03965558598
14.03,3050.058438996682
14.04,3050.076538177517
14.05,3050.093962147226
14.06,3050.1107199245544
14.07,3050.126820528244
14.08,3050.142272977036
14.09,3050.157086289676
14.1,3050.171269484906
14.11,3050.1848315814686
14.12,3050.197781598108
14.13,3050.210128553565
14.14,3050.2218814665835
14.15,3050.2330493559075
14.16,3050.2436412402785
14.17,3050.25366613844
14.18,3050.263133069136
14.19,3050.272051051107
14.2,3050.280429103098
14.21,3050.2882762438508
14.22,3050.2956014921087
14.23,3050.302413866616
14.24,3050.308722386113
14.25,3050.314536069345
14.26,3050.319863935054
14.27,3050.3247150019824
14.28,3050.329098288874
14.29,3050.333022814471
14.3,3050.336497597518
14.31,3050.3395316567558
14.32,3050.342134010928
14.33,3050.344313678778
14.34,3050.346079679048
14.35,3050.3474410304825
14.36,3050.3484067518234
14.37,3050.3489858618127
14.38,3050.3491873791945
14.39,3050.349020322712
14.4,3050.348493711108
14.41,3050.347616563124
14.42,3050.346397897505
14.43,3050.3448467329927
14.44,3050.3429720883305
14.45,3050.3407829822613
14.46,3050.338288433528
14.47,3050.335497460873
14.48,3050.33241908304
14.49,3050.329062318772
14.5,3050.3254361868103
14.51,3050.3215497059005
14.52,3050.317411894784
14.53,3050.313031772204
14.54,3050.3084183569026
14.55,3050.3035806676244
14.56,3050.298527723111
14.57,3050.2932685421056
14.58,3050.2878121433514
14.59,3050.282167545592
14.6,3050.2763437675694
14.61,3050.2703498280257
14.62,3050.264194745706
14.63,3050.2578875393515
14.64,3050.251437227707
14.65,3050.244852829513
14.66,3050.238143363514
14.67,3050.2313178484533
14.68,3050.2243853030723
14.69,3050.217354746115
14.7,3050.2102351963244
14.71,3050.203035672443
14.72,3050.195765193214
14.73,3050.188432777381
14.74,3050.181047443685
14.75,3050.1736182108707
14.76,3050.1661540976806
14.77,3050.1586641228573
14.78,3050.1511573051444
14.79,3050.1436426632845
14.8,3050.13612921602
14.81,3050.128625982095
14.82,3050.121141980251
14.83,3050.113686229232
14.84,3050.1062677477807
14.85,3050.09889555464
14.86,3050.0915786685528
14.87,3050.084326108262
14.88,3050.0771468925104
14.89,3050.0700500400417
14.9,3050.063044569598
14.91,3050.056139499922
14.92,3050.0493438497588
14.93,3050.0426666378485
14.94,3050.0361168829354
14.95,3050.0297036037623
14.96,3050.0234358190723
14.97,3050.017322547608
14.98,3050.0113728081124
14.99,3050.0055956193287
15.0,3050.0
15.01,3049.994593062987
15.02,3049.989374297623
15.03,3049.9843412873583
15.04,3049.9794916156447
15.05,3049.974822865933
15.06,3049.970332621675
15.07,3049.9660184663203
15.08,3049.9618779833213
15.09,3049.9579087561283
15.1,3049.954108368193
15.11,3049.950474402965
15.12,3049.947004443899
15.13,3049.9436960744424
15.14,3049.940546878047
15.15,3049.937554438165
15.16,3049.934716338247
15.17,3049.932030161744
15.18,3049.9294934921068
15.19,3049.9271039127866
15.2,3049.924859007235
15.21,3049.922756358902
15.22,3049.9207935512404
15.23,3049.9189681677
15.24,3049.9172777917315
15.25,3049.9157200067875
15.26,3049.9142923963177
15.27,3049.9129925437737
15.28,3049.9118180326063
15.29,3049.910766446268
15.3,3049.9098353682084
15.31,3049.909022381878
15.32,3049.90832507073
15.33,3049.907741018214
15.34,3049.9072678077805
15.35,3049.906903022882
15.36,3049.9066442469693
15.37,3049.906489063493
15.38,3049.906435055904
15.39,3049.9064798076547
15.4,3049.906620902195
15.41,3049.906855922976
15.42,3049.907182453449
15.43,3049.907598077066
15.44,3049.908100377276
15.45,3049.9086869375315
15.46,3049.909355341284
15.47,3049.910103171983
15.48,3049.910928013081
15.49,3049.9118274480284
15.5,3049.9127990602765
15.51,3049.913840433277
15.52,3049.9149491504804
15.53,3049.9161227953373
15.54,3049.9173589513
15.55,3049.9186552018173
15.56,3049.920009130343
15.57,3049.9214183203267
15.58,3049.92288035522
15.59,3049.9243928184724
15.6,3049.925953293537
15.61,3049.927559363865
15.62,3049.9292086129058
15.63,3049.9308986241117
15.64,3049.932626980934
15.65,3049.9343912668223
15.66,3049.936189065229
15.67,3049.938017959605
15.68,3049.939875533401
15.69,3049.941759370068
15.7,3049.9436670530577
15.71,3049.9455961658205
15.72,3049.947544291808
15.73,3049.949509014471
15.74,3049.9514879172607
15.75,3049.953478583628
15.76,3049.9554785970245
15.77,3049.9574855409005
15.78,3049.959496998708
15.79,3049.9615105538974
15.8,3049.96352378992
15.81,3049.965534290227
15.82,3049.967539638269
15.83,3049.9695374174976
15.84,3049.9715252113638
15.85,3049.973500603318
15.86,3049.975461176812
15.87,3049.977404515297
15.88,3049.979328202224
15.89,3049.9812298210427
15.9,3049.983106955207
15.91,3049.984957188165
15.92,3049.9867781033704
15.93,3049.988567284273
15.94,3049.9903223143237
15.95,3049.9920407769728
15.96,3049.993720255673
15.97,3049.995358333875
15.98,3049.996952595029
15.99,3049.998500622587
16.0,3050.0
16.01,3050.001448821386
16.02,3050.0028472235304
16.03,3050.004195853885
16.04,3050.0054953599065
16.05,3050.006746389043
16.06,3050.0079495887494
16.07,3050.009105606478
16.08,3050.0102150896805
16.09,3050.011278685812
16.1,3050.012297042324
16.11,3050.0132708066685
16.12,3050.0142006262995
16.13,3050.0150871486685
16.14,3050.0159310212293
16.15,3050.0167328914345
16.16,3050.017493406736
16.17,3050.018213214586
16.18,3050.01889296244
16.19,3050.019533297748
16.2,3050.0201348679648
16.21,3050.0206983205417
16.22,3050.0212243029314
16.23,3050.0217134625864
16.24,3050.022166446961
16.25,3050.0225839035065
16.26,3050.0229664796766
16.27,3050.023314822924
16.28,3050.0236295807
16.29,3050.0239114004585
16.3,3050.024160929652
16.31,3050.0243788157336
16.32,3050.024565706155
16.33,3050.02472224837
16.34,3050.024849089832
16.35,3050.024946877991
16.36,3050.0250162603024
16.37,3050.0250578842174
16.38,3050.02507239719
16.39,3050.0250604466714
16.4,3050.0250226801154
16.41,3050.0249597449747
16.42,3050.0248722887013
16.43,3050.0247609587486
16.44,3050.024626402569
16.45,3050.024469267616
16.46,3050.0242902013406
16.47,3050.024089851197
16.48,3050.023868864638
16.49,3050.023627889116
16.5,3050.0233675720824
16.51,3050.023088560993
16.52,3050.0227915032974
16.53,3050.022477046449
16.54,3050.022145837903
16.55,3050.021798525109
16.56,3050.021435755521
16.57,3050.021058176592
16.58,3050.0206664357743
16.59,3050.0202611805207
16.6,3050.019843058284
16.61,3050.019412716517
16.62,3050.0189708026724
16.63,3050.018517964202
16.64,3050.0180548485614
16.65,3050.0175821032
16.66,3050.017100375572
16.67,3050.016610313129
16.68,3050.0161125633267
16.69,3050.015607773614
16.7,3050.015096591447
16.71,3050.014579664276
16.72,3050.014057639555
16.73,3050.013531164737
16.74,3050.013000887273
16.75,3050.012467454617
16.76,3050.011931514222
16.77,3050.01139371354
16.78,3050.0108547000245
16.79,3050.010315121127
16.8,3050.0097756243017
16.81,3050.0092368570004
16.82,3050.008699466676
16.83,3050.008164100781
16.84,3050.0076314067683
16.85,3050.007102032091
16.86,3050.006576624201
16.87,3050.006055830552
16.88,3050.0055402985968
16.89,3050.0050306757867
16.9,3050.0045276095766
16.91,3050.004031747417
16.92,3050.003543736762
16.93,3050.003064225064
16.94,3050.0025938597755
16.95,3050.002133288349
16.96,3050.001683158238
16.97,3050.0012441168947
16.98,3050.000816811772
16.99,3050.000401890323
17.0,3050.0
17.01,3049.99961165147
17.02,3049.999236808256
17.03,3049.9988752970976
17.04,3049.998526944732
17.05,3049.9981915778967
17.06,3049.9978690233315
17.07,3049.9975591077714
17.08,3049.997261657957
17.09,3049.996976500625
17.1,3049.996703462514
17.11,3049.9964423703614
17.12,3049.996193050906
17.13,3049.995955330886
17.14,3049.9957290370376
17.15,3049.995513996101
17.16,3049.995310034813
17.17,3049.9951169799115
17.18,3049.9949346581348
17.19,3049.9947628962213
17.2,3049.9946015209084
17.21,3049.994450358934
17.22,3049.9943092370363
17.23,3049.994177981954
17.24,3049.9940564204244
17.25,3049.993944379186
17.26,3049.993841684976
17.27,3049.993748164533
17.28,3049.9936636445946
17.29,3049.993587951899
17.3,3049.993520913185
17.31,3049.9934623551885
17.32,3049.99341210465
17.33,3049.9933699883054
17.34,3049.993335832895
17.35,3049.993309465154
17.36,3049.9932907118227
17.37,3049.993279399638
17.38,3049.9932753553385
17.39,3049.993278405661
17.4,3049.9932883773454
17.41,3049.993305097128
17.42,3049.993328391748
17.43,3049.993358087943
17.44,3049.9933940124497
17.45,3049.993435992008
17.46,3049.9934838533554
17.47,3049.9935374232286
17.48,3049.9935965283685
17.49,3049.9936609955103
17.5,3049.993730651392
17.51,3049.9938053227543
17.52,3049.993884836332
17.53,3049.9939690188658
17.54,3049.994057697092
17.55,3049.994150697749
17.56,3049.994247847575
17.57,3049.994348973308
17.58,3049.994453901686
17.59,3049.9945624594466
17.6,3049.994674473329
17.61,3049.994789770069
17.62,3049.9949081764066
17.63,3049.995029519079
17.64,3049.995153624824
17.65,3049.9952803203805
17.66,3049.9954094324853
17.67,3049.9955407878774
17.68,3049.9956742132945
17.69,3049.995809535474
17.7,3049.9959465811557
17.71,3049.9960851770743
17.72,3049.996225149971
17.73,3049.996366326583
17.74,3049.996508533648
17.75,3049.9966515979027
17.76,3049.996795346087
17.77,3049.9969396049387
17.78,3049.997084201195
17.79,3049.9972289615944
17.8,3049.997373712875
17.81,3049.997518281774
17.82,3049.997662495029
17.83,3049.9978061793804
17.84,3049.997949161564
17.85,3049.99809126832
17.86,3049.9982323263835
17.87,3049.9983721624944
17.88,3049.9985106033905
17.89,3049.9986474758084
17.9,3049.998782606489
17.91,3049.9989158221674
17.92,3049.9990469495838
17.93,3049.999175815474
17.94,3049.9993022465774
17.95,3049.999426069632
17.96,3049.999547111376
17.97,3049.999665198546
17.98,3049.9997801578825
17.99,3049.999891816121
18.0,3050.0
18.01,3050.0001045727345
18.02,3050.0002055434443
18.03,3050.0003029577224
18.04,3050.0003968611654
18.05,3050.000487299369
18.06,3050.000574317928
18.07,3050.0006579624373
18.08,3050.0007382784925
18.09,3050.000815311688
18.1,3050.0008891076204
18.11,3050.0009597118847
18.12,3050.001027170076
18.13,3050.0010915277894
18.14,3050.0011528306195
18.15,3050.001211124163
18.16,3050.0012664540136
18.17,3050.001318865769
18.18,3050.001368405022
18.19,3050.001415117368
18.2,3050.001459048404
18.21,3050.001500243723
18.22,3050.0015387489225
18.23,3050.001574609596
18.24,3050.0016078713406
18.25,3050.00163857975
18.26,3050.00166678042
18.27,3050.001692518945
18.28,3050.0017158409223
18.29,3050.001736791946
18.3,3050.0017554176097
18.31,3050.001771763512
18.32,3050.001785875246
18.33,3050.001797798407
18.34,3050.001807578591
18.35,3050.0018152613925
18.36,3050.001820892407
18.37,3050.001824517231
18.38,3050.001826181457
18.39,3050.001825930684
18.4,3050.0018238105035
18.41,3050.001819866514
18.42,3050.001814144309
18.43,3050.001806689483
18.44,3050.001797547633
18.45,3050.001786764353
18.46,3050.00177438524
18.47,3050.001760455887
18.48,3050.0017450218897
18.49,3050.0017281288456
18.5,3050.0017098223475
18.51,3050.001690147992
18.52,3050.0016691513733
18.53,3050.001646878088
18.54,3050.0016233737297
18.55,3050.0015986838957
18.56,3050.0015728541784
18.57,3050.001545930176
18.58,3050.0015179574825
18.59,3050.001488981693
18.6,3050.001459048404
18.61,3050.001428203208
18.62,3050.001396491703
18.63,3050.001363959484
18.64,3050.001330652144
18.65,3050.001296615281
18.66,3050.001261894488
18.67,3050.0012265353616
18.68,3050.0011905834967
18.69,3050.0011540844894
18.7,3050.0011170839334
18.71,3050.001079627425
18.72,3050.00104176056
18.73,3050.001003528933
18.74,3050.0009649781377
18.75,3050.000926153772
18.76,3050.0008871014297
18.77,3050.000847866706
18.78,3050.0008084951965
18.79,3050.000769032496
18.8,3050.000729524201
18.81,3050.0006900159065
18.82,3050.0006505532065
18.83,3050.000611181698
18.84,3050.000571946974
18.85,3050.000532894632
18.86,3050.000494070266
18.87,3050.000455519471
18.88,3050.000417287844
18.89,3050.000379420978
18.9,3050.000341964469
18.91,3050.0003049639145
18.92,3050.000268464906
18.93,3050.0002325130417
18.94,3050.0001971539155
18.95,3050.000162433123
18.96,3050.00012839626
18.97,3050.0000950889203
18.98,3050.0000625567004
18.99,3050.0000308451954
19.0,3050.0
19.01,3049.999970057591
19.02,3049.9999410179685
19.03,3049.999912872013
19.04,3049.9998856106054
19.05,3049.9998592246266
19.06,3049.999833704958
19.07,3049.9998090424806
19.08,3049.999785228075
19.09,3049.9997622526225
19.1,3049.999740107003
19.11,3049.999718782099
19.12,3049.9996982687903
19.13,3049.9996785579583
19.14,3049.999659640484
19.15,3049.999641507248
19.16,3049.999624149132
19.17,3049.999607557016
19.18,3049.9995917217807
19.19,3049.9995766343086
19.2,3049.999562285479
19.21,3049.999548666174
19.22,3049.9995357672747
19.23,3049.9995235796605
19.24,3049.9995120942144
19.25,3049.999501301816
19.26,3049.9994911933463
19.27,3049.9994817596858
19.28,3049.9994729917166
19.29,3049.9994648803195
19.3,3049.999457416376
19.31,3049.9994505907644
19.32,3049.9994443943688
19.33,3049.999438818068
19.34,3049.999433852743
19.35,3049.999429489277
19.36,3049.999425718549
19.37,3049.9994225314394
19.38,3049.999419918832
19.39,3049.999417871604
19.4,3049.999416380638
19.41,3049.999415436817
19.42,3049.999415031019
19.43,3049.9994151541264
19.44,3049.9994157970195
19.45,3049.9994169505803
19.46,3049.999418605688
19.47,3049.9994207532245
19.48,3049.9994233840707
19.49,3049.999426489109
19.5,3049.999430059217
19.51,3049.9994340852795
19.52,3049.999438558175
19.53,3049.999443468785
19.54,3049.9994488079897
19.55,3049.999454566671
19.56,3049.9994607357103
19.57,3049.999467305988
19.58,3049.9994742683843
19.59,3049.9994816137814
19.6,3049.9994893330586
19.61,3049.9994974170995
19.62,3049.9995058567824
19.63,3049.999514642989
19.64,3049.999523766601
19.65,3049.9995332184994
19.66,3049.999542989564
19.67,3049.999553070677
19.68,3049.999563452718
19.69,3049.9995741265693
19.7,3049.9995850831106
19.71,3049.999596313224
19.72,3049.99960780779
19.73,3049.9996195576887
19.74,3049.999631553803
19.75,3049.999643787012
19.76,3049.999656248197
19.77,3049.9996689282398
19.78,3049.99968181802
19.79,3049.9996949084198
19.8,3049.99970819032
19.81,3049.9997216546008
19.82,3049.999735292144
19.83,3049.99974909383
19.84,3049.9997630505395
19.85,3049.9997771531544
19.86,3049.999791392555
19.87,3049.999805759622
19.88,3049.999820245237
19.89,3049.999834840281
19.9,3049.999849535634
19.91,3049.999864322177
19.92,3049.999879190793
19.93,3049.99989413236
19.94,3049.999909137761
19.95,3049.999924197876
19.96,3049.999939303588
19.97,3049.9999544457733
19.98,3049.9999696153177
19.99,3049.9999848031
20.0,3050.0
20.01,3050.0000151969016
20.02,3050.000030384683
20.03,3050.000045554228
20.04,3050.0000606964136
20.05,3050.000075802124
20.06,3050.000090862239
20.07,3050.0001058676407
20.08,3050.000120809208
20.09,3050.000135677824
20.1,3050.000150464367
20.11,3050.00016515972
20.12,3050.000179754763
20.13,3050.0001942403787
20.14,3050.000208607445
20.15,3050.0002228468466
20.16,3050.0002369494614
20.17,3050.000250906171
20.18,3050.000264707857
20.19,3050.0002783454006
20.2,3050.0002918096807
20.21,3050.000305091581
20.22,3050.000318181981
20.23,3050.0003310717616
20.24,3050.0003437518044
20.25,3050.0003562129896
20.26,3050.000368446198
20.27,3050.000380442312
20.28,3050.0003921922107
20.29,3050.0004036867763
20.3,3050.00041491689
20.31,3050.000425873432
20.32,3050.0004365472823
20.33,3050.0004469293235
20.34,3050.0004570104365
20.35,3050.000466781501
20.36,3050.0004762333992
20.37,3050.000485357011
20.38,3050.0004941432185
20.39,3050.0005025829014
20.4,3050.0005106669414
20.41,3050.0005183862195
20.42,3050.000525731616
20.43,3050.0005326940127
20.44,3050.00053926429
20.45,3050.000545433329
20.46,3050.000551192011
20.47,3050.0005565312163
20.48,3050.000561441826
20.49,3050.000565914721
20.5,3050.000569940783
20.51,3050.000573510892
20.52,3050.0005766159293
20.53,3050.000579246776
20.54,3050.0005813943126
20.55,3050.0005830494206
20.56,3050.0005842029814
20.57,3050.000584845874
20.58,3050.000584968981
20.59,3050.000584563183
20.6,3050.0005836193614
20.61,3050.0005821283967
20.62,3050.0005800811687
20.63,3050.000577468561
20.64,3050.0005742814515
20.65,3050.0005705107237
20.66,3050.000566147257
20.67,3050.0005611819324
20.68,3050.000555605632
20.69,3050.000549409237
20.7,3050.000542583625
20.71,3050.0005351196805
20.72,3050.000527008284
20.73,3050.0005182403147
20.74,3050.0005088066546
20.75,3050.000498698185
20.76,3050.0004879057865
20.77,3050.0004764203395
20.78,3050.0004642327262
20.79,3050.0004513338263
20.8,3050.000437714521
20.81,3050.000423365692
20.82,3050.00040827822
20.83,3050.000392442985
20.84,3050.0003758508687
20.85,3050.0003584927526
20.86,3050.0003403595165
20.87,3050.000321442042
20.88,3050.0003017312097
20.89,3050.000281217901
20.9,3050.000259892997
20.91,3050.000237747378
20.92,3050.000214771925
20.93,3050.00019095752
20.94,3050.0001662950417
20.95,3050.000140775373
20.96,3050.000114389394
20.97,3050.000087127988
20.98,3050.000058982032
20.99,3050.000029942409
21.0,3050.0
