wind_speed,Enercon E-58/10.58
1.0,0.0
1.01,0.0067754748273626
1.02,0.0131403148167033
1.03,0.0191029002708387
1.04,0.0246716114925858
1.05,0.0298548287847611
1.06,0.0346609324501816
1.07,0.039098302791664
1.08,0.0431753201120251
1.09,0.0469003647140816
1.1,0.0502818169006504
1.11,0.0533280569745481
1.12,0.0560474652385916
1.13,0.0584484219955976
1.14,0.060539307548383
1.15,0.0623285021997645
1.16,0.0638243862525588
1.17,0.0650353400095828
1.18,0.0659697437736532
1.19,0.0666359778475869
1.2,0.0670424225342005
1.21,0.0671974581363108
1.22,0.0671094649567347
1.23,0.0667868232982888
1.24,0.0662379134637901
1.25,0.0654711157560552
1.26,0.0644948104779009
1.27,0.063317377932144
1.28,0.0619471984216012
1.29,0.0603926522490895
1.3,0.0586621197174254
1.31,0.0567639811294258
1.32,0.0547066167879076
1.33,0.0524984069956873
1.34,0.0501477320555819
1.35,0.0476629722704081
1.36,0.0450525079429827
1.37,0.0423247193761224
1.38,0.0394879868726441
1.39,0.0365506907353644
1.4,0.0335212112671002
1.41,0.0304079287706683
1.42,0.0272192235488854
1.43,0.0239634759045683
1.44,0.0206490661405337
1.45,0.0172843745595985
1.46,0.0138777814645795
1.47,0.0104376671582933
1.48,0.0069724119435568
1.49,0.0034903961231868
1.5,0.0
1.51,0.0
1.52,0.0
1.53,0.0
1.54,0.0
1.55,0.0
1.56,0.0
1.57,0.0
1.58,0.0
1.59,0.0
1.6,0.0
1.61,0.0
1.62,0.0
1.63,0.0
1.64,0.0
1.65,0.0
1.66,0.0
1.67,0.0
1.68,0.0
1.69,0.0
1.7,0.0
1.71,0.0
1.72,0.0
1.73,0.0
1.74,0.0
1.75,0.0
1.76,0.0
1.77,0.0
1.78,0.0
1.79,0.0
1.8,0.0
1.81,0.0
1.82,0.0
1.83,0.0
1.84,0.0
1.85,0.0
1.86,0.0
1.87,0.0
1.88,0.0
1.89,0.0
1.9,0.0
1.91,0.0
1.92,0.0
1.93,0.0
1.94,0.0
1.95,0.0
1.96,0.0
1.97,0.0
1.98,0.0
1.99,0.0
2.0,0.0
2.01,0.0071905817101908
2.02,0.0147851093159753
2.03,0.0227685135721071
2.04,0.0311257252333412
2.05,0.0398416750544318
2.06,0.0489012937901339
2.07,0.0582895121952011
2.08,0.0679912610243888
2.09,0.0779914710324506
2.1,0.0882750729741418
2.11,0.0988269976042161
2.12,0.1096321756774287
2.13,0.1206755379485334
2.14,0.1319420151722853
2.15,0.143416538103438
2.16,0.1550840374967473
2.17,0.1669294441069661
2.18,0.1789376886888503
2.19,0.1910937019971532
2.2,0.2033824147866304
2.21,0.2157887578120353
2.22,0.2282976618281232
2.23,0.2408940575896478
2.24,0.2535628758513645
2.25,0.2662890473680266
2.26,0.2790575028943896
2.27,0.2918531731852078
2.28,0.3046609889952351
2.29,0.3174658810792269
2.3,0.3302527801919365
2.31,0.3430066170881196
2.32,0.3557123225225294
2.33,0.3683548272499217
2.34,0.3809190620250497
2.35,0.3933899576026691
2.36,0.4057524447375332
2.37,0.4179914541843975
2.38,0.4300919166980155
2.39,0.4420387630331426
2.4,0.4538169239445325
2.41,0.4654113301869403
2.42,0.47680691251512
2.43,0.4879886016838265
2.44,0.4989413284478135
2.45,0.5096500235618365
2.46,0.5200996177806491
2.47,0.5302750418590065
2.48,0.5401612265516624
2.49,0.5497431026133721
2.5,0.5590056007988893
2.51,0.5679336518629687
2.52,0.5765121865603654
2.53,0.5847261356458331
2.54,0.5925604298741266
2.55,0.6
2.56,0.6070552155337859
2.57,0.6138382010081256
2.58,0.6204865197112386
2.59,0.627137734931344
2.6,0.633929409956661
2.61,0.640999108075409
2.62,0.6484843925758075
2.63,0.656522826746075
2.64,0.6652519738744317
2.65,0.6748093972490959
2.66,0.6853326601582878
2.67,0.6969593258902258
2.68,0.70982695773313
2.69,0.7240731189752188
2.7,0.7398353729047121
2.71,0.7572512828098285
2.72,0.7764584119787886
2.73,0.7975943236998095
2.74,0.8207965812611131
2.75,0.8462027479509159
2.76,0.8739503870574383
2.77,0.9041770618689012
2.78,0.9370203356735208
2.79,0.97261777175952
2.8,1.011106933415114
2.81,1.052625383928526
2.82,1.0973106865879714
2.83,1.1453004046816735
2.84,1.196732101497847
2.85,1.2517433403247162
2.86,1.310471684450495
2.87,1.373054697163408
2.88,1.4396299417516698
2.89,1.510334981503504
2.9,1.5853073797071249
2.91,1.6646846996507572
2.92,1.7486045046226146
2.93,1.8372043579109223
2.94,1.9306218228038925
2.95,2.0289944625897527
2.96,2.132459840556714
2.97,2.2411555199930038
2.98,2.355219064186832
2.99,2.4747880364264274
3.0,2.6
3.01,2.730947007385826
3.02,2.867539067822396
3.03,3.0096406797382347
3.04,3.15711634156189
3.05,3.3098305517218867
3.06,3.467647808646774
3.07,3.630432610765076
3.08,3.798049456505341
3.09,3.9703628442960937
3.1,4.147237272565883
3.11,4.328537239743233
3.12,4.514127244256695
3.13,4.703871784534789
3.14,4.897635359006068
3.15,5.09528246609905
3.16,5.296677604242293
3.17,5.501685271864313
3.18,5.710169967393666
3.19,5.921996189258868
3.2,6.137028435888476
3.21,6.355131205711008
3.22,6.57616899715502
3.23,6.800006308649026
3.24,7.0265076386215854
3.25,7.255537485501216
3.26,7.48696034771646
3.27,7.72064072369587
3.28,7.956443111867954
3.29,8.19423201066128
3.3,8.433871918504353
3.31,8.675227333825736
3.32,8.918162755053944
3.33,9.162542680617534
3.34,9.408231608945025
3.35,9.65509403846497
3.36,9.902994467605884
3.37,10.15179739479633
3.38,10.40136731846482
3.39,10.651568737039913
3.4,10.90226614895012
3.41,11.153324052624004
3.42,11.404606946490077
3.43,11.6559793289769
3.44,11.907305698512989
3.45,12.158450553526896
3.46,12.409278392447142
3.47,12.659653713702284
3.48,12.909441015720835
3.49,13.158504796931352
3.5,13.406709555762356
3.51,13.653919790642387
3.52,13.9
3.53,14.144858502565222
3.54,14.388578898274208
3.55,14.631288607364583
3.56,14.873115050074029
3.57,15.11418564664016
3.58,15.354627817300658
3.59,15.594568982293149
3.6,15.834136561855304
3.61,16.07345797622474
3.62,16.31266064563914
3.63,16.551871990336135
3.64,16.791219430553387
3.65,17.030830386528528
3.66,17.27083227849923
3.67,17.51135252670312
3.68,17.752518551377868
3.69,17.99445777276111
3.7,18.237297611090504
3.71,18.48116548660369
3.72,18.72618881953833
3.73,18.972495030132063
3.74,19.220211538622543
3.75,19.469465765247417
3.76,19.72038513024434
3.77,19.973097053850964
3.78,20.22772895630492
3.79,20.484408257843885
3.8,20.74326237870549
3.81,21.0044187391274
3.82,21.268004759347228
3.83,21.53414785960268
3.84,21.802975460131357
3.85,22.074614981170942
3.86,22.34919384295905
3.87,22.626839465733365
3.88,22.90767926973152
3.89,23.19184067519117
3.9,23.47945110234994
3.91,23.77063797144553
3.92,24.065528702715557
3.93,24.36425071639766
3.94,24.666931432729516
3.95,24.973698271948763
3.96,25.28467865429304
3.97,25.6
3.98,25.919766896678876
3.99,26.2439926014252
4.0,26.572667538705986
4.01,26.90578213298837
4.02,27.24332680873942
4.03,27.58529199042625
4.04,27.931668102515875
4.05,28.282445569475414
4.06,28.637614815771943
4.07,28.997166265872583
4.08,29.361090344244342
4.09,29.72937747535434
4.1,30.102018083669662
4.11,30.479002593657427
4.12,30.860321429784623
4.13,31.245965016518404
4.14,31.63592377832582
4.15,32.030188139674
4.16,32.42874852502996
4.17,32.831595358860824
4.18,33.238719065633646
4.19,33.65011006981557
4.2,34.06575879587359
4.21,34.48565566827482
4.22,34.90979111148638
4.23,35.33815554997534
4.24,35.770739408208726
4.25,36.20753311065367
4.26,36.64852708177723
4.27,37.09371174604651
4.28,37.54307752792862
4.29,37.99661485189056
4.3,38.45431414239948
4.31,38.9161658239224
4.32,39.38216032092651
4.33,39.85228805787875
4.34,40.3265394592463
4.35,40.8049049494962
4.36,41.28737495309559
4.37,41.77393989451147
4.38,42.26459019821096
4.39,42.75931628866113
4.4,43.25810859032913
4.41,43.76095752768194
4.42,44.26785352518669
4.43,44.778787007310456
4.44,45.29374839852037
4.45,45.81272812328342
4.46,46.33571660606673
4.47,46.86270427133738
4.48,47.39368154356252
4.49,47.92863884720912
4.5,48.4675666067443
4.51,49.01045524663515
4.52,49.55729519134877
4.53,50.10807686535227
4.54,50.66279069311263
4.55,51.221427099097006
4.56,51.78397650777245
4.57,52.35042934360612
4.58,52.92077603106497
4.59,53.49500699461616
4.6,54.07311265872675
4.61,54.655083447863895
4.62,55.24090978649455
4.63,55.83058209908585
4.64,56.42409081010491
4.65,57.02142634401882
4.66,57.62257912529459
4.67,58.22753957839935
4.68,58.83629812780013
4.69,59.44884519796416
4.7,60.06517121335834
4.71,60.68526659844982
4.72,61.309121777705705
4.73,61.93672717559311
4.74,62.568073216579016
4.75,63.203150325130544
4.76,63.84194892571481
4.77,64.48445944279888
4.78,65.13067230084987
4.79,65.78057792433475
4.8,66.4341667377207
4.81,67.09142916547478
4.82,67.75235563206411
4.83,68.41693656195568
4.84,69.08516237961662
4.85,69.75702350951401
4.86,70.43251037611499
4.87,71.11161340388654
4.88,71.79432301729578
4.89,72.48062964080981
4.9,73.17052369889574
4.91,73.86399561602056
4.92,74.56103581665144
4.93,75.2616347252554
4.94,75.96578276629961
4.95,76.673470364251
4.96,77.3846879435768
4.97,78.099425928744
4.98,78.8176747442198
4.99,79.53942481447112
5.0,80.26466656396512
5.01,80.99339041716888
5.02,81.7255867985495
5.03,82.4612461325741
5.04,83.20035884370962
5.05,83.94291535642326
5.06,84.68890609518205
5.07,85.43832148445317
5.08,86.19115194870356
5.09,86.94738791240036
5.1,87.70701980001066
5.11,88.47003803600158
5.12,89.23643304484014
5.13,90.00619525099341
5.14,90.7793150789285
5.15,91.5557829531126
5.16,92.3355892980126
5.17,93.11872453809563
5.18,93.90517909782886
5.19,94.6949434016794
5.2,95.48800787411416
5.21,96.28436293960034
5.22,97.08399902260498
5.23,97.88690654759525
5.24,98.69307593903812
5.25,99.50249762140066
5.26,100.31516201915004
5.27,101.13105955675331
5.28,101.95018065867762
5.29,102.77251574938992
5.3,103.59805525335734
5.31,104.42678959504696
5.32,105.25870919892596
5.33,106.09380448946126
5.34,106.93206589112005
5.35,107.77348382836932
5.36,108.61804872567636
5.37,109.465751007508
5.38,110.3165810983314
5.39,111.1705294226137
5.4,112.02758640482205
5.41,112.88774246942327
5.42,113.75098804088468
5.43,114.61731354367328
5.44,115.4867094022562
5.45,116.35916604110044
5.46,117.2346738846731
5.47,118.11322335744129
5.48,118.99480488387216
5.49,119.87940888843264
5.5,120.76702579558987
5.51,121.657646029811
5.52,122.55126001556302
5.53,123.44785817731317
5.54,124.34743093952828
5.55,125.2499687266756
5.56,126.15546196322214
5.57,127.06390107363514
5.58,127.97527648238147
5.59,128.88957861392834
5.6,129.80679789274276
5.61,130.72692474329193
5.62,131.64994959004275
5.63,132.57586285746245
5.64,133.50465497001807
5.65,134.43631635217673
5.66,135.37083742840537
5.67,136.3082086231712
5.68,137.24842036094125
5.69,138.1914630661827
5.7,139.1373271633625
5.71,140.08600307694778
5.72,141.0374812314056
5.73,141.9917520512032
5.74,142.94880596080742
5.75,143.90863338468543
5.76,144.87122474730435
5.77,145.8365704731313
5.78,146.80466098663334
5.79,147.7754867122774
5.8,148.7490380745307
5.81,149.72530549786035
5.82,150.70427940673343
5.83,151.68595022561692
5.84,152.67030837897798
5.85,153.6573442912836
5.86,154.64704838700106
5.87,155.6394110905972
5.88,156.63442282653924
5.89,157.63207401929424
5.9,158.63235509332935
5.91,159.63525647311153
5.92,160.64076858310787
5.93,161.6488818477855
5.94,162.6595866916116
5.95,163.67287353905309
5.96,164.688732814577
5.97,165.70715494265062
5.98,166.72813034774103
5.99,167.7516494543151
6.0,168.77770268684
6.01,169.80628046978288
6.02,170.83737322761073
6.03,171.87097138479078
6.04,172.90706536578995
6.05,173.9456455950754
6.06,174.9867024971142
6.07,176.03022649637347
6.08,177.07620801732023
6.09,178.12463748442156
6.1,179.1755053221445
6.11,180.2288019549563
6.12,181.28451780732397
6.13,182.34264330371445
6.14,183.40316886859492
6.15,184.4660849264326
6.16,185.5313819016944
6.17,186.59905021884737
6.18,187.6690803023587
6.19,188.74146257669557
6.2,189.81618746632475
6.21,190.8932453957136
6.22,191.972626789329
6.23,193.05432207163832
6.24,194.1383216671084
6.25,195.22461600020628
6.26,196.3131954953992
6.27,197.40405057715407
6.28,198.49717166993835
6.29,199.59254919821865
6.3,200.69017358646232
6.31,201.7900352591364
6.32,202.892124640708
6.33,203.99643215564404
6.34,205.10294822841172
6.35,206.2116632834782
6.36,207.32256774531052
6.37,208.43565203837568
6.38,209.55090658714076
6.39,210.66832181607285
6.4,211.7878881496392
6.41,212.90959601230665
6.42,214.03343582854237
6.43,215.15939802281355
6.44,216.2874730195872
6.45,217.41765124333037
6.46,218.54992311851004
6.47,219.68427906959352
6.48,220.82070952104775
6.49,221.95920489733987
6.5,223.0997556229369
6.51,224.24235212230596
6.52,225.3869848199141
6.53,226.53364414022855
6.54,227.68232050771616
6.55,228.83300434684412
6.56,229.98568608207952
6.57,231.1403561378896
6.58,232.2970049387412
6.59,233.4556229091014
6.6,234.61620047343732
6.61,235.7787280562163
6.62,236.94319608190492
6.63,238.10959497497072
6.64,239.2779151598806
6.65,240.44814706110168
6.66,241.62028110310095
6.67,242.7943077103457
6.68,243.97021730730265
6.69,245.14800031843924
6.7,246.3276471682224
6.71,247.50914828111908
6.72,248.6924940815966
6.73,249.8776749941221
6.74,251.06468144316236
6.75,252.25350385318453
6.76,253.44413264865588
6.77,254.6365582540433
6.78,255.83077109381412
6.79,257.0267615924351
6.8,258.2245201743735
6.81,259.42403726409646
6.82,260.6253032860711
6.83,261.82830866476417
6.84,263.03304382464296
6.85,264.23949919017457
6.86,265.4476651858262
6.87,266.6575322360647
6.88,267.8690907653572
6.89,269.08233119817095
6.9,270.2972439589729
6.91,271.5138194722301
6.92,272.7320481624097
6.93,273.95192045397874
6.94,275.1734267714044
6.95,276.3965575391536
6.96,277.62130318169346
6.97,278.8476541234912
6.98,280.07560078901395
6.99,281.30513360272835
7.0,282.53624298910194
7.01,283.76891937260166
7.02,285.0031531776945
7.03,286.2389348288478
7.04,287.4762547505283
7.05,288.71510336720314
7.06,289.95547110333973
7.07,291.1973483834049
7.08,292.4407256318657
7.09,293.6855932731892
7.1,294.9319417318426
7.11,296.1797614322931
7.12,297.42904279900745
7.13,298.6797762564528
7.14,299.9319522290964
7.15,301.1855611414054
7.16,302.4405934178467
7.17,303.69703948288736
7.18,304.9548897609945
7.19,306.2141346766353
7.2,307.4747646542768
7.21,308.73677011838583
7.22,310.0001414934298
7.23,311.26486920387595
7.24,312.5309436741908
7.25,313.7983553288418
7.26,315.06709459229586
7.27,316.3371518890203
7.28,317.6085176434822
7.29,318.88118228014827
7.3,320.15513622348584
7.31,321.43036989796207
7.32,322.70687372804394
7.33,323.98463813819853
7.34,325.26365355289283
7.35,326.54391039659413
7.36,327.8253990937695
7.37,329.10811006888576
7.38,330.39203374641016
7.39,331.67716055081
7.4,332.9634809065519
7.41,334.25098523810334
7.42,335.5396639699311
7.43,336.82950752650254
7.44,338.12050633228466
7.45,339.4126508117444
7.46,340.70593138934885
7.47,342.00033848956525
7.48,343.2958625368608
7.49,344.5924939557022
7.5,345.8902231705567
7.51,347.18904060589136
7.52,348.48893668617336
7.53,349.7899018358699
7.54,351.0919264794476
7.55,352.39500104137403
7.56,353.699115946116
7.57,355.00426161814084
7.58,356.3104284819153
7.59,357.6176069619066
7.6,358.92578748258177
7.61,360.23496046840813
7.62,361.5451163438525
7.63,362.8562455333821
7.64,364.1683384614639
7.65,365.4813855525652
7.66,366.7953772311528
7.67,368.1103039216939
7.68,369.4261560486556
7.69,370.7429240365051
7.7,372.0605983097092
7.71,373.3791692927352
7.72,374.6986274100501
7.73,376.0189630861212
7.74,377.3401667454152
7.75,378.6622288123993
7.76,379.9851397115407
7.77,381.3088898673065
7.78,382.6334697041637
7.79,383.9588696465793
7.8,385.2850801190205
7.81,386.6120915459544
7.82,387.9398943518482
7.83,389.2684789611686
7.84,390.5978357983829
7.85,391.9279552879583
7.86,393.2588278543618
7.87,394.5904439220602
7.88,395.9227939155211
7.89,397.2558682592112
7.9,398.5896573775977
7.91,399.92415169514766
7.92,401.25934163632814
7.93,402.5952176256064
7.94,403.9317700874493
7.95,405.268989446324
7.96,406.6068661266976
7.97,407.945390553037
7.98,409.28455314980965
7.99,410.6243443414824
8.0,411.9647545525223
8.01,413.3057742073965
8.02,414.64739373057216
8.03,415.9896035465161
8.04,417.3323940796956
8.05,418.6757557545781
8.06,420.01967899563
8.07,421.3641542273187
8.08,422.7091718741112
8.09,424.0547223604747
8.1,425.4007961108762
8.11,426.74738354978285
8.12,428.0944751016616
8.13,429.44206119098
8.14,430.7901322422045
8.15,432.13867867980224
8.16,433.4876909282407
8.17,434.8371594119867
8.18,436.1870745555075
8.19,437.5374267832699
8.2,438.8882065197412
8.21,440.2394041893886
8.22,441.59101021667885
8.23,442.94301502607925
8.24,444.2954090420567
8.25,445.64818268907845
8.26,447.0013263916115
8.27,448.3548305741231
8.28,449.70868566108
8.29,451.0628820769497
8.3,452.4174102461992
8.31,453.7722605932952
8.32,455.12742354270506
8.33,456.4828895188957
8.34,457.8386489463346
8.35,459.1946922494884
8.36,460.55100985282434
8.37,461.9075921808096
8.38,463.26442965791136
8.39,464.6215127085962
8.4,465.9788317573316
8.41,467.33637722858464
8.42,468.6941395468222
8.43,470.0521091365115
8.44,471.41027642211975
8.45,472.7686318281137
8.46,474.12716577896094
8.47,475.485868699128
8.48,476.8447310130822
8.49,478.2037431452907
8.5,479.5628955202204
8.51,480.92217856233856
8.52,482.2815826961121
8.53,483.64109834600816
8.54,485.00071593649386
8.55,486.3604258920366
8.56,487.72021863710296
8.57,489.08008459616
8.58,490.44001419367504
8.59,491.7999978541152
8.6,493.16002600194736
8.61,494.5200890616387
8.62,495.8801774576565
8.63,497.2402816144677
8.64,498.6003919565392
8.65,499.9604989083383
8.66,501.3205928943319
8.67,502.6806643389873
8.68,504.0407036667714
8.69,505.40070130215145
8.7,506.7606476695943
8.71,508.1205331935674
8.72,509.48034829853736
8.73,510.8400834089716
8.74,512.199728949337
8.75,513.5592753441008
8.76,514.91871301773
8.77,516.2780323946918
8.78,517.6372238994531
8.79,518.9962779564811
8.8,520.3551849902431
8.81,521.7139354252056
8.82,523.0725196858361
8.83,524.4309281966016
8.84,525.7891513819692
8.85,527.1471796664059
8.86,528.5050034743788
8.87,529.8626132303551
8.88,531.2199993588022
8.89,532.5771522841864
8.9,533.934062430975
8.91,535.2907202236356
8.92,536.6471160866347
8.93,538.0032404444396
8.94,539.3590837215174
8.95,540.7146363423356
8.96,542.0698887313605
8.97,543.4248313130596
8.98,544.7794545118998
8.99,546.1337487523484
9.0,547.4877044588725
9.01,548.8413120559388
9.02,550.1945619680149
9.03,551.5474446195675
9.04,552.8999504350637
9.05,554.2520698389711
9.06,555.603793255756
9.07,556.955111109886
9.08,558.3060138258282
9.09,559.6564918280493
9.1,561.0065355410168
9.11,562.3561353891973
9.12,563.7052817970583
9.13,565.053965189067
9.14,566.40217598969
9.15,567.7499046233947
9.16,569.097141514648
9.17,570.443877087917
9.18,571.790101767669
9.19,573.1358059783709
9.2,574.4809801444898
9.21,575.825614690493
9.22,577.1697000408471
9.23,578.5132266200196
9.24,579.8561848524776
9.25,581.1985651626878
9.26,582.5403579751176
9.27,583.881553714234
9.28,585.2221428045038
9.29,586.5621156703949
9.3,587.9014627363737
9.31,589.2401744269072
9.32,590.5782411664628
9.33,591.9156533795074
9.34,593.2524014905082
9.35,594.5884759239324
9.36,595.9238671042467
9.37,597.2585654559185
9.38,598.5925614034152
9.39,599.925845371203
9.4,601.2584077837496
9.41,602.5902390655218
9.42,603.9213296409869
9.43,605.2516699346121
9.44,606.5812503708642
9.45,607.91006137421
9.46,609.2380933691177
9.47,610.565336780053
9.48,611.8917820314839
9.49,613.217419547877
9.5,614.5422397536996
9.51,615.8662330734189
9.52,617.1893899315016
9.53,618.5117007524152
9.54,619.8331559606266
9.55,621.153745980603
9.56,622.4734612368113
9.57,623.7922921537186
9.58,625.110229155792
9.59,626.4272626674988
9.6,627.7433831133055
9.61,629.0585809176798
9.62,630.3728465050884
9.63,631.686170299999
9.64,632.9985427268782
9.65,634.3099542101926
9.66,635.6203951744101
9.67,636.9298560439972
9.68,638.2383272434214
9.69,639.5457991971498
9.7,640.8522623296492
9.71,642.1577070653868
9.72,643.4621238288296
9.73,644.7655030444448
9.74,646.0678351366995
9.75,647.3691105300607
9.76,648.6693196489956
9.77,649.9684529179709
9.78,651.266500761454
9.79,652.5634536039121
9.8,653.8593018698123
9.81,655.1540359836213
9.82,656.4476463698063
9.83,657.7401234528346
9.84,659.0314576571732
9.85,660.3216394072889
9.86,661.6106591276493
9.87,662.8985072427212
9.88,664.1851741769717
9.89,665.4706503548676
9.9,666.7549262008764
9.91,668.0379921394651
9.92,669.3198385951006
9.93,670.6004559922501
9.94,671.8798347553807
9.95,673.1579653089595
9.96,674.4348380774536
9.97,675.71044348533
9.98,676.9847719570557
9.99,678.2578139170977
10.0,679.5295597899235
10.01,680.8
10.02,682.0692271980108
10.03,683.337742939506
10.04,684.606151006252
10.05,685.8750551800161
10.06,687.1450592425645
10.07,688.4167669756637
10.08,689.6907821610803
10.09,690.9677085805818
10.1,692.248150015934
10.11,693.5327102489038
10.12,694.821993061258
10.13,696.1166022347635
10.14,697.4171415511863
10.15,698.7242147922934
10.16,700.0384257398514
10.17,701.3603781756269
10.18,702.6906758813869
10.19,704.0299226388976
10.2,705.3787222299262
10.21,706.7376784362389
10.22,708.1073950396024
10.23,709.4884758217835
10.24,710.8815245645485
10.25,712.2871450496649
10.26,713.7059410588986
10.27,715.1385163740163
10.28,716.585474776785
10.29,718.0474200489712
10.3,719.5249559723417
10.31,721.018686328663
10.32,722.5292148997015
10.33,724.0571454672242
10.34,725.6030818129976
10.35,727.1676277187886
10.36,728.7513869663636
10.37,730.3549633374896
10.38,731.9789606139332
10.39,733.6239825774604
10.4,735.2906330098384
10.41,736.9795156928342
10.42,738.6912344082136
10.43,740.4263929377438
10.44,742.1855950631914
10.45,743.9694445663229
10.46,745.7785452289055
10.47,747.6135008327051
10.48,749.474915159489
10.49,751.3633919910231
10.5,753.2795351090748
10.51,755.2239482954104
10.52,757.1972353317965
10.53,759.2
10.54,761.2325068363915
10.55,763.293663395758
10.56,765.382037987489
10.57,767.4961989209758
10.58,769.6347145056089
10.59,771.7961530507788
10.6,773.979082865876
10.61,776.1820722602915
10.62,778.4036895434156
10.63,780.6425030246392
10.64,782.8970810133519
10.65,785.1659918189451
10.66,787.4478037508094
10.67,789.741085118335
10.68,792.0444042309127
10.69,794.3563293979333
10.7,796.6754289287869
10.71,799.0002711328648
10.72,801.3294243195568
10.73,803.6614567982538
10.74,805.9949368783462
10.75,808.3284328692248
10.76,810.6605130802805
10.77,812.9897458209031
10.78,815.3146994004836
10.79,817.6339421284127
10.8,819.9460423140815
10.81,822.2495682668791
10.82,824.5430882961972
10.83,826.825170711426
10.84,829.0943838219564
10.85,831.3492959371785
10.86,833.5884753664833
10.87,835.8104904192613
10.88,838.0139094049033
10.89,840.197300632799
10.9,842.35923241234
10.91,844.4982730529161
10.92,846.6129908639185
10.93,848.7019541547375
10.94,850.7637312347633
10.95,852.7968904133872
10.96,854.8
10.97,856.7719111963502
10.98,858.7126067736233
10.99,860.622352395364
11.0,862.5014137251167
11.01,864.3500564264252
11.02,866.1685461628339
11.03,867.9571485978871
11.04,869.7161293951286
11.05,871.4457542181041
11.06,873.1462887303562
11.07,874.8179985954296
11.08,876.4611494768686
11.09,878.0760070382179
11.1,879.6628369430214
11.11,881.2219048548234
11.12,882.7534764371679
11.13,884.2578173536001
11.14,885.7351932676627
11.15,887.1858698429013
11.16,888.6101127428594
11.17,890.0081876310818
11.18,891.3803601711118
11.19,892.7268960264948
11.2,894.0480608607745
11.21,895.3441203374954
11.22,896.6153401202014
11.23,897.861985872437
11.24,899.0843232577462
11.25,900.2826179396734
11.26,901.4571355817628
11.27,902.608141847559
11.28,903.7359024006056
11.29,904.8406829044476
11.3,905.9227490226292
11.31,906.9823664186936
11.32,908.019800756186
11.33,909.0353176986504
11.34,910.0291829096316
11.35,911.0016620526728
11.36,911.9530207913187
11.37,912.883524789114
11.38,913.7934397096028
11.39,914.683031216329
11.4,915.5525649728366
11.41,916.402306642671
11.42,917.2325218893752
11.43,918.043476376494
11.44,918.8354357675718
11.45,919.6086657261524
11.46,920.3634319157808
11.47,921.1
11.48,921.8187173299574
11.49,922.520258007206
11.5,923.2053778209014
11.51,923.8748325601985
11.52,924.5293780142532
11.53,925.1697699722204
11.54,925.796764223256
11.55,926.4111165565153
11.56,927.013582761153
11.57,927.6049186263252
11.58,928.1858799411872
11.59,928.7572224948944
11.6,929.319702076602
11.61,929.874074475465
11.62,930.4210954806398
11.63,930.9615208812814
11.64,931.4961064665448
11.65,932.0256080255856
11.66,932.550781347559
11.67,933.072382221621
11.68,933.5911664369264
11.69,934.1078897826304
11.7,934.623308047889
11.71,935.1381770218576
11.72,935.653252493691
11.73,936.1692902525452
11.74,936.6870460875748
11.75,937.2072757879364
11.76,937.7307351427842
11.77,938.258179941274
11.78,938.7903659725616
11.79,939.328049025802
11.8,939.8719848901504
11.81,940.4229293547626
11.82,940.9816382087936
11.83,941.5488672413992
11.84,942.1253722417345
11.85,942.7119089989548
11.86,943.3092333022156
11.87,943.9181009406726
11.88,944.5392677034812
11.89,945.173489379796
11.9,945.821521758773
11.91,946.4841206295677
11.92,947.1620417813352
11.93,947.8560410032308
11.94,948.56687408441
11.95,949.2952968140283
11.96,950.0420649812412
11.97,950.807934375204
11.98,951.5936607850714
11.99,952.4
12.0,953.227395991468
12.01,954.0750454602496
12.02,954.941833289442
12.03,955.8266443621428
12.04,956.7283635614484
12.05,957.6458757704588
12.06,958.578065872269
12.07,959.5238187499776
12.08,960.4820192866814
12.09,961.4515523654788
12.1,962.4313028694662
12.11,963.420155681742
12.12,964.4169956854028
12.13,965.4207077635468
12.14,966.430176799271
12.15,967.4442876756726
12.16,968.46192527585
12.17,969.4819744828995
12.18,970.5033201799192
12.19,971.5248472500068
12.2,972.5454405762596
12.21,973.5639850417743
12.22,974.5793655296496
12.23,975.5904669229816
12.24,976.5961741048686
12.25,977.595371958408
12.26,978.586945366697
12.27,979.5697792128332
12.28,980.542758379914
12.29,981.5047677510372
12.3,982.4546922093
12.31,983.3914166377996
12.32,984.3138259196336
12.33,985.2208049378994
12.34,986.1112385756944
12.35,986.9840117161166
12.36,987.8380092422632
12.37,988.6721160372308
12.38,989.4852169841184
12.39,990.276196966022
12.4,991.04394086604
12.41,991.7873335672696
12.42,992.5052599528076
12.43,993.1966049057526
12.44,993.8602533092012
12.45,994.4950900462512
12.46,995.1
12.47,995.6741697797438
12.48,996.217992899574
12.49,996.7321645997804
12.5,997.2173801206528
12.51,997.6743347024824
12.52,998.103723585558
12.53,998.5062420101702
12.54,998.882585216609
12.55,999.2334484451648
12.56,999.5595269361264
12.57,999.8615159297856
12.58,1000.140110666431
12.59,1000.3960063863532
12.6,1000.6298983298428
12.61,1000.8424817371888
12.62,1001.034451848682
12.63,1001.2065039046122
12.64,1001.3593331452696
12.65,1001.4936348109438
12.66,1001.6101041419254
12.67,1001.709436378504
12.68,1001.79232676097
12.69,1001.8594705296132
12.7,1001.911562924724
12.71,1001.949299186592
12.72,1001.9733745555072
12.73,1001.9844842717604
12.74,1001.983323575641
12.75,1001.9705877074392
12.76,1001.946971907445
12.77,1001.9131714159485
12.78,1001.8698814732396
12.79,1001.8177973196088
12.8,1001.7576141953456
12.81,1001.69002734074
12.82,1001.615731996083
12.83,1001.535423401664
12.84,1001.449796797772
12.85,1001.3595474246991
12.86,1001.265370522734
12.87,1001.1679613321672
12.88,1001.0680150932884
12.89,1000.966227046388
12.9,1000.863292431756
12.91,1000.7599064896824
12.92,1000.6567644604568
12.93,1000.5545615843704
12.94,1000.4539931017116
12.95,1000.3557542527724
12.96,1000.2605402778412
12.97,1000.1690464172086
12.98,1000.081967911165
12.99,1000.0
13.0,999.9236961310842
13.01,999.8530425801092
13.02,999.7878838298464
13.03,999.728064363068
13.04,999.6734286625456
13.05,999.6238212110512
13.06,999.5790864913567
13.07,999.5390689862338
13.08,999.5036131784544
13.09,999.4725635507904
13.1,999.445764586013
13.11,999.4230607668948
13.12,999.4042965762076
13.13,999.3893164967228
13.14,999.3779650112124
13.15,999.370086602448
13.16,999.3655257532022
13.17,999.364126946246
13.18,999.3657346643514
13.19,999.3701933902904
13.2,999.377347606835
13.21,999.387041796757
13.22,999.3991204428278
13.23,999.4134280278196
13.24,999.429809034504
13.25,999.448107945653
13.26,999.468169244038
13.27,999.4898374124318
13.28,999.5129569336056
13.29,999.5373722903308
13.3,999.5629279653796
13.31,999.5894684415246
13.32,999.6168382015364
13.33,999.6448817281876
13.34,999.6734435042496
13.35,999.7023680124946
13.36,999.7314997356946
13.37,999.7606831566204
13.38,999.7897627580452
13.39,999.8185830227396
13.4,999.8469884334764
13.41,999.8748234730268
13.42,999.9019326241628
13.43,999.9281603696564
13.44,999.9533511922792
13.45,999.9773495748032
13.46,1000.0
13.47,1000.021179180827
13.48,1000.0408927509826
13.49,1000.0591785743512
13.5,1000.0760745148168
13.51,1000.0916184362624
13.52,1000.1058482025728
13.53,1000.118801677632
13.54,1000.1305167253236
13.55,1000.1410312095318
13.56,1000.1503829941406
13.57,1000.158609943034
13.58,1000.1657499200955
13.59,1000.1718407892096
13.6,1000.17692041426
13.61,1000.1810266591308
13.62,1000.184197387706
13.63,1000.1864704638692
13.64,1000.187883751505
13.65,1000.1884751144968
13.66,1000.188282416729
13.67,1000.1873435220854
13.68,1000.18569629445
13.69,1000.1833785977066
13.7,1000.1804282957388
13.71,1000.1768832524314
13.72,1000.172781331668
13.73,1000.1681603973328
13.74,1000.1630583133096
13.75,1000.157512943482
13.76,1000.1515621517344
13.77,1000.1452438019508
13.78,1000.1385957580148
13.79,1000.1316558838108
13.8,1000.1244620432224
13.81,1000.1170521001338
13.82,1000.109463918429
13.83,1000.1017353619918
13.84,1000.0939042947062
13.85,1000.0860085804565
13.86,1000.078086083126
13.87,1000.0701746665992
13.88,1000.06231219476
13.89,1000.0545365314924
13.9,1000.04688554068
13.91,1000.039397086207
13.92,1000.0321090319576
13.93,1000.0250592418154
13.94,1000.0182855796644
13.95,1000.0118259093892
13.96,1000.005718094873
13.97,1000.0
13.98,999.9947011654948
13.99,999.9898178394428
14.0,999.9853379467698
14.01,999.9812494124031
14.02,999.9775401612676
14.03,999.97419811829
14.04,999.971211208396
14.05,999.9685673565124
14.06,999.9662544875648
14.07,999.9642605264792
14.08,999.962573398182
14.09,999.9611810275992
14.1,999.9600713396568
14.11,999.9592322592812
14.12,999.9586517113984
14.13,999.9583176209344
14.14,999.9582179128151
14.15,999.9583405119672
14.16,999.9586733433166
14.17,999.959204331789
14.18,999.959921402311
14.19,999.9608124798084
14.2,999.9618654892076
14.21,999.963068355434
14.22,999.9644090034146
14.23,999.9658753580752
14.24,999.9674553443416
14.25,999.9691368871404
14.26,999.9709079113976
14.27,999.9727563420388
14.28,999.9746701039908
14.29,999.9766371221792
14.3,999.9786453215306
14.31,999.9806826269707
14.32,999.9827369634256
14.33,999.9847962558216
14.34,999.9868484290846
14.35,999.9888814081412
14.36,999.9908831179168
14.37,999.992841483338
14.38,999.9947444293308
14.39,999.9965798808212
14.4,999.9983357627358
14.41,1000.0
14.42,1000.0015629367888
14.43,1000.0030245942704
14.44,1000.004387412862
14.45,1000.0056538329802
14.46,1000.0068262950424
14.47,1000.0079072394656
14.48,1000.008899106666
14.49,1000.0098043370612
14.5,1000.010625371068
14.51,1000.0113646491031
14.52,1000.0120246115836
14.53,1000.0126076989268
14.54,1000.0131163515492
14.55,1000.0135530098676
14.56,1000.0139201142993
14.57,1000.0142201052612
14.58,1000.0144554231704
14.59,1000.0146285084428
14.6,1000.0147418014968
14.61,1000.0147977427488
14.62,1000.0147987726148
14.63,1000.0147473315136
14.64,1000.0146458598604
14.65,1000.0144967980732
14.66,1000.0143025865684
14.67,1000.0140656657632
14.68,1000.0137884760744
14.69,1000.0134734579192
14.7,1000.013123051714
14.71,1000.012739697876
14.72,1000.0123258368228
14.73,1000.0118839089704
14.74,1000.011416354736
14.75,1000.010925614537
14.76,1000.0104141287898
14.77,1000.0098843379112
14.78,1000.0093386823188
14.79,1000.0087796024292
14.8,1000.0082095386596
14.81,1000.0076309314264
14.82,1000.007046221147
14.83,1000.0064578482378
14.84,1000.0058682531164
14.85,1000.0052798761992
14.86,1000.0046951579036
14.87,1000.0041165386464
14.88,1000.0035464588444
14.89,1000.0029873589142
14.9,1000.0024416792736
14.91,1000.0019118603392
14.92,1000.0014003425276
14.93,1000.000909566256
14.94,1000.0004419719412
14.95,1000.0
14.96,999.999585571169
14.97,999.9991985274572
14.98,999.9988381911947
14.99,999.99850388471
15.0,999.9981949303328
15.01,999.9979106503912
15.02,999.9976503672152
15.03,999.9974134031336
15.04,999.9971990804752
15.05,999.997006721569
15.06,999.9968356487446
15.07,999.9966851843308
15.08,999.9965546506568
15.09,999.9964433700512
15.1,999.996350664844
15.11,999.9962758573632
15.12,999.9962182699386
15.13,999.9961772248988
15.14,999.9961520445734
15.15,999.9961420512911
15.16,999.9961465673816
15.17,999.996164915173
15.18,999.9961964169948
15.19,999.9962403951762
15.2,999.9962961720462
15.21,999.9963630699336
15.22,999.996440411168
15.23,999.9965275180782
15.24,999.9966237129934
15.25,999.9967283182422
15.26,999.996840656154
15.27,999.9969600490582
15.28,999.9970858192836
15.29,999.9972172891592
15.3,999.997353781014
15.31,999.9974946171776
15.32,999.9976391199784
15.33,999.9977866117456
15.34,999.9979364148086
15.35,999.9980878514962
15.36,999.9982402441376
15.37,999.998392915062
15.38,999.9985451865982
15.39,999.9986963810754
15.4,999.9988458208228
15.41,999.9989928281692
15.42,999.999136725444
15.43,999.9992768349758
15.44,999.9994124790944
15.45,999.9995429801284
15.46,999.9996676604068
15.47,999.9997858422583
15.48,999.9998968480136
15.49,1000.0
15.5,1000.0000947777812
15.51,1000.000181289859
15.52,1000.0002598019676
15.53,1000.0003305798422
15.54,1000.0003938892183
15.55,1000.0004499958306
15.56,1000.0004991654148
15.57,1000.0005416637056
15.58,1000.000577756438
15.59,1000.0006077093472
15.6,1000.0006317881682
15.61,1000.0006502586364
15.62,1000.0006633864872
15.63,1000.000671437455
15.64,1000.0006746772754
15.65,1000.0006733716832
15.66,1000.0006677864138
15.67,1000.0006581872024
15.68,1000.0006448397838
15.69,1000.0006280098928
15.7,1000.0006079632656
15.71,1000.0005849656364
15.72,1000.0005592827404
15.73,1000.0005311803131
15.74,1000.0005009240892
15.75,1000.0004687798044
15.76,1000.0004350131928
15.77,1000.0003998899906
15.78,1000.0003636759326
15.79,1000.0003266367536
15.8,1000.0002890381888
15.81,1000.0002511459736
15.82,1000.0002132258428
15.83,1000.0001755435318
15.84,1000.0001383647754
15.85,1000.0001019553088
15.86,1000.0000665808676
15.87,1000.000032507186
15.88,1000.0
15.89,999.9999692742388
15.9,999.9999403416092
15.91,999.9999131630124
15.92,999.9998876993504
15.93,999.999863911524
15.94,999.9998417604348
15.95,999.9998212069844
15.96,999.999802212074
15.97,999.9997847366046
15.98,999.999768741478
15.99,999.9997541875956
16.0,999.9997410358588
16.01,999.9997292471684
16.02,999.9997187824264
16.03,999.999709602534
16.04,999.9997016683928
16.05,999.9996949409036
16.06,999.999689380968
16.07,999.9996849494876
16.08,999.9996816073636
16.09,999.9996793154974
16.1,999.99967803479
16.11,999.9996777261435
16.12,999.9996783504588
16.13,999.9996798686378
16.14,999.9996822415812
16.15,999.9996854301904
16.16,999.9996893953672
16.17,999.9996940980128
16.18,999.9996994990288
16.19,999.9997055593155
16.2,999.999712239776
16.21,999.99971950131
16.22,999.9997273048205
16.23,999.9997356112074
16.24,999.9997443813728
16.25,999.999753576218
16.26,999.9997631566446
16.27,999.9997730835532
16.28,999.999783317846
16.29,999.9997938204236
16.3,999.9998045521888
16.31,999.9998154740412
16.32,999.9998265468832
16.33,999.9998377316158
16.34,999.9998489891406
16.35,999.9998602803588
16.36,999.999871566172
16.37,999.9998828074816
16.38,999.9998939651886
16.39,999.9999050001944
16.4,999.9999158734008
16.41,999.9999265457088
16.42,999.99993697802
16.43,999.9999471312356
16.44,999.999956966257
16.45,999.9999664439856
16.46,999.999975525323
16.47,999.9999841711704
16.48,999.9999923424286
16.49,1000.0
16.5,1000.0000071138188
16.51,1000.000013689955
16.52,1000.0000197435116
16.53,1000.0000252895918
16.54,1000.0000303432984
16.55,1000.0000349197352
16.56,1000.000039034005
16.57,1000.0000427012108
16.58,1000.0000459364564
16.59,1000.0000487548444
16.6,1000.0000511714778
16.61,1000.0000532014602
16.62,1000.0000548598948
16.63,1000.0000561618843
16.64,1000.0000571225322
16.65,1000.0000577569416
16.66,1000.0000580802158
16.67,1000.0000581074574
16.68,1000.0000578537704
16.69,1000.0000573342576
16.7,1000.000056564022
16.71,1000.0000555581668
16.72,1000.0000543317952
16.73,1000.0000529000102
16.74,1000.0000512779152
16.75,1000.0000494806136
16.76,1000.0000475232084
16.77,1000.0000454208024
16.78,1000.0000431884988
16.79,1000.0000408414008
16.8,1000.0000383946124
16.81,1000.0000358632356
16.82,1000.000033262374
16.83,1000.0000306071308
16.84,1000.0000279126097
16.85,1000.0000251939128
16.86,1000.0000224661436
16.87,1000.000019744406
16.88,1000.0000170438022
16.89,1000.000014379436
16.9,1000.00001176641
16.91,1000.0000092198284
16.92,1000.000006754793
16.93,1000.0000043864076
16.94,1000.0000021297756
16.95,1000.0
16.96,999.9999980090714
16.97,999.999996156532
16.98,999.9999944388112
16.99,999.999992852339
17.0,999.9999913935442
17.01,999.9999900588572
17.02,999.9999888447064
17.03,999.9999877475228
17.04,999.9999867637354
17.05,999.9999858897734
17.06,999.9999851220672
17.07,999.9999844570456
17.08,999.9999838911384
17.09,999.9999834207752
17.1,999.999983042386
17.11,999.9999827523994
17.12,999.9999825472462
17.13,999.999982423355
17.14,999.999982377156
17.15,999.9999824050786
17.16,999.9999825035524
17.17,999.9999826690068
17.18,999.9999828978712
17.19,999.9999831865756
17.2,999.9999835315498
17.21,999.9999839292224
17.22,999.9999843760244
17.23,999.9999848683844
17.24,999.999985402732
17.25,999.9999859754968
17.26,999.9999865831088
17.27,999.9999872219972
17.28,999.9999878885916
17.29,999.999988579322
17.3,999.9999892906176
17.31,999.999990018908
17.32,999.999990760623
17.33,999.9999915121916
17.34,999.9999922700443
17.35,999.9999930306102
17.36,999.9999937903184
17.37,999.9999945455992
17.38,999.999995292882
17.39,999.9999960285962
17.4,999.9999967491714
17.41,999.9999974510374
17.42,999.999998130624
17.43,999.9999987843598
17.44,999.9999994086756
17.45,1000.0
17.46,1000.000000555499
17.47,1000.0000010752804
17.48,1000.0000015601894
17.49,1000.0000020110692
17.5,1000.0000024287648
17.51,1000.0000028141202
17.52,1000.0000031679792
17.53,1000.0000034911866
17.54,1000.0000037845862
17.55,1000.0000040490226
17.56,1000.00000428534
17.57,1000.000004494382
17.58,1000.0000046769936
17.59,1000.0000048340186
17.6,1000.0000049663012
17.61,1000.0000050746864
17.62,1000.0000051600176
17.63,1000.0000052231388
17.64,1000.0000052648952
17.65,1000.00000528613
17.66,1000.0000052876882
17.67,1000.0000052704136
17.68,1000.0000052351504
17.69,1000.0000051827432
17.7,1000.0000051140362
17.71,1000.0000050298733
17.72,1000.0000049310986
17.73,1000.0000048185568
17.74,1000.000004693092
17.75,1000.0000045555483
17.76,1000.00000440677
17.77,1000.0000042476014
17.78,1000.0000040788864
17.79,1000.0000039014697
17.8,1000.0000037161948
17.81,1000.0000035239068
17.82,1000.0000033254496
17.83,1000.0000031216672
17.84,1000.000002913404
17.85,1000.0000027015042
17.86,1000.000002486812
17.87,1000.0000022701718
17.88,1000.0000020524276
17.89,1000.0000018344236
17.9,1000.0000016170044
17.91,1000.0000014010136
17.92,1000.0000011872962
17.93,1000.0000009766958
17.94,1000.0000007700568
17.95,1000.0000005682236
17.96,1000.0000003720402
17.97,1000.0000001823512
17.98,1000.0
17.99,999.9999998256689
18.0,999.9999996593853
18.01,999.9999995010156
18.02,999.9999993504252
18.03,999.9999992074796
18.04,999.9999990720438
18.05,999.9999989439845
18.06,999.9999988231662
18.07,999.9999987094548
18.08,999.999998602716
18.09,999.9999985028152
18.1,999.9999984096178
18.11,999.9999983229897
18.12,999.999998242796
18.13,999.9999981689024
18.14,999.9999981011748
18.15,999.9999980394778
18.16,999.999997983678
18.17,999.9999979336404
18.18,999.999997889231
18.19,999.9999978503148
18.2,999.9999978167574
18.21,999.9999977884248
18.22,999.9999977651815
18.23,999.9999977468948
18.24,999.9999977334284
18.25,999.9999977246488
18.26,999.9999977204216
18.27,999.999997720612
18.28,999.9999977250858
18.29,999.9999977337084
18.3,999.9999977463452
18.31,999.9999977628617
18.32,999.9999977831242
18.33,999.9999978069972
18.34,999.9999978343473
18.35,999.9999978650384
18.36,999.9999978989382
18.37,999.9999979359104
18.38,999.9999979758217
18.39,999.9999980185372
18.4,999.999998063922
18.41,999.9999981118426
18.42,999.999998162164
18.43,999.9999982147516
18.44,999.9999982694712
18.45,999.9999983261883
18.46,999.9999983847684
18.47,999.9999984450768
18.48,999.9999985069798
18.49,999.999998570342
18.5,999.9999986350296
18.51,999.9999987009076
18.52,999.9999987678424
18.53,999.9999988356986
18.54,999.9999989043422
18.55,999.9999989736386
18.56,999.9999990434536
18.57,999.9999991136526
18.58,999.9999991841012
18.59,999.9999992546644
18.6,999.9999993252084
18.61,999.9999993955984
18.62,999.9999994657004
18.63,999.9999995353796
18.64,999.9999996045012
18.65,999.9999996729314
18.66,999.9999997405351
18.67,999.9999998071784
18.68,999.9999998727268
18.69,999.9999999370456
18.7,1000.0
18.71,1000.0000000614808
18.72,1000.0000001214754
18.73,1000.0000001799966
18.74,1000.0000002370572
18.75,1000.0000002926686
18.76,1000.000000346844
18.77,1000.0000003995966
18.78,1000.0000004509374
18.79,1000.00000050088
18.8,1000.0000005494364
18.81,1000.0000005966192
18.82,1000.0000006424408
18.83,1000.000000686914
18.84,1000.0000007300512
18.85,1000.0000007718644
18.86,1000.0000008123668
18.87,1000.00000085157
18.88,1000.0000008894876
18.89,1000.0000009261312
18.9,1000.0000009615136
18.91,1000.0000009956472
18.92,1000.0000010285448
18.93,1000.0000010602188
18.94,1000.0000010906812
18.95,1000.000001119945
18.96,1000.0000011480224
18.97,1000.0000011749256
18.98,1000.0000012006684
18.99,1000.0000012252616
19.0,1000.000001248719
19.01,1000.0000012710522
19.02,1000.0000012922742
19.03,1000.0000013123974
19.04,1000.000001331434
19.05,1000.0000013493968
19.06,1000.0000013662982
19.07,1000.0000013821506
19.08,1000.0000013969668
19.09,1000.0000014107592
19.1,1000.0000014235396
19.11,1000.0000014353212
19.12,1000.0000014461164
19.13,1000.0000014559374
19.14,1000.0000014647974
19.15,1000.000001472708
19.16,1000.000001479682
19.17,1000.000001485732
19.18,1000.0000014908704
19.19,1000.00000149511
19.2,1000.0000014984626
19.21,1000.0000015009416
19.22,1000.0000015025583
19.23,1000.0000015033264
19.24,1000.0000015032576
19.25,1000.0000015023652
19.26,1000.0000015006608
19.27,1000.0000014981568
19.28,1000.0000014948664
19.29,1000.0000014908017
19.3,1000.0000014859758
19.31,1000.0000014804
19.32,1000.0000014740876
19.33,1000.0000014670512
19.34,1000.0000014593032
19.35,1000.0000014508554
19.36,1000.0000014417208
19.37,1000.0000014319124
19.38,1000.000001421442
19.39,1000.0000014103216
19.4,1000.0000013985652
19.41,1000.0000013861844
19.42,1000.0000013731913
19.43,1000.0000013595989
19.44,1000.0000013454196
19.45,1000.0000013306658
19.46,1000.0000013153508
19.47,1000.0000012994852
19.48,1000.0000012830836
19.49,1000.0000012661573
19.5,1000.0000012487188
19.51,1000.0000012307812
19.52,1000.000001212356
19.53,1000.0000011934568
19.54,1000.0000011740956
19.55,1000.0000011542846
19.56,1000.0000011340366
19.57,1000.000001113364
19.58,1000.0000010922794
19.59,1000.0000010707952
19.6,1000.000001048924
19.61,1000.000001026678
19.62,1000.00000100407
19.63,1000.000000981112
19.64,1000.0000009578172
19.65,1000.0000009341976
19.66,1000.000000910266
19.67,1000.0000008860346
19.68,1000.000000861516
19.69,1000.0000008367228
19.7,1000.0000008116672
19.71,1000.000000786362
19.72,1000.0000007608196
19.73,1000.000000735052
19.74,1000.0000007090724
19.75,1000.0000006828932
19.76,1000.0000006565264
19.77,1000.0000006299848
19.78,1000.0000006032813
19.79,1000.0000005764272
19.8,1000.0000005494364
19.81,1000.0000005223204
19.82,1000.000000495092
19.83,1000.0000004677638
19.84,1000.000000440348
19.85,1000.0000004128576
19.86,1000.0000003853044
19.87,1000.000000357702
19.88,1000.0000003300612
19.89,1000.000000302396
19.9,1000.000000274718
19.91,1000.0000002470404
19.92,1000.000000219375
19.93,1000.0000001917346
19.94,1000.0000001641314
19.95,1000.0000001365786
19.96,1000.000000109088
19.97,1000.0000000816724
19.98,1000.0000000543442
19.99,1000.000000027116
20.0,1000.0
20.01,999.9999999730088
20.02,999.9999999461552
20.03,999.9999999194516
20.04,999.9999998929096
20.05,999.9999998665432
20.06,999.9999998403636
20.07,999.999999814384
20.08,999.9999997886168
20.09,999.999999763074
20.1,999.999999737769
20.11,999.9999997127136
20.12,999.9999996879202
20.13,999.9999996634016
20.14,999.99999963917
20.15,999.9999996152388
20.16,999.9999995916191
20.17,999.999999568324
20.18,999.9999995453662
20.19,999.9999995227582
20.2,999.9999995005124
20.21,999.999999478641
20.22,999.9999994571568
20.23,999.9999994360724
20.24,999.9999994153998
20.25,999.999999395152
20.26,999.9999993753406
20.27,999.9999993559796
20.28,999.9999993370802
20.29,999.9999993186552
20.3,999.9999993007176
20.31,999.999999283279
20.32,999.9999992663528
20.33,999.9999992499507
20.34,999.9999992340856
20.35,999.9999992187702
20.36,999.9999992040166
20.37,999.9999991898376
20.38,999.9999991762452
20.39,999.999999163252
20.4,999.999999150871
20.41,999.9999991391144
20.42,999.9999991279944
20.43,999.999999117524
20.44,999.9999991077156
20.45,999.9999990985812
20.46,999.9999990901337
20.47,999.9999990823852
20.48,999.9999990753488
20.49,999.9999990690364
20.5,999.9999990634608
20.51,999.9999990586344
20.52,999.9999990545698
20.53,999.9999990512796
20.54,999.999999048776
20.55,999.9999990470714
20.56,999.9999990461788
20.57,999.99999904611
20.58,999.999999046878
20.59,999.999999048495
20.6,999.9999990509734
20.61,999.9999990543264
20.62,999.9999990585658
20.63,999.9999990637044
20.64,999.9999990697544
20.65,999.9999990767284
20.66,999.9999990846392
20.67,999.9999990934988
20.68,999.99999910332
20.69,999.9999991141152
20.7,999.9999991258968
20.71,999.9999991386774
20.72,999.9999991524696
20.73,999.9999991672856
20.74,999.999999183138
20.75,999.9999992000394
20.76,999.9999992180024
20.77,999.999999237039
20.78,999.999999257162
20.79,999.999999278384
20.8,999.9999993007176
20.81,999.9999993241744
20.82,999.999999348768
20.83,999.9999993745104
20.84,999.999999401414
20.85,999.9999994294916
20.86,999.9999994587554
20.87,999.9999994892178
20.88,999.9999995208916
20.89,999.9999995537892
20.9,999.9999995879228
20.91,999.9999996233054
20.92,999.9999996599488
20.93,999.9999996978664
20.94,999.9999997370696
20.95,999.999999777572
20.96,999.9999998193856
20.97,999.9999998625224
20.98,999.9999999069952
20.99,999.999999952817
21.0,1000.0
