wind_speed,Enercon E-82 E2 2.300
1.0,0.0
1.01,0.0
1.02,0.0
1.03,0.0
1.04,0.0
1.05,0.0
1.06,0.0
1.07,0.0
1.08,0.0
1.09,0.0
1.1,0.0
1.11,0.0
1.12,0.0
1.13,0.0
1.14,0.0
1.15,0.0
1.16,0.0
1.17,0.0
1.18,0.0
1.19,0.0
1.2,0.0
1.21,0.0
1.22,0.0
1.23,0.0
1.24,0.0
1.25,0.0
1.26,0.0
1.27,0.0
1.28,0.0
1.29,0.0
1.3,0.0
1.31,0.0
1.32,0.0
1.33,0.0
1.34,0.0
1.35,0.0
1.36,0.0
1.37,0.0
1.38,0.0
1.39,0.0
1.4,0.0
1.41,0.0
1.42,0.0
1.43,0.0
1.44,0.0
1.45,0.0
1.46,0.0
1.47,0.0
1.48,0.0
1.49,0.0
1.5,0.0
1.51,0.0
1.52,0.0
1.53,0.0
1.54,0.0
1.55,0.0
1.56,0.0
1.57,0.0
1.58,0.0
1.59,0.0
1.6,0.0
1.61,0.0
1.62,0.0
1.63,0.0
1.64,0.0
1.65,0.0
1.66,0.0491582150000174
1.67,0.1060753131985459
1.68,0.1647600859701655
1.69,0.2252165431762969
1.7,0.2874486946783623
1.71,0.3514605503377815
1.72,0.4172561200159773
1.73,0.4848394135743721
1.74,0.5542144408743861
1.75,0.6253852117774401
1.76,0.6983557361449568
1.77,0.7731300238383583
1.78,0.8497120847190638
1.79,0.9281059286484978
1.8,1.008315565488079
1.81,1.090345005099231
1.82,1.174198257343374
1.83,1.25987933208193
1.84,1.3473922391763211
1.85,1.4367409884879674
1.86,1.5279295898782914
1.87,1.6209620532087146
1.88,1.715842388340656
1.89,1.812574605135541
1.9,1.91116271345479
1.91,2.011610723159824
1.92,2.113922644112064
1.93,2.218102486172933
1.94,2.324154259203849
1.95,2.4320819730662397
1.96,2.5418896376215194
1.97,2.653581262731115
1.98,2.767160858256446
1.99,2.882632434058934
2.0,3.0
2.01,3.1192675659410627
2.02,3.2404391417435545
2.03,3.363518737268881
2.04,3.488510362378481
2.05,3.615418026933759
2.06,3.74424574079615
2.07,3.874997513827064
2.08,4.007677355887937
2.09,4.142289276840174
2.1,4.27883728654521
2.11,4.417325394864457
2.12,4.557757611659345
2.13,4.700137946791285
2.14,4.844470410121712
2.15,4.990759011512031
2.16,5.139007760823681
2.17,5.2892206679180696
2.18,5.441401742656629
2.19,5.59555499490077
2.2,5.751684434511924
2.21,5.909794071351501
2.22,6.069887915280939
2.23,6.231969976161642
2.24,6.396044263855046
2.25,6.56211478822256
2.26,6.73018555912561
2.27,6.900260586425628
2.28,7.072343879984017
2.29,7.246439449662219
2.3,7.422551305321635
2.31,7.600683456823704
2.32,7.780839914029831
2.33,7.963024686801454
2.34,8.147241784999979
2.35,8.333495218486846
2.36,8.521788997123453
2.37,8.712127130771243
2.38,8.904513629291621
2.39,9.098952502546023
2.4,9.29544776039586
2.41,9.49400341270256
2.42,9.69462346932754
2.43,9.897311940132226
2.44,10.102072834978028
2.45,10.308910163726388
2.46,10.517827936238705
2.47,10.728830162376418
2.48,10.941920852000935
2.49,11.157104014973692
2.5,11.374383661156095
2.51,11.593763800409574
2.52,11.81524844259556
2.53,12.038841597575448
2.54,12.26454727521069
2.55,12.492369485362683
2.56,12.722312237892863
2.57,12.954379542662648
2.58,13.188575409533463
2.59,13.42490384836671
2.6,13.663368869023843
2.61,13.903974481366252
2.62,14.146724695255386
2.63,14.391623520552642
2.64,14.638674967119464
2.65,14.887883044817247
2.66,15.139251763507442
2.67,15.392785133051444
2.68,15.648487163310705
2.69,15.906361864146607
2.7,16.166413245420607
2.71,16.4286453169941
2.72,16.69306208872853
2.73,16.9596675704853
2.74,17.228465772125855
2.75,17.499460703511588
2.76,17.772656374503924
2.77,18.04805679496431
2.78,18.325665974754145
2.79,18.605487923734863
2.8,18.88752665176788
2.81,19.17178616871462
2.82,19.458270484436483
2.83,19.74698360879493
2.84,20.03792955165135
2.85,20.331112322867185
2.86,20.62653593230384
2.87,20.92420438982275
2.88,21.22412170528532
2.89,21.526291888553
2.9,21.830718949487174
2.91,22.137406897949305
2.92,22.44635974380077
2.93,22.75758149690304
2.94,23.07107616711748
2.95,23.38684776430556
2.96,23.70490029832867
2.97,24.02523777904826
2.98,24.34786421632572
2.99,24.672783620022503
3.0,25.0
3.01,25.329529356258224
3.02,25.661435649351507
3.03,25.99579482997271
3.04,26.332682848814763
3.05,26.6721756565705
3.06,27.01434920393288
3.07,27.35927944159475
3.08,27.707042320249037
3.09,28.057713790588597
3.1,28.411369803306343
3.11,28.76808630909516
3.12,29.12793925864795
3.13,29.491004602657597
3.14,29.857358291817
3.15,30.227076276819044
3.16,30.60023450835665
3.17,30.97690893712264
3.18,31.357175513809985
3.19,31.74111018911153
3.2,32.12878891372021
3.21,32.52028763832885
3.22,32.91568231363041
3.23,33.31504889031773
3.24,33.71846331908377
3.25,34.126001550621346
3.26,34.53773953562338
3.27,34.953753224782794
3.28,35.374118568792426
3.29,35.79891151834524
3.3,36.228208024134034
3.31,36.6620840368518
3.32,37.10061550719136
3.33,37.54387838584563
3.34,37.991948623507504
3.35,38.44490217086989
3.36,38.90281497862564
3.37,39.36576299746768
3.38,39.83382217808888
3.39,40.30706847118216
3.4,40.78557782744039
3.41,41.26942619755648
3.42,41.75868953222329
3.43,42.25344378213377
3.44,42.75376489798074
3.45,43.25972883045716
3.46,43.77141153025586
3.47,44.28888894806981
3.48,44.81223703459181
3.49,45.34153174051482
3.5,45.87684901653171
3.51,46.41826481333536
3.52,46.96585508161871
3.53,47.5196957720746
3.54,48.07986283539595
3.55,48.64643222227563
3.56,49.21947988340656
3.57,49.79908176948161
3.58,50.385313831193706
3.59,50.97825201923568
3.6,51.57797228430052
3.61,52.18455057708098
3.62,52.798062848270085
3.63,53.41858504856066
3.64,54.04619312864562
3.65,54.68096303921783
3.66,55.32297073097023
3.67,55.97229215459566
3.68,56.62900326078706
3.69,57.29318000023727
3.7,57.96489832363924
3.71,58.6442341816858
3.72,59.33126352506992
3.73,60.02606230448441
3.74,60.72870647062225
3.75,61.43927197417622
3.76,62.1578347658393
3.77,62.8844707963044
3.78,63.61925601626432
3.79,64.36226637641204
3.8,65.11357782744038
3.81,65.87326632004232
3.82,66.64140780491066
3.83,67.41807823273837
3.84,68.20335355421825
3.85,68.99730972004332
3.86,69.80002268090635
3.87,70.61156838750031
3.88,71.43202279051803
3.89,72.26146184065249
3.9,73.09996148859649
3.91,73.947597685043
3.92,74.80444638068485
3.93,75.67058352621498
3.94,76.54608507232624
3.95,77.43102696971155
3.96,78.3254851690638
3.97,79.2295356210759
3.98,80.14325427644067
3.99,81.06671708585111
4.0,82.0
4.01,82.9431625989263
4.02,83.89619898005289
4.03,84.85908687014872
4.04,85.83180399598245
4.05,86.81432808432314
4.06,87.80663686193964
4.07,88.80870805560086
4.08,89.82051939207558
4.09,90.8420485981327
4.1,91.87327340054117
4.11,92.91417152606984
4.12,93.96472070148758
4.13,95.0248986535632
4.14,96.09468310906568
4.15,97.17405179476395
4.16,98.26298243742671
4.17,99.36145276382292
4.18,100.4694405007215
4.19,101.58692337489136
4.2,102.71387911310126
4.21,103.85028544212014
4.22,104.99612008871684
4.23,106.15136077966044
4.24,107.3159852417195
4.25,108.48997120166304
4.26,109.67329638626
4.27,110.8659385222792
4.28,112.06787533648962
4.29,113.27908455566
4.3,114.4995439065592
4.31,115.72923111595622
4.32,116.96812391061994
4.33,118.21620001731914
4.34,119.47343716282268
4.35,120.73981307389954
4.36,122.01530547731872
4.37,123.29989209984878
4.38,124.59355066825876
4.39,125.89625890931754
4.4,127.20799454979414
4.41,128.5287353164572
4.42,129.85845893607564
4.43,131.19714313541846
4.44,132.54476564125451
4.45,133.90130418035258
4.46,135.2667364794816
4.47,136.64104026541045
4.48,138.02419326490812
4.49,139.41617320474325
4.5,140.81695781168486
4.51,142.22652481250188
4.52,143.64485193396305
4.53,145.07191690283747
4.54,146.50769744589374
4.55,147.95217128990092
4.56,149.4053161616278
4.57,150.86710978784342
4.58,152.33752989531644
4.59,153.81655421081584
4.6,155.30416046111048
4.61,156.8003263729694
4.62,158.30502967316127
4.63,159.81824808845496
4.64,161.33995934561946
4.65,162.87014117142377
4.66,164.40877129263643
4.67,165.95582743602648
4.68,167.51128732836293
4.69,169.0751286964146
4.7,170.64732926695018
4.71,172.22786676673869
4.72,173.81671892254906
4.73,175.4138634611502
4.74,177.01927810931082
4.75,178.63294059379984
4.76,180.2548286413862
4.77,181.8849199788388
4.78,183.52319233292656
4.79,185.16962343041817
4.8,186.82419099808263
4.81,188.4868727626888
4.82,190.1576464510057
4.83,191.83648978980196
4.84,193.5233805058465
4.85,195.2182963259084
4.86,196.92121497675643
4.87,198.63211418515937
4.88,200.3509716778862
4.89,202.07776518170576
4.9,203.8124724233871
4.91,205.5550711296988
4.92,207.30553902740985
4.93,209.06385384328925
4.94,210.82999330410587
4.95,212.6039351366284
4.96,214.38565706762583
4.97,216.17513682386704
4.98,217.97235213212107
4.99,219.7772807191565
5.0,221.5899003117424
5.01,223.41018863664743
5.02,225.23812342064076
5.03,227.07368239049129
5.04,228.9168432729676
5.05,230.76758379483877
5.06,232.6258816828736
5.07,234.4917146638411
5.08,236.36506046450992
5.09,238.2458968116491
5.1,240.13420143202745
5.11,242.02995205241407
5.12,243.9331263995775
5.13,245.84370220028683
5.14,247.7616571813108
5.15,249.68696906941864
5.16,251.6196155913787
5.17,253.5595744739601
5.18,255.50682344393184
5.19,257.4613402280628
5.2,259.4231025531217
5.21,261.3920881458774
5.22,263.3682747330988
5.23,265.3516400415551
5.24,267.3421617980147
5.25,269.3398177292467
5.26,271.34458556202003
5.27,273.3564430231034
5.28,275.37536783926606
5.29,277.4013377372764
5.3,279.43433044390366
5.31,281.4743236859165
5.32,283.521295190084
5.33,285.5752226831749
5.34,287.6360838919579
5.35,289.70385654320216
5.36,291.7785183636768
5.37,293.86004708015014
5.38,295.94842041939125
5.39,298.04361610816903
5.4,300.1456118732527
5.41,302.2543854414105
5.42,304.3699145394117
5.43,306.49217689402514
5.44,308.62115023201983
5.45,310.75681228016435
5.46,312.8991407652277
5.47,315.0481134139788
5.48,317.2037079531866
5.49,319.3659021096198
5.5,321.5346736100474
5.51,323.7100001812382
5.52,325.8918595499611
5.53,328.0802294429852
5.54,330.27508758707904
5.55,332.47641170901164
5.56,334.68417953555183
5.57,336.8983687934688
5.58,339.1189572095309
5.59,341.3459225105074
5.6,343.579242423167
5.61,345.81889467427885
5.62,348.0648569906115
5.63,350.3171070989337
5.64,352.5756227260148
5.65,354.8403815986236
5.66,357.1113614435285
5.67,359.388539987499
5.68,361.6718949573034
5.69,363.9614040797112
5.7,366.2570450814908
5.71,368.5587956894111
5.72,370.86663363024127
5.73,373.1805366307501
5.74,375.5004824177062
5.75,377.8264487178787
5.76,380.1584132580364
5.77,382.49635376494825
5.78,384.8402479653832
5.79,387.19007358610986
5.8,389.54580835389726
5.81,391.90742999551424
5.82,394.27491623773
5.83,396.6482448073128
5.84,399.027393431032
5.85,401.4123398356563
5.86,403.8030617479548
5.87,406.1995368946959
5.88,408.6017430026489
5.89,411.0096577985824
5.9,413.4232590092658
5.91,415.8425243614674
5.92,418.2674315819561
5.93,420.6979583975011
5.94,423.13408253487137
5.95,425.5757817208353
5.96,428.02303368216207
5.97,430.47581614562057
5.98,432.9341068379799
5.99,435.3978834860084
6.0,437.867123816475
6.01,440.341805556149
6.02,442.8219064317991
6.03,445.30740417019433
6.04,447.7982764981032
6.05,450.29450114229473
6.06,452.7960558295378
6.07,455.3029182866017
6.08,457.8150662402547
6.09,460.33247741726586
6.1,462.8551295444042
6.11,465.3830003484387
6.12,467.916067556138
6.13,470.45430889427087
6.14,472.9977020896064
6.15,475.54622486891367
6.16,478.0998549589612
6.17,480.6585700865178
6.18,483.2223479783527
6.19,485.79116636123473
6.2,488.3650029619325
6.21,490.9438355072151
6.22,493.5276417238512
6.23,496.1163993386102
6.24,498.7100860782604
6.25,501.3086796695708
6.26,503.91215783931045
6.27,506.5204983142481
6.28,509.13367882115296
6.29,511.7516770867933
6.3,514.3744708379386
6.31,517.0020378013571
6.32,519.6343557038185
6.33,522.271402272091
6.34,524.9131552329436
6.35,527.5595923131453
6.36,530.2106912394653
6.37,532.8664297386719
6.38,535.5267855375341
6.39,538.191736362821
6.4,540.8612599413016
6.41,543.5353339997444
6.42,546.2139362649182
6.43,548.8970444635922
6.44,551.5846363225355
6.45,554.2766895685165
6.46,556.9731819283043
6.47,559.6740911286676
6.48,562.3793948963756
6.49,565.0890709581969
6.5,567.8030970409002
6.51,570.5214508712551
6.52,573.2441101760297
6.53,575.9710526819935
6.54,578.7022561159149
6.55,581.4376982045628
6.56,584.1773566747065
6.57,586.9212092531147
6.58,589.669233666556
6.59,592.4214076417994
6.6,595.1777089056139
6.61,597.9381151847689
6.62,600.7026042060321
6.63,603.471153696173
6.64,606.2437413819606
6.65,609.020344990164
6.66,611.8009422475513
6.67,614.5855108808919
6.68,617.3740286169545
6.69,620.1664731825085
6.7,622.9628223043219
6.71,625.7630537091641
6.72,628.5671451238039
6.73,631.3750742750103
6.74,634.1868188895522
6.75,637.002356694198
6.76,639.8216654157172
6.77,642.6447227808783
6.78,645.4715065164505
6.79,648.301994349202
6.8,651.1361640059024
6.81,653.9739932133202
6.82,656.8154596982247
6.83,659.6605411873842
6.84,662.509215407568
6.85,665.3614600855448
6.86,668.2172529480836
6.87,671.076571721953
6.88,673.939394133922
6.89,676.8056979107597
6.9,679.675460779235
6.91,682.5486604661164
6.92,685.4252746981731
6.93,688.3052812021735
6.94,691.1886577048875
6.95,694.0753819330829
6.96,696.965431613529
6.97,699.8587844729948
6.98,702.755418238249
6.99,705.6553106360607
7.0,708.5584393931983
7.01,711.4647822364312
7.02,714.374316892528
7.03,717.2870210882578
7.04,720.2028725503893
7.05,723.1218490056913
7.06,726.0439281809327
7.07,728.969087802883
7.08,731.89730559831
7.09,734.8285592939833
7.1,737.7628266166715
7.11,740.700085293144
7.12,743.6403130501689
7.13,746.5834876145155
7.14,749.5295867129526
7.15,752.4785880722494
7.16,755.430469419174
7.17,758.3852084804961
7.18,761.342782982984
7.19,764.3031706534072
7.2,767.266349218534
7.21,770.2322964051333
7.22,773.2009899399742
7.23,776.1724075498258
7.24,779.1465269614566
7.25,782.1233259016356
7.26,785.1027820971314
7.27,788.0848732747133
7.28,791.0695771611503
7.29,794.0568714832109
7.3,797.0467339676638
7.31,800.0391423412785
7.32,803.0340743308236
7.33,806.0315076630677
7.34,809.0314200647799
7.35,812.0337892627291
7.36,815.0385929836845
7.37,818.0458089544142
7.38,821.0554149016878
7.39,824.0673885522735
7.4,827.0817076329412
7.41,830.0983498704588
7.42,833.1172929915954
7.43,836.1385147231201
7.44,839.1619927918018
7.45,842.1877049244093
7.46,845.2156288477113
7.47,848.2457422884772
7.48,851.2780229734752
7.49,854.3124486294744
7.5,857.3489969832441
7.51,860.3876457615522
7.52,863.4283726911688
7.53,866.4711554988625
7.54,869.5159719114013
7.55,872.5627996555547
7.56,875.6116164580917
7.57,878.6624000457813
7.58,881.7151281453918
7.59,884.7697784836922
7.6,887.8263287874516
7.61,890.8847567834391
7.62,893.9450401984234
7.63,897.0071567591731
7.64,900.0710841924572
7.65,903.1368002250448
7.66,906.2042825837044
7.67,909.2735089952054
7.68,912.3444571863162
7.69,915.4171048838062
7.7,918.4914298144434
7.71,921.5674097049975
7.72,924.6450222822372
7.73,927.7242452729316
7.74,930.8050564038484
7.75,933.887433401758
7.76,936.9713539934284
7.77,940.0567959056286
7.78,943.143736865128
7.79,946.2321545986948
7.8,949.322026833098
7.81,952.4133312951068
7.82,955.5060457114904
7.83,958.6001478090166
7.84,961.6956153144546
7.85,964.7924259545736
7.86,967.8905574561428
7.87,970.9899875459306
7.88,974.090693950706
7.89,977.1926543972376
7.9,980.295846612295
7.91,983.4002483226462
7.92,986.5058372550606
7.93,989.6125911363068
7.94,992.7204876931542
7.95,995.829504652371
7.96,998.9396197407266
7.97,1002.0508106849892
7.98,1005.1630552119292
7.99,1008.2763310483136
8.0,1011.3906159209124
8.01,1014.5058875564944
8.02,1017.6221236818276
8.03,1020.7393020236818
8.04,1023.8574003088256
8.05,1026.9763962640288
8.06,1030.0962676160589
8.07,1033.2169920916847
8.08,1036.3385474176762
8.09,1039.4609113208012
8.1,1042.5840615278296
8.11,1045.7079757655297
8.12,1048.8326317606702
8.13,1051.958007240021
8.14,1055.0840799303498
8.15,1058.2108275584258
8.16,1061.3382278510178
8.17,1064.466258534895
8.18,1067.5948973368263
8.19,1070.72412198358
8.2,1073.8539102019258
8.21,1076.9842397186324
8.22,1080.1150882604684
8.23,1083.2464335542022
8.24,1086.3782533266035
8.25,1089.5105253044408
8.26,1092.6432272144834
8.27,1095.7763367834991
8.28,1098.9098317382582
8.29,1102.0436898055286
8.3,1105.1778887120804
8.31,1108.3124061846806
8.32,1111.4472199500997
8.33,1114.5823077351051
8.34,1117.717647266467
8.35,1120.8532162709537
8.36,1123.988992475334
8.37,1127.124953606377
8.38,1130.2610773908525
8.39,1133.3973415555272
8.4,1136.5337238271716
8.41,1139.670201932554
8.42,1142.8067535984433
8.43,1145.9433565516088
8.44,1149.079988518819
8.45,1152.2166272268428
8.46,1155.3532504024497
8.47,1158.4898357724076
8.48,1161.6263610634855
8.49,1164.7628040024529
8.5,1167.899142316078
8.51,1171.035353731131
8.52,1174.171415974379
8.53,1177.3073067725918
8.54,1180.4430038525384
8.55,1183.5784849409877
8.56,1186.713727764708
8.57,1189.8487100504683
8.58,1192.9834095250385
8.59,1196.1178039151855
8.6,1199.25187094768
8.61,1202.3855883492904
8.62,1205.5189338467849
8.63,1208.651885166934
8.64,1211.7844200365048
8.65,1214.9165161822666
8.66,1218.0481513309887
8.67,1221.1793032094397
8.68,1224.3099495443887
8.69,1227.4400680626045
8.7,1230.5696364908558
8.71,1233.6986325559124
8.72,1236.8270339845417
8.73,1239.9548185035137
8.74,1243.0819638395965
8.75,1246.2084477195588
8.76,1249.3342478701709
8.77,1252.4593420182005
8.78,1255.5837078904165
8.79,1258.7073232135886
8.8,1261.8301657144852
8.81,1264.9522131198746
8.82,1268.0734431565263
8.83,1271.1938335512093
8.84,1274.313362030692
8.85,1277.4320063217435
8.86,1280.549744151133
8.87,1283.666553245629
8.88,1286.7824113320007
8.89,1289.8972961370166
8.9,1293.0111853874455
8.91,1296.1240568100568
8.92,1299.2358881316188
8.93,1302.3466570789008
8.94,1305.4563413786716
8.95,1308.5649187576998
8.96,1311.6723669427552
8.97,1314.7786636606052
8.98,1317.88378663802
8.99,1320.9877136017676
9.0,1324.090422278617
9.01,1327.1918903953376
9.02,1330.292095678698
9.03,1333.3910158554668
9.04,1336.4886286524134
9.05,1339.584911796307
9.06,1342.6798430139152
9.07,1345.7734000320077
9.08,1348.8655605773529
9.09,1351.9563023767205
9.1,1355.0456031568783
9.11,1358.1334406445965
9.12,1361.2197925666428
9.13,1364.3046366497872
9.14,1367.3879506207973
9.15,1370.469712206443
9.16,1373.549899133492
9.17,1376.6284891287146
9.18,1379.7054599188791
9.19,1382.7807892307542
9.2,1385.8544547911088
9.21,1388.9264343267123
9.22,1391.9967055643328
9.23,1395.0652462307394
9.24,1398.132034052701
9.25,1401.1970467569872
9.26,1404.260262070366
9.27,1407.3216577196065
9.28,1410.3812114314774
9.29,1413.438900932748
9.3,1416.4947039501876
9.31,1419.5485982105636
9.32,1422.6005614406463
9.33,1425.6505713672036
9.34,1428.6986057170047
9.35,1431.744642216819
9.36,1434.7886585934148
9.37,1437.8306325735612
9.38,1440.8705418840273
9.39,1443.9083642515816
9.4,1446.944077402993
9.41,1449.97765906503
9.42,1453.009086964462
9.43,1456.038338828058
9.44,1459.065392382587
9.45,1462.090225354817
9.46,1465.1128154715184
9.47,1468.1331404594584
9.48,1471.151178045407
9.49,1474.1669059561325
9.5,1477.1803019184035
9.51,1480.1913436589905
9.52,1483.2000089046596
9.53,1486.2062753821824
9.54,1489.2101208183265
9.55,1492.2115229398614
9.56,1495.210459473555
9.57,1498.2069081461768
9.58,1501.2008466844954
9.59,1504.1922528152802
9.6,1507.1811042652998
9.61,1510.1673787613224
9.62,1513.1510540301183
9.63,1516.1321077984558
9.64,1519.1105177931029
9.65,1522.0862617408293
9.66,1525.0593173684035
9.67,1528.029662402595
9.68,1530.9972745701723
9.69,1533.962131597904
9.7,1536.9242112125594
9.71,1539.8834911409078
9.72,1542.8399491097166
9.73,1545.7935628457562
9.74,1548.7443100757946
9.75,1551.6921685266009
9.76,1554.6371159249438
9.77,1557.5791299975926
9.78,1560.5181884713163
9.79,1563.4542690728829
9.8,1566.3873495290627
9.81,1569.3174075666232
9.82,1572.2444209123337
9.83,1575.168367292963
9.84,1578.0892244352806
9.85,1581.0069700660547
9.86,1583.921581912054
9.87,1586.8330377000484
9.88,1589.7413151568066
9.89,1592.646392009096
9.9,1595.5482459836871
9.91,1598.4468548073482
9.92,1601.3421962068485
9.93,1604.234247908956
9.94,1607.12298764044
9.95,1610.00839312807
9.96,1612.8904420986144
9.97,1615.769112278842
9.98,1618.6443813955216
9.99,1621.5162271754225
10.0,1624.3846273453132
10.01,1627.2495596319627
10.02,1630.1110017621395
10.03,1632.968931462613
10.04,1635.8233264601522
10.05,1638.674164481526
10.06,1641.5214232535027
10.07,1644.3650805028512
10.08,1647.205113956341
10.09,1650.04150134074
10.1,1652.8742203828183
10.11,1655.7032488093444
10.12,1658.5285643470863
10.13,1661.3501447228143
10.14,1664.1679676632966
10.15,1666.982010895301
10.16,1669.792252145598
10.17,1672.5986691409555
10.18,1675.401239608143
10.19,1678.1999412739292
10.2,1680.9947518650831
10.21,1683.7856491083735
10.22,1686.5726107305684
10.23,1689.355614458438
10.24,1692.1346380187504
10.25,1694.9096591382745
10.26,1697.6806555437795
10.27,1700.4476049620343
10.28,1703.2104851198071
10.29,1705.969273743868
10.3,1708.7239485609855
10.31,1711.4744872979277
10.32,1714.2208676814637
10.33,1716.963067438363
10.34,1719.7010642953942
10.35,1722.4348359793253
10.36,1725.1643602169263
10.37,1727.889614734966
10.38,1730.6105772602136
10.39,1733.3272255194368
10.4,1736.0395372394046
10.41,1738.7474901468868
10.42,1741.451061968652
10.43,1744.1502304314686
10.44,1746.844973262106
10.45,1749.5352681873326
10.46,1752.2210929339185
10.47,1754.9024252286308
10.48,1757.5792427982392
10.49,1760.2515233695126
10.5,1762.91924466922
10.51,1765.58238442413
10.52,1768.2409203610118
10.53,1770.894830206634
10.54,1773.5440916877656
10.55,1776.1886825311758
10.56,1778.828580463633
10.57,1781.463763211906
10.58,1784.094208502764
10.59,1786.7198940629755
10.6,1789.3407976193098
10.61,1791.956896898536
10.62,1794.5681696274223
10.63,1797.1745935327383
10.64,1799.7761463412526
10.65,1802.3728057797327
10.66,1804.9645495749496
10.67,1807.551355453672
10.68,1810.133201142667
10.69,1812.710064368705
10.7,1815.281922858554
10.71,1817.848754338984
10.72,1820.410536536763
10.73,1822.96724717866
10.74,1825.518863991444
10.75,1828.065364701884
10.76,1830.606727036748
10.77,1833.1429287228063
10.78,1835.6739474868268
10.79,1838.1997610555784
10.8,1840.7203471558316
10.81,1843.2356835143528
10.82,1845.745747857912
10.83,1848.250517913278
10.84,1850.74997140722
10.85,1853.2440860665067
10.86,1855.7328396179068
10.87,1858.2162097881892
10.88,1860.6941743041232
10.89,1863.166710892477
10.9,1865.63379728002
10.91,1868.0954111935207
10.92,1870.5515303597488
10.93,1873.002132505472
10.94,1875.44719535746
10.95,1877.886696642481
10.96,1880.3206140873049
10.97,1882.7489254187
10.98,1885.1716083634344
10.99,1887.5886406482784
11.0,1890.0
11.01,1892.4056654820592
11.02,1894.805621504679
11.03,1897.199853814774
11.04,1899.5883481592584
11.05,1901.971090285046
11.06,1904.348065939051
11.07,1906.719260868188
11.08,1909.0846608193697
11.09,1911.444251539512
11.1,1913.798018775528
11.11,1916.1459482743328
11.12,1918.488025782839
11.13,1920.824237047963
11.14,1923.154567816616
11.15,1925.479003835715
11.16,1927.7975308521725
11.17,1930.1101346129028
11.18,1932.4168008648207
11.19,1934.71751535484
11.2,1937.0122638298744
11.21,1939.30103203684
11.22,1941.583805722648
11.23,1943.860570634214
11.24,1946.1313125184524
11.25,1948.396017122277
11.26,1950.654670192602
11.27,1952.9072574763416
11.28,1955.15376472041
11.29,1957.3941776717213
11.3,1959.6284820771896
11.31,1961.8566636837288
11.32,1964.078708238254
11.33,1966.294601487678
11.34,1968.5043291789157
11.35,1970.707877058881
11.36,1972.905230874489
11.37,1975.096376372652
11.38,1977.281299300286
11.39,1979.4599854043045
11.4,1981.6324204316213
11.41,1983.7985901291504
11.42,1985.958480243806
11.43,1988.1120765225037
11.44,1990.2593647121555
11.45,1992.4003305596768
11.46,1994.534959811982
11.47,1996.663238215984
11.48,1998.7851515185985
11.49,2000.900685466738
11.5,2003.0098258073176
11.51,2005.112558287252
11.52,2007.2088686534544
11.53,2009.298742652839
11.54,2011.3821660323208
11.55,2013.4591245388128
11.56,2015.5296039192297
11.57,2017.5935899204856
11.58,2019.651068289495
11.59,2021.7020247731716
11.6,2023.7464451184296
11.61,2025.7843150721835
11.62,2027.815620381347
11.63,2029.8403467928345
11.64,2031.85848005356
11.65,2033.8700059104372
11.66,2035.874910110382
11.67,2037.8731784003064
11.68,2039.8647965271252
11.69,2041.8497502377531
11.7,2043.8280252791048
11.71,2045.7996073980928
11.72,2047.7644823416324
11.73,2049.722635856637
11.74,2051.674053690021
11.75,2053.6187215887
11.76,2055.5566252995864
11.77,2057.4877505695936
11.78,2059.4120831456385
11.79,2061.329608774633
11.8,2063.2403132034924
11.81,2065.14418217913
11.82,2067.0412014484605
11.83,2068.931356758397
11.84,2070.814633855856
11.85,2072.6910184877497
11.86,2074.5604964009926
11.87,2076.4230533424998
11.88,2078.278675059183
11.89,2080.127347297959
11.9,2081.969055805741
11.91,2083.803786329443
11.92,2085.6315246159797
11.93,2087.4522564122644
11.94,2089.265967465211
11.95,2091.072643521735
11.96,2092.87227032875
11.97,2094.6648336331696
11.98,2096.4503191819085
11.99,2098.228712721881
12.0,2100.0
12.01,2101.7641779683304
12.02,2103.521288399533
12.03,2105.271384271419
12.04,2107.014518561796
12.05,2108.750744248478
12.06,2110.4801143092736
12.07,2112.202681721993
12.08,2113.918499464448
12.09,2115.6276205144472
12.1,2117.3300978498023
12.11,2119.025984448324
12.12,2120.715333287822
12.13,2122.3981973461077
12.14,2124.0746296009897
12.15,2125.7446830302806
12.16,2127.4084106117893
12.17,2129.065865323327
12.18,2130.717100142704
12.19,2132.3621680477304
12.2,2134.001122016218
12.21,2135.6340150259757
12.22,2137.2609000548146
12.23,2138.8818300805447
12.24,2140.4968580809773
12.25,2142.106037033921
12.26,2143.7094199171893
12.27,2145.3070597085907
12.28,2146.899009385936
12.29,2148.4853219270344
12.3,2150.0660503097
12.31,2151.641247511738
12.32,2153.210966510963
12.33,2154.775260285184
12.34,2156.334181812211
12.35,2157.887784069856
12.36,2159.436120035928
12.37,2160.9792426882377
12.38,2162.517205004596
12.39,2164.050059962813
12.4,2165.5778605406995
12.41,2167.1006597160654
12.42,2168.618510466722
12.43,2170.131465770479
12.44,2171.6395786051467
12.45,2173.142901948536
12.46,2174.6414887784576
12.47,2176.135392072721
12.48,2177.6246648091383
12.49,2179.1093599655187
12.5,2180.5895305196727
12.51,2182.065229449411
12.52,2183.5365097325443
12.53,2185.003424346882
12.54,2186.4660262702364
12.55,2187.924368480416
12.56,2189.3785039552326
12.57,2190.8284856724963
12.58,2192.2743666100164
12.59,2193.716199745605
12.6,2195.1540380570727
12.61,2196.587934522228
12.62,2198.017942118883
12.63,2199.444113824848
12.64,2200.8665026179333
12.65,2202.2851614759484
12.66,2203.700143376705
12.67,2205.111501298013
12.68,2206.5192882176834
12.69,2207.923557113526
12.7,2209.3243609633514
12.71,2210.72175274497
12.72,2212.1157854361927
12.73,2213.5065120148297
12.74,2214.8939854586906
12.75,2216.278258745587
12.76,2217.65938485333
12.77,2219.037416759728
12.78,2220.4124074425927
12.79,2221.784409879734
12.8,2223.1534770489634
12.81,2224.5196619280905
12.82,2225.8830174949258
12.83,2227.24359672728
12.84,2228.6014526029635
12.85,2229.9566380997862
12.86,2231.309206195559
12.87,2232.659209868093
12.88,2234.006702095198
12.89,2235.351735854684
12.9,2236.694364124362
12.91,2238.0346398820425
12.92,2239.372616105536
12.93,2240.708345772653
12.94,2242.041881861204
12.95,2243.373277348998
12.96,2244.702585213847
12.97,2246.029858433561
12.98,2247.355149985952
12.99,2248.678512848828
13.0,2250.0
13.01,2251.319632644618
13.02,2252.637304897188
13.03,2253.9528790995523
13.04,2255.266217593556
13.05,2256.577182721043
13.06,2257.885636823856
13.07,2259.191442243841
13.08,2260.4944613228404
13.09,2261.7945564027
13.1,2263.0915898252624
13.11,2264.385423932372
13.12,2265.675921065873
13.13,2266.9629435676097
13.14,2268.2463537794256
13.15,2269.526014043165
13.16,2270.801786700672
13.17,2272.0735340937904
13.18,2273.341118564364
13.19,2274.604402454237
13.2,2275.863248105255
13.21,2277.11751785926
13.22,2278.3670740580965
13.23,2279.6117790436087
13.24,2280.851495157641
13.25,2282.0860847420367
13.26,2283.315410138641
13.27,2284.5393336892967
13.28,2285.7577177358485
13.29,2286.97042462014
13.3,2288.177316684016
13.31,2289.3782562693195
13.32,2290.5731057178955
13.33,2291.761727371588
13.34,2292.94398357224
13.35,2294.119736661696
13.36,2295.288848981801
13.37,2296.451182874397
13.38,2297.6066006813307
13.39,2298.7549647444444
13.4,2299.896137405583
13.41,2301.029981006589
13.42,2302.156357889308
13.43,2303.275130395584
13.44,2304.386160867259
13.45,2305.4893116461794
13.46,2306.584445074189
13.47,2307.6714234931305
13.48,2308.7501092448488
13.49,2309.820364671188
13.5,2310.882052113992
13.51,2311.935033915105
13.52,2312.9791724163706
13.53,2314.014329959633
13.54,2315.0403688867364
13.55,2316.057151539525
13.56,2317.0645402598425
13.57,2318.062397389533
13.58,2319.0505852704405
13.59,2320.028966244409
13.6,2320.9974026532827
13.61,2321.955756838905
13.62,2322.9038911431217
13.63,2323.8416679077745
13.64,2324.7689494747096
13.65,2325.68559818577
13.66,2326.5914763828
13.67,2327.486446407642
13.68,2328.370370602142
13.69,2329.243111308144
13.7,2330.104530867491
13.71,2330.9544916220275
13.72,2331.792855913598
13.73,2332.619486084046
13.74,2333.434244475216
13.75,2334.2369934289504
13.76,2335.0275952870966
13.77,2335.805912391495
13.78,2336.571807083992
13.79,2337.3251417064303
13.8,2338.065778600655
13.81,2338.7935801085096
13.82,2339.508408571838
13.83,2340.2101263324844
13.84,2340.898595732293
13.85,2341.573679113108
13.86,2342.2352388167715
13.87,2342.88313718513
13.88,2343.5172365600274
13.89,2344.137399283307
13.9,2344.7434876968123
13.91,2345.335364142388
13.92,2345.9128909618785
13.93,2346.4759304971267
13.94,2347.024345089978
13.95,2347.557997082275
13.96,2348.076748815863
13.97,2348.5804626325853
13.98,2349.0690008742863
13.99,2349.54222588281
14.0,2350.0
14.01,2350.442241453196
14.02,2350.869092011716
14.03,2351.280749330373
14.04,2351.6774110639813
14.05,2352.0592748673544
14.06,2352.4265383953043
14.07,2352.7793993026453
14.08,2353.118055244191
14.09,2353.4427038747544
14.1,2353.753542849149
14.11,2354.0507698221886
14.12,2354.334582448686
14.13,2354.605178383455
14.14,2354.862755281309
14.15,2355.107510797061
14.16,2355.339642585525
14.17,2355.559348301513
14.18,2355.766825599841
14.19,2355.9622721353194
14.2,2356.1458855627634
14.21,2356.317863536986
14.22,2356.4784037128006
14.23,2356.627703745021
14.24,2356.76596128846
14.25,2356.893373997931
14.26,2357.010139528248
14.27,2357.1164555342234
14.28,2357.212519670672
14.29,2357.298529592405
14.3,2357.374682954239
14.31,2357.4411774109844
14.32,2357.498210617456
14.33,2357.545980228467
14.34,2357.584683898832
14.35,2357.614519283361
14.36,2357.6356840368703
14.37,2357.6483758141726
14.38,2357.652792270081
14.39,2357.64913105941
14.4,2357.6375898369724
14.41,2357.61836625758
14.42,2357.5916579760483
14.43,2357.55766264719
14.44,2357.516577925818
14.45,2357.4686014667477
14.46,2357.413930924789
14.47,2357.352763954758
14.48,2357.2852982114678
14.49,2357.2117313497297
14.5,2357.13226102436
14.51,2357.0470848901705
14.52,2356.956400601975
14.53,2356.8604058145866
14.54,2356.75929818282
14.55,2356.6532753614856
14.56,2356.5425350054
14.57,2356.427274769375
14.58,2356.3076923082244
14.59,2356.183985276761
14.6,2356.0563513298
14.61,2355.9249881221517
14.62,2355.790093308632
14.63,2355.6518645440538
14.64,2355.51049948323
14.65,2355.3661957809745
14.66,2355.2191510921007
14.67,2355.069563071421
14.68,2354.9176293737496
14.69,2354.7635476539003
14.7,2354.6075155666863
14.71,2354.44973076692
14.72,2354.290390909416
14.73,2354.129693648987
14.74,2353.967836640448
14.75,2353.805017538609
14.76,2353.641433998286
14.77,2353.4772836742923
14.78,2353.3127642214404
14.79,2353.148073294544
14.8,2352.9834085484176
14.81,2352.8189676378724
14.82,2352.654948217724
14.83,2352.491547942785
14.84,2352.3289644678675
14.85,2352.167395447786
14.86,2352.007038537354
14.87,2351.848091391386
14.88,2351.690751664693
14.89,2351.53521701209
14.9,2351.381685088389
14.91,2351.2303535484066
14.92,2351.081420046952
14.93,2350.935082238841
14.94,2350.791537778888
14.95,2350.6509843219037
14.96,2350.5136195227024
14.97,2350.3796410360983
14.98,2350.249246516904
14.99,2350.1226336199334
15.0,2350.0
15.01,2349.8815015425985
15.02,2349.767127055949
15.03,2349.656823578956
15.04,2349.5505381505195
15.05,2349.4482178095427
15.06,2349.349809594929
15.07,2349.255260545579
15.08,2349.164517700396
15.09,2349.0775280982825
15.1,2348.994238778141
15.11,2348.9145967788736
15.12,2348.838549139383
15.13,2348.766042898571
15.14,2348.6970250953395
15.15,2348.631442768592
15.16,2348.569242957231
15.17,2348.5103727001574
15.18,2348.454779036276
15.19,2348.4024090044863
15.2,2348.353209643693
15.21,2348.3071279927967
15.22,2348.264111090701
15.23,2348.2241059763087
15.24,2348.1870596885205
15.25,2348.15291926624
15.26,2348.121631748369
15.27,2348.09314417381
15.28,2348.0674035814664
15.29,2348.0443570102384
15.3,2348.0239514990308
15.31,2348.006134086744
15.32,2347.9908518122816
15.33,2347.978051714545
15.34,2347.967680832438
15.35,2347.959686204862
15.36,2347.954014870719
15.37,2347.950613868912
15.38,2347.949430238344
15.39,2347.950411017916
15.4,2347.953503246531
15.41,2347.958653963091
15.42,2347.9658102065
15.43,2347.974919015658
15.44,2347.9859274294686
15.45,2347.998782486834
15.46,2348.0134312266578
15.47,2348.02982068784
15.48,2348.047897909284
15.49,2348.067609929894
15.5,2348.088903788569
15.51,2348.111726524214
15.52,2348.136025175731
15.53,2348.161746782021
15.54,2348.188838381988
15.55,2348.217247014533
15.56,2348.24691971856
15.57,2348.2778035329693
15.58,2348.309845496665
15.59,2348.3429926485487
15.6,2348.3771920275226
15.61,2348.41239067249
15.62,2348.448535622352
15.63,2348.485573916012
15.64,2348.5234525923725
15.65,2348.562118690335
15.66,2348.6015192488017
15.67,2348.6416013066764
15.68,2348.6823119028604
15.69,2348.723598076256
15.7,2348.765406865766
15.71,2348.807685310293
15.72,2348.850380448739
15.73,2348.893439320006
15.74,2348.936808962997
15.75,2348.980436416614
15.76,2349.02426871976
15.77,2349.068252911337
15.78,2349.1123360302468
15.79,2349.156465115392
15.8,2349.200587205676
15.81,2349.2446493400007
15.82,2349.2885985572675
15.83,2349.3323818963795
15.84,2349.37594639624
15.85,2349.419239095749
15.86,2349.4622070338105
15.87,2349.504797249327
15.88,2349.546956781201
15.89,2349.588632668334
15.9,2349.629771949629
15.91,2349.670321663988
15.92,2349.710228850314
15.93,2349.7494405475086
15.94,2349.7879037944745
15.95,2349.825565630114
15.96,2349.8623730933296
15.97,2349.898273223024
15.98,2349.9332130580988
15.99,2349.9671396374565
16.0,2350.0
16.01,2350.031752376411
16.02,2350.062399764487
16.03,2350.091956353805
16.04,2350.120436333942
16.05,2350.147853894476
16.06,2350.174223224983
16.07,2350.1995585150407
16.08,2350.223873954225
16.09,2350.247183732115
16.1,2350.269502038287
16.11,2350.290843062317
16.12,2350.3112209937844
16.13,2350.3306500222643
16.14,2350.349144337334
16.15,2350.3667181285714
16.16,2350.383385585553
16.17,2350.3991608978567
16.18,2350.4140582550594
16.19,2350.428091846737
16.2,2350.441275862467
16.21,2350.453624491828
16.22,2350.4651519243957
16.23,2350.475872349747
16.24,2350.48579995746
16.25,2350.494948937111
16.26,2350.503333478277
16.27,2350.510967770537
16.28,2350.5178660034658
16.29,2350.524042366641
16.3,2350.5295110496413
16.31,2350.534286242041
16.32,2350.5383821334194
16.33,2350.5418129133527
16.34,2350.5445927714186
16.35,2350.546735897194
16.36,2350.548256480255
16.37,2350.54916871018
16.38,2350.549486776545
16.39,2350.549224868929
16.4,2350.548397176907
16.41,2350.547017890057
16.42,2350.545101197956
16.43,2350.542661290181
16.44,2350.539712356309
16.45,2350.536268585918
16.46,2350.532344168584
16.47,2350.527953293884
16.48,2350.5231101513964
16.49,2350.5178289306978
16.5,2350.512123821364
16.51,2350.5060090129737
16.52,2350.4994986951037
16.53,2350.4926070573297
16.54,2350.4853482892318
16.55,2350.477736580383
16.56,2350.469786120364
16.57,2350.46151109875
16.58,2350.452925705119
16.59,2350.444044129048
16.6,2350.434880560113
16.61,2350.4254491878914
16.62,2350.4157642019622
16.63,2350.4058397919
16.64,2350.3956901472834
16.65,2350.3853294576897
16.66,2350.3747719126945
16.67,2350.364031701876
16.68,2350.353123014812
16.69,2350.3420600410777
16.7,2350.3308569702517
16.71,2350.3195279919096
16.72,2350.3080872956307
16.73,2350.29654907099
16.74,2350.284927507565
16.75,2350.273236794935
16.76,2350.2614911226747
16.77,2350.249704680362
16.78,2350.237891657573
16.79,2350.226066243887
16.8,2350.214242628879
16.81,2350.202435002127
16.82,2350.1906575532084
16.83,2350.178924471699
16.84,2350.167249947178
16.85,2350.15564816922
16.86,2350.144133327404
16.87,2350.1327196113066
16.88,2350.1214212105046
16.89,2350.1102523145755
16.9,2350.099227113096
16.91,2350.088359795643
16.92,2350.0776645517944
16.93,2350.067155571127
16.94,2350.0568470432177
16.95,2350.046753157644
16.96,2350.0368881039817
16.97,2350.027266071809
16.98,2350.0179012507037
16.99,2350.008807830241
17.0,2350.0
17.01,2349.9914889517586
17.02,2349.9832738861046
17.03,2349.9753510058263
17.04,2349.967716513714
17.05,2349.960366612557
17.06,2349.9532975051434
17.07,2349.946505394263
17.08,2349.9399864827046
17.09,2349.9337369732584
17.1,2349.9277530687136
17.11,2349.922030971858
17.12,2349.916566885482
17.13,2349.911357012375
17.14,2349.9063975553254
17.15,2349.9016847171238
17.16,2349.897214700558
17.17,2349.8929837084165
17.18,2349.888987943491
17.19,2349.885223608569
17.2,2349.8816869064403
17.21,2349.8783740398944
17.22,2349.875281211719
17.23,2349.8724046247057
17.24,2349.8697404816417
17.25,2349.8672849853174
17.26,2349.8650343385216
17.27,2349.8629847440434
17.28,2349.861132404673
17.29,2349.8594735231973
17.3,2349.8580043024085
17.31,2349.856720945094
17.32,2349.855619654043
17.33,2349.854696632045
17.34,2349.85394808189
17.35,2349.8533702063664
17.36,2349.852959208263
17.37,2349.8527112903703
17.38,2349.852622655477
17.39,2349.852689506372
17.4,2349.8529080458447
17.41,2349.8532744766844
17.42,2349.85378500168
17.43,2349.8544358236213
17.44,2349.855223145297
17.45,2349.856143169497
17.46,2349.8571920990094
17.47,2349.8583661366247
17.48,2349.8596614851317
17.49,2349.8610743473187
17.5,2349.862600925976
17.51,2349.864237423893
17.52,2349.865980043857
17.53,2349.86782498866
17.54,2349.86976846109
17.55,2349.871806663936
17.56,2349.873935799986
17.57,2349.8761520720323
17.58,2349.878451682862
17.59,2349.880830835264
17.6,2349.883285732029
17.61,2349.885812575945
17.62,2349.8884075698024
17.63,2349.8910669163893
17.64,2349.8937868184958
17.65,2349.89656347891
17.66,2349.899393100422
17.67,2349.902271885821
17.68,2349.905196037896
17.69,2349.908161759436
17.7,2349.911165253231
17.71,2349.914202722069
17.72,2349.9172703687414
17.73,2349.920364396035
17.74,2349.92348100674
17.75,2349.926616403646
17.76,2349.929766789542
17.77,2349.9329283672173
17.78,2349.9360973394605
17.79,2349.9392699090617
17.8,2349.9424422788093
17.81,2349.9456106514926
17.82,2349.948771229901
17.83,2349.951920216825
17.84,2349.955053815052
17.85,2349.9581682273724
17.86,2349.9612596565744
17.87,2349.964324305449
17.88,2349.967358376783
17.89,2349.9703580733667
17.9,2349.97331959799
17.91,2349.976239153441
17.92,2349.9791129425107
17.93,2349.981937167986
17.94,2349.9847080326576
17.95,2349.987421739315
17.96,2349.9900744907463
17.97,2349.9926624897407
17.98,2349.995181939089
17.99,2349.997629041579
18.0,2350.0
18.01,2350.002291816555
18.02,2350.0045046910964
18.03,2350.0066396228904
18.04,2350.008697611202
18.05,2350.010679655299
18.06,2350.012586754447
18.07,2350.014419907912
18.08,2350.016180114957
18.09,2350.017868374852
18.1,2350.019485686862
18.11,2350.021033050252
18.12,2350.022511464289
18.13,2350.023921928237
18.14,2350.025265441365
18.15,2350.026543002937
18.16,2350.027755612219
18.17,2350.028904268478
18.18,2350.0299899709794
18.19,2350.031013718989
18.2,2350.031976511774
18.21,2350.0328793485983
18.22,2350.0337232287293
18.23,2350.0345091514328
18.24,2350.035238115974
18.25,2350.03591112162
18.26,2350.0365291676376
18.27,2350.03709325329
18.28,2350.037604377845
18.29,2350.038063540569
18.3,2350.038471740727
18.31,2350.038829977585
18.32,2350.0391392504102
18.33,2350.039400558468
18.34,2350.0396149010235
18.35,2350.039783277343
18.36,2350.039906686693
18.37,2350.0399861283395
18.38,2350.040022601548
18.39,2350.0400171055853
18.4,2350.039970639717
18.41,2350.039884203208
18.42,2350.039758795326
18.43,2350.039595415336
18.44,2350.039395062505
18.45,2350.0391587360973
18.46,2350.0388874353803
18.47,2350.038582159619
18.48,2350.0382439080804
18.49,2350.0378736800303
18.5,2350.037472474734
18.51,2350.0370412914585
18.52,2350.0365811294687
18.53,2350.036092988031
18.54,2350.035577866412
18.55,2350.035036763876
18.56,2350.034470679692
18.57,2350.0338806131226
18.58,2350.033267563436
18.59,2350.032632529897
18.6,2350.0319765117733
18.61,2350.031300508329
18.62,2350.030605518831
18.63,2350.0298925425445
18.64,2350.029162578737
18.65,2350.028416626674
18.66,2350.02765568562
18.67,2350.0268807548423
18.68,2350.0260928336065
18.69,2350.02529292118
18.7,2350.0244820168264
18.71,2350.023661119813
18.72,2350.0228312294057
18.73,2350.021993344872
18.74,2350.021148465474
18.75,2350.0202975904813
18.76,2350.0194417191583
18.77,2350.018581850772
18.78,2350.0177189845863
18.79,2350.016854119869
18.8,2350.015988255887
18.81,2350.015122391904
18.82,2350.014257527187
18.83,2350.0133946610026
18.84,2350.0125347926155
18.85,2350.0116789212925
18.86,2350.0108280463
18.87,2350.0099831669027
18.88,2350.009145282367
18.89,2350.00831539196
18.9,2350.0074944949474
18.91,2350.006683590594
18.92,2350.0058836781664
18.93,2350.005095756931
18.94,2350.0043208261536
18.95,2350.0035598851
18.96,2350.002813933036
18.97,2350.0020839692284
18.98,2350.0013709929426
18.99,2350.000676003445
19.0,2350.0
19.01,2349.9993437820226
19.02,2349.998707349512
19.03,2349.9980905026146
19.04,2349.997493041477
19.05,2349.9969147662478
19.06,2349.996355477071
19.07,2349.995814974095
19.08,2349.995293057467
19.09,2349.994789527333
19.1,2349.9943041838405
19.11,2349.993836827136
19.12,2349.9933872573656
19.13,2349.9929552746767
19.14,2349.9925406792167
19.15,2349.992143271132
19.16,2349.9917628505677
19.17,2349.991399217673
19.18,2349.9910521725938
19.19,2349.9907215154763
19.2,2349.990407046468
19.21,2349.990108565716
19.22,2349.989825873367
19.23,2349.989558769567
19.24,2349.989307054464
19.25,2349.9890705282032
19.26,2349.988848990932
19.27,2349.988642242798
19.28,2349.988450083948
19.29,2349.988272314528
19.3,2349.988108734685
19.31,2349.9879591445656
19.32,2349.9878233443173
19.33,2349.9877011340864
19.34,2349.98759231402
19.35,2349.987496684264
19.36,2349.9874140449665
19.37,2349.987344196273
19.38,2349.987286938332
19.39,2349.987242071289
19.4,2349.987209395291
19.41,2349.9871887104846
19.42,2349.987179817017
19.43,2349.987182515036
19.44,2349.9871966046862
19.45,2349.987221886116
19.46,2349.987258159472
19.47,2349.9873052249004
19.48,2349.987362882548
19.49,2349.987430932562
19.5,2349.987509175089
19.51,2349.987597410276
19.52,2349.98769543827
19.53,2349.9878030592176
19.54,2349.9879200732657
19.55,2349.98804628056
19.56,2349.988181481249
19.57,2349.988325475478
19.58,2349.988478063396
19.59,2349.9886390451475
19.6,2349.9888082208795
19.61,2349.9889853907403
19.62,2349.989170354876
19.63,2349.9893629134326
19.64,2349.989562866557
19.65,2349.989770014397
19.66,2349.9899841571
19.67,2349.990205094811
19.68,2349.990432627678
19.69,2349.990666555847
19.7,2349.9909066794653
19.71,2349.991152798679
19.72,2349.9914047136363
19.73,2349.991662224482
19.74,2349.9919251313654
19.75,2349.992193234431
19.76,2349.992466333827
19.77,2349.9927442297
19.78,2349.993026722196
19.79,2349.993313611462
19.8,2349.9936046976454
19.81,2349.993899780893
19.82,2349.994198661352
19.83,2349.9945011391683
19.84,2349.9948070144883
19.85,2349.99511608746
19.86,2349.995428158229
19.87,2349.995743026944
19.88,2349.99606049375
19.89,2349.9963803587943
19.9,2349.996702422224
19.91,2349.997026484185
19.92,2349.9973523448257
19.93,2349.9976798042912
19.94,2349.9980086627297
19.95,2349.998338720287
19.96,2349.998669777111
19.97,2349.999001633347
19.98,2349.9993340891424
19.99,2349.999666944645
20.0,2350.0
20.01,2350.000333055356
20.02,2350.000665910858
20.03,2350.000998366654
20.04,2350.00133022289
20.05,2350.001661279714
20.06,2350.0019913372707
20.07,2350.002320195709
20.08,2350.002647655175
20.09,2350.002973515816
20.1,2350.003297577777
20.11,2350.003619641206
20.12,2350.0039395062504
20.13,2350.0042569730567
20.14,2350.004571841771
20.15,2350.0048839125407
20.16,2350.0051929855126
20.17,2350.0054988608326
20.18,2350.005801338649
20.19,2350.006100219108
20.2,2350.006395302355
20.21,2350.0066863885386
20.22,2350.006973277805
20.23,2350.007255770301
20.24,2350.007533666174
20.25,2350.00780676557
20.26,2350.008074868636
20.27,2350.0083377755186
20.28,2350.0085952863647
20.29,2350.0088472013213
20.3,2350.009093320536
20.31,2350.009333444154
20.32,2350.009567372322
20.33,2350.009794905189
20.34,2350.0100158429004
20.35,2350.0102299856026
20.36,2350.0104371334432
20.37,2350.0106370865683
20.38,2350.010829645125
20.39,2350.01101460926
20.4,2350.011191779121
20.41,2350.011360954853
20.42,2350.0115219366053
20.43,2350.0116745245223
20.44,2350.011818518752
20.45,2350.0119537194405
20.46,2350.012079926735
20.47,2350.0121969407837
20.48,2350.01230456173
20.49,2350.012402589725
20.5,2350.012490824912
20.51,2350.012569067439
20.52,2350.0126371174533
20.53,2350.012694775101
20.54,2350.012741840529
20.55,2350.0127781138845
20.56,2350.012803395314
20.57,2350.0128174849647
20.58,2350.012820182983
20.59,2350.0128112895154
20.6,2350.012790604709
20.61,2350.012757928712
20.62,2350.0127130616684
20.63,2350.012655803727
20.64,2350.012585955034
20.65,2350.0125033157365
20.66,2350.012407685981
20.67,2350.012298865914
20.68,2350.012176655683
20.69,2350.0120408554358
20.7,2350.011891265316
20.71,2350.0117276854726
20.72,2350.0115499160524
20.73,2350.011357757202
20.74,2350.0111510090683
20.75,2350.0109294717977
20.76,2350.010692945537
20.77,2350.0104412304336
20.78,2350.010174126634
20.79,2350.009891434284
20.8,2350.0095929535323
20.81,2350.009278484524
20.82,2350.0089478274067
20.83,2350.0086007823274
20.84,2350.0082371494327
20.85,2350.007856728869
20.86,2350.007459320784
20.87,2350.007044725324
20.88,2350.006612742635
20.89,2350.0061631728645
20.9,2350.00569581616
20.91,2350.005210472667
20.92,2350.004706942533
20.93,2350.004185025905
20.94,2350.0036445229293
20.95,2350.003085233753
20.96,2350.002506958523
20.97,2350.001909497386
20.98,2350.0012926504887
20.99,2350.000656217978
21.0,2350.0
