wind_speed,Fuhrl√§nder FL 2500/104
1.0,0.0
1.01,0.2828657184396452
1.02,0.5572028222529694
1.03,0.8230974590624607
1.04,1.0806357764906074
1.05,1.3299039221598974
1.06,1.5709880436928183
1.07,1.8039742887118595
1.08,2.0289488048395072
1.09,2.245997739698252
1.1,2.45520724091058
1.11,2.6566634560989786
1.12,2.8504525328859383
1.13,3.0366606188939422
1.14,3.215373861745486
1.15,3.386678409063053
1.16,3.5506604084691338
1.17,3.707406007586215
1.18,3.857001354036785
1.19,3.9995325954433296
1.2,4.13508587942834
1.21,4.2637473536143045
1.22,4.385603165623708
1.23,4.500739463079041
1.24,4.609242393602791
1.25,4.711198104817446
1.26,4.806692744345494
1.27,4.8958124598094255
1.28,4.978643398831721
1.29,5.055271709034878
1.3,5.125783538041381
1.31,5.190265033473718
1.32,5.248802342954374
1.33,5.301481614105843
1.34,5.348388994550607
1.35,5.389610631911159
1.36,5.425232673809984
1.37,5.455341267869572
1.38,5.480022561712411
1.39,5.499362702960986
1.4,5.513447839237789
1.41,5.522364118165305
1.42,5.526197687366025
1.43,5.5250346944624384
1.44,5.518961287077026
1.45,5.508063612832283
1.46,5.492427819350696
1.47,5.47214005425475
1.48,5.447286465166936
1.49,5.417953199709742
1.5,5.384226405505653
1.51,5.346192230177161
1.52,5.303936821346752
1.53,5.2575463266369145
1.54,5.2071068936701375
1.55,5.152704670068911
1.56,5.094425803455716
1.57,5.032356441453045
1.58,4.966582731683394
1.59,4.897190821769232
1.6,4.824266859333063
1.61,4.7478969919973695
1.62,4.668167367384647
1.63,4.5851641331173685
1.64,4.498973436818039
1.65,4.40968142610913
1.66,4.31737424861314
1.67,4.222138051952559
1.68,4.124058983749869
1.69,4.02322319162756
1.7,3.919716823208116
1.71,3.813626026114033
1.72,3.705036947967797
1.73,3.5940357363918918
1.74,3.480708539008805
1.75,3.365141503441034
1.76,3.2474207773110613
1.77,3.1276325082413683
1.78,3.005862843854453
1.79,2.8821979317727995
1.8,2.756723919618896
1.81,2.629526955015228
1.82,2.50069318558429
1.83,2.370308758948563
1.84,2.2384598227305426
1.85,2.10523252455271
1.86,1.970713012037556
1.87,1.8349874328075693
1.88,1.6981419344852409
1.89,1.5602626646930529
1.9,1.421435771053495
1.91,1.2817474011890568
1.92,1.1412837027222245
1.93,1.0001308232754869
1.94,0.8583749104713347
1.95,0.7161021119322521
1.96,0.5733985752807356
1.97,0.430350448139261
1.98,0.2870438781303197
1.99,0.1435650128764023
2.0,0.0
2.01,0.0
2.02,0.0
2.03,0.0
2.04,0.0
2.05,0.0
2.06,0.0
2.07,0.0
2.08,0.0
2.09,0.0
2.1,0.0
2.11,0.0
2.12,0.0
2.13,0.0
2.14,0.0
2.15,0.0
2.16,0.0
2.17,0.0
2.18,0.0
2.19,0.0
2.2,0.0
2.21,0.0
2.22,0.0
2.23,0.0
2.24,0.0
2.25,0.0
2.26,0.0
2.27,0.0
2.28,0.0
2.29,0.0
2.3,0.0
2.31,0.0
2.32,0.0
2.33,0.0
2.34,0.0
2.35,0.0
2.36,0.0
2.37,0.0
2.38,0.0
2.39,0.0
2.4,0.0
2.41,0.0
2.42,0.0
2.43,0.0
2.44,0.0
2.45,0.0
2.46,0.0
2.47,0.0
2.48,0.0
2.49,0.0
2.5,0.0
2.51,0.0
2.52,0.0
2.53,0.0
2.54,0.0
2.55,0.0
2.56,0.0
2.57,0.0
2.58,0.0
2.59,0.0
2.6,0.0
2.61,0.0
2.62,0.0
2.63,0.0
2.64,0.0
2.65,0.0
2.66,0.0
2.67,0.0
2.68,0.0
2.69,0.0
2.7,0.0
2.71,0.0
2.72,0.0
2.73,0.0
2.74,0.0
2.75,0.0
2.76,0.0
2.77,0.0
2.78,0.0
2.79,0.0
2.8,0.0
2.81,0.0
2.82,0.0
2.83,0.0
2.84,0.0
2.85,0.0
2.86,0.0
2.87,0.0
2.88,0.0
2.89,0.0
2.9,0.0
2.91,0.0
2.92,0.0
2.93,0.0
2.94,0.0
2.95,0.0
2.96,0.0
2.97,0.0
2.98,0.0
2.99,0.0
3.0,0.0
3.01,0.2914793330659521
3.02,0.5916526902682989
3.03,0.9005993334945488
3.04,1.2183985246323172
3.05,1.5451295255691058
3.06,1.8808715981925157
3.07,2.2257040043900838
3.08,2.5797060060493893
3.09,2.942956865057959
3.1,3.3155358433033912
3.11,3.6975222026732175
3.12,4.088995205055014
3.13,4.490034112336335
3.14,4.900718186404738
3.15,5.321126689147774
3.16,5.75133888245304
3.17,6.1914340282080325
3.18,6.641491388300374
3.19,7.10159022461758
3.2,7.571809799047244
3.21,8.052229373476875
3.22,8.5429282097941
3.23,9.043985569886422
3.24,9.555480715641442
3.25,10.077492908946684
3.26,10.610101411689715
3.27,11.153385485758132
3.28,11.70742439303944
3.29,12.272297395421244
3.3,12.848083754791066
3.31,13.434862733036509
3.32,14.032713592045084
3.33,14.64171559370439
3.34,15.261947999901937
3.35,15.893490072525369
3.36,16.536421073462133
3.37,17.190820264599903
3.38,17.856766907826163
3.39,18.53434026502851
3.4,19.22361959809445
3.41,19.92468416891163
3.42,20.637613239367525
3.43,21.36248607134976
3.44,22.099381926745824
3.45,22.84838006744337
3.46,23.609559755329848
3.47,24.383000252292927
3.48,25.168780820220068
3.49,25.96698072099891
3.5,26.77767921651695
3.51,27.600955568661774
3.52,28.436889039320985
3.53,29.28555889038206
3.54,30.14704438373263
3.55,31.021424781260198
3.56,31.90877934485238
3.57,32.80918733639668
3.58,33.72272801778072
3.59,34.649480650891974
3.6,35.5895244976181
3.61,36.54293881984655
3.62,37.50980287946499
3.63,38.490195938360905
3.64,39.48419725842192
3.65,40.49188610153549
3.66,41.51334172958931
3.67,42.5486434044708
3.68,43.59787038806765
3.69,44.66110194226731
3.7,45.73841732895743
3.71,46.82989581002547
3.72,47.93561664735912
3.73,49.055659102845794
3.74,50.1901024383732
3.75,51.33902591582874
3.76,52.50250879710007
3.77,53.68063034407479
3.78,54.87346981864035
3.79,56.081106482684426
3.8,57.30361959809444
3.81,58.54108842675811
3.82,59.79359223056285
3.83,61.06121027139631
3.84,62.34402181114599
3.85,63.64210611169952
3.86,64.95554243494438
3.87,66.28441004276823
3.88,67.6287881970585
3.89,68.98875615970287
3.9,70.36439319258882
3.91,71.75577855760396
3.92,73.1629915166358
3.93,74.58611133157198
3.94,76.02521726429994
3.95,77.48038857670737
3.96,78.9517045306817
3.97,80.43924438811061
3.98,81.94308741088157
3.99,83.46331286088223
4.0,85.0
4.01,86.55320678653077
4.02,88.1229059644031
4.03,89.70904897395398
4.04,91.31158725551984
4.05,92.93047224943774
4.06,94.56565539604443
4.07,96.21708813567685
4.08,97.8847219086716
4.09,99.56850815536552
4.1,101.26839831609549
4.11,102.98434383119842
4.12,104.71629614101089
4.13,106.46420668586975
4.14,108.22802690611196
4.15,110.00770824207429
4.16,111.8032021340934
4.17,113.61446002250618
4.18,115.44143334764944
4.19,117.28407354986015
4.2,119.1423320694748
4.21,121.0161603468304
4.22,122.90550982226368
4.23,124.81033193611168
4.24,126.73057812871082
4.25,128.6661998403981
4.26,130.61714851151035
4.27,132.5833755823843
4.28,134.564832493357
4.29,136.56147068476494
4.3,138.57324159694505
4.31,140.60009667023417
4.32,142.64198734496915
4.33,144.69886506148666
4.34,146.7706812601235
4.35,148.85738738121654
4.36,150.95893486510286
4.37,153.07527515211876
4.38,155.20635968260137
4.39,157.35213989688737
4.4,159.51256723531378
4.41,161.68759313821715
4.42,163.8771690459343
4.43,166.0812463988022
4.44,168.29977663715766
4.45,170.53271120133726
4.46,172.78000153167798
4.47,175.0415990685166
4.48,177.31745525219014
4.49,179.60752152303493
4.5,181.91174932138807
4.51,184.2300900875864
4.52,186.56249526196655
4.53,188.90891628486577
4.54,191.26930459662032
4.55,193.64361163756715
4.56,196.0317888480432
4.57,198.43378766838535
4.58,200.8495595389302
4.59,203.27905590001455
4.6,205.72222819197535
4.61,208.1790278551496
4.62,210.6494063298736
4.63,213.1333150564844
4.64,215.63070547531885
4.65,218.14152902671395
4.66,220.66573715100603
4.67,223.20328128853217
4.68,225.7541128796292
4.69,228.31818336463408
4.7,230.89544418388323
4.71,233.48584677771365
4.72,236.08934258646215
4.73,238.70588305046576
4.74,241.3354196100609
4.75,243.9779037055845
4.76,246.6332867773734
4.77,249.30152026576445
4.78,251.98255561109465
4.79,254.67634425370036
4.8,257.38283763391854
4.81,260.1019871920862
4.82,262.8337443685401
4.83,265.5780606036169
4.84,268.3348873376533
4.85,271.1041760109864
4.86,273.8858780639531
4.87,276.6799449368897
4.88,279.48632807013337
4.89,282.3049789040208
4.9,285.13584887888913
4.91,287.9788894350746
4.92,290.8340520129143
4.93,293.7012880527451
4.94,296.58054899490395
4.95,299.4717862797272
4.96,302.3749513475519
4.97,305.28999563871497
4.98,308.21687059355327
4.99,311.1555276524032
5.0,314.10591825560186
5.01,317.06799384348585
5.02,320.0417058563923
5.03,323.0270057346582
5.04,326.0238449186196
5.05,329.0321748486137
5.06,332.0519469649776
5.07,335.08311270804785
5.08,338.1256235181611
5.09,341.17943083565416
5.1,344.2444861008641
5.11,347.3207407541279
5.12,350.4081462357817
5.13,353.5066539861628
5.14,356.6162154456078
5.15,359.736782054454
5.16,362.8683052530374
5.17,366.0107364816953
5.18,369.1640271807644
5.19,372.3281287905817
5.2,375.50299275148376
5.21,378.68857050380734
5.22,381.8848134878893
5.23,385.0916731440669
5.24,388.3091009126763
5.25,391.5370482340545
5.26,394.7754665485385
5.27,398.0243072964648
5.28,401.2835219181708
5.29,404.55306185399263
5.3,407.8328785442674
5.31,411.1229234293318
5.32,414.423147949523
5.33,417.73350354517737
5.34,421.0539416566317
5.35,424.384413724223
5.36,427.7248711882884
5.37,431.0752654891642
5.38,434.4355480671872
5.39,437.8056703626944
5.4,441.1855838160229
5.41,444.5752398675089
5.42,447.9745899574895
5.43,451.3835855263015
5.44,454.802178014282
5.45,458.2303188617672
5.46,461.6679595090943
5.47,465.1150513966
5.48,468.57154596462135
5.49,472.0373946534947
5.5,475.5125489035572
5.51,478.9969601551455
5.52,482.4905798485965
5.53,485.9933594242472
5.54,489.5052503224339
5.55,493.0262039834937
5.56,496.5561718477633
5.57,500.0951053555801
5.58,503.6429559472801
5.59,507.1996750632003
5.6,510.7652141436778
5.61,514.3395246290494
5.62,517.9225579596514
5.63,521.5142655758209
5.64,525.114598917895
5.65,528.7235094262105
5.66,532.3409485411036
5.67,535.9668677029115
5.68,539.6012183519708
5.69,543.2439519286191
5.7,546.8950198731924
5.71,550.5543736260273
5.72,554.2219646274613
5.73,557.8977443178312
5.74,561.581664137473
5.75,565.2736755267242
5.76,568.9737299259216
5.77,572.6817787754017
5.78,576.3977735155017
5.79,580.1216655865579
5.8,583.8534064289074
5.81,587.5929474828869
5.82,591.3402401888338
5.83,595.0952359870838
5.84,598.8578863179747
5.85,602.6281426218427
5.86,606.4059563390251
5.87,610.191278909858
5.88,613.9840617746788
5.89,617.7842563738242
5.9,621.5918141476312
5.91,625.406686536436
5.92,629.2288249805757
5.93,633.0581809203873
5.94,636.8947057962077
5.95,640.7383510483733
5.96,644.5890681172209
5.97,648.4468084430877
5.98,652.3115234663106
5.99,656.1831646272258
6.0,660.0616833661702
6.01,663.947031123481
6.02,667.8391593394948
6.03,671.738019454549
6.04,675.6435629089792
6.05,679.555741143123
6.06,683.4745055973168
6.07,687.3998077118985
6.08,691.3315989272035
6.09,695.269830683569
6.1,699.2144544213322
6.11,703.1654215808301
6.12,707.1226836023988
6.13,711.0861919263752
6.14,715.0558979930964
6.15,719.0317532428994
6.16,723.0137091161207
6.17,727.0017170530969
6.18,730.9957284941652
6.19,734.9956948796623
6.2,739.0015676499249
6.21,743.0132982452897
6.22,747.0308381060938
6.23,751.0541386726743
6.24,755.0831513853673
6.25,759.1178276845097
6.26,763.1581190104386
6.27,767.2039768034907
6.28,771.2553525040031
6.29,775.312197552312
6.3,779.3744633887549
6.31,783.442101453668
6.32,787.5150631873885
6.33,791.593300030253
6.34,795.6767634225981
6.35,799.7654048047611
6.36,803.8591756170788
6.37,807.9580272998876
6.38,812.0619112935244
6.39,816.170779038326
6.4,820.28458197463
6.41,824.4032715427719
6.42,828.5267991830892
6.43,832.6551163359186
6.44,836.7881744415971
6.45,840.9259249404615
6.46,845.0683192728482
6.47,849.2153088790942
6.48,853.3668451995368
6.49,857.522879674512
6.5,861.6833637443568
6.51,865.8482488494087
6.52,870.0174864300036
6.53,874.1910279264791
6.54,878.3688247791714
6.55,882.5508284284174
6.56,886.7369903145542
6.57,890.9272618779185
6.58,895.1215945588469
6.59,899.3199397976762
6.6,903.5222490347436
6.61,907.728473710386
6.62,911.9385652649394
6.63,916.152475138741
6.64,920.370154772128
6.65,924.5915556054372
6.66,928.8166290790044
6.67,933.0453266331672
6.68,937.2775997082626
6.69,941.5133997446276
6.7,945.7526781825976
6.71,949.9953864625106
6.72,954.2414760247032
6.73,958.4908983095124
6.74,962.743604757275
6.75,966.9995468083266
6.76,971.2586759030058
6.77,975.520943481648
6.78,979.7863009845914
6.79,984.0546998521712
6.8,988.3260915247254
6.81,992.6004274425904
6.82,996.8776590461032
6.83,1001.1577377756
6.84,1005.4406150714184
6.85,1009.7262423738944
6.86,1014.0145711233658
6.87,1018.3055527601688
6.88,1022.5991387246396
6.89,1026.8952804571163
6.9,1031.193929397935
6.91,1035.4950369874327
6.92,1039.798554665946
6.93,1044.104433873811
6.94,1048.4126260513667
6.95,1052.723082638948
6.96,1057.035755076892
6.97,1061.3505948055356
6.98,1065.6675532652162
6.99,1069.98658189627
7.0,1074.3076321390336
7.01,1078.6306554338444
7.02,1082.9556032210387
7.03,1087.282426940954
7.04,1091.6110780339268
7.05,1095.9415079402934
7.06,1100.273668100391
7.07,1104.607509954557
7.08,1108.9429849431272
7.09,1113.2800445064383
7.1,1117.618640084828
7.11,1121.958723118633
7.12,1126.30024504819
7.13,1130.6431573138352
7.14,1134.9874113559056
7.15,1139.332958614739
7.16,1143.679750530671
7.17,1148.0277385440393
7.18,1152.3768740951796
7.19,1156.72710862443
7.2,1161.0783935721263
7.21,1165.430680378606
7.22,1169.7839204842055
7.23,1174.138065329262
7.24,1178.4930663541118
7.25,1182.8488749990918
7.26,1187.2054427045389
7.27,1191.56272091079
7.28,1195.920661058182
7.29,1200.2792145870517
7.3,1204.6383329377354
7.31,1208.9979675505706
7.32,1213.358069865894
7.33,1217.7185913240417
7.34,1222.079483365351
7.35,1226.440697430159
7.36,1230.8021849588022
7.37,1235.1638973916172
7.38,1239.5257861689413
7.39,1243.8878027311105
7.4,1248.2498985184632
7.41,1252.6120249713344
7.42,1256.974133530062
7.43,1261.3361756349818
7.44,1265.698102726432
7.45,1270.0598662447485
7.46,1274.421417630268
7.47,1278.7827083233278
7.48,1283.1436897642648
7.49,1287.504313393415
7.5,1291.8645306511155
7.51,1296.2242929777035
7.52,1300.583551813516
7.53,1304.94225859889
7.54,1309.3003647741612
7.55,1313.6578217796666
7.56,1318.0145810557435
7.57,1322.370594042729
7.58,1326.725812180959
7.59,1331.0801869107709
7.6,1335.4336696725013
7.61,1339.7862119064876
7.62,1344.1377650530658
7.63,1348.4882805525729
7.64,1352.8377098453457
7.65,1357.1860043717215
7.66,1361.5331155720366
7.67,1365.878994886628
7.68,1370.2235937558323
7.69,1374.5668636199866
7.7,1378.9087559194274
7.71,1383.249222094492
7.72,1387.5882135855163
7.73,1391.9256818328386
7.74,1396.261578276794
7.75,1400.5958543577206
7.76,1404.928461515954
7.77,1409.259351191832
7.78,1413.588474825692
7.79,1417.915783857869
7.8,1422.2412297287008
7.81,1426.5647638785242
7.82,1430.8863377476769
7.83,1435.205902776494
7.84,1439.5234104053127
7.85,1443.83881207447
7.86,1448.152059224304
7.87,1452.4631032951495
7.88,1456.7718957273446
7.89,1461.0783879612256
7.9,1465.3825314371295
7.91,1469.6842775953928
7.92,1473.983577876353
7.93,1478.2803837203458
7.94,1482.5746465677091
7.95,1486.866317858779
7.96,1491.155349033893
7.97,1495.4416915333863
7.98,1499.7252967975985
7.99,1504.0061162668635
8.0,1508.28410138152
8.01,1512.5592035819045
8.02,1516.8313743083525
8.03,1521.100565001202
8.04,1525.36672710079
8.05,1529.6298120474537
8.06,1533.8897712815285
8.07,1538.1465562433511
8.08,1542.4001183732598
8.09,1546.6504091115903
8.1,1550.89737989868
8.11,1555.1409821748653
8.12,1559.381167380483
8.13,1563.6178869558712
8.14,1567.8510923413648
8.15,1572.0807349773013
8.16,1576.3067663040174
8.17,1580.52913776185
8.18,1584.7478007911363
8.19,1588.962706832213
8.2,1593.1738073254166
8.21,1597.3810537110844
8.22,1601.5843974295528
8.23,1605.783789921158
8.24,1609.979182626238
8.25,1614.1705269851286
8.26,1618.3577744381678
8.27,1622.540876425691
8.28,1626.719784388036
8.29,1630.8944497655389
8.3,1635.064823998538
8.31,1639.2308585273684
8.32,1643.3925047923672
8.33,1647.549714233872
8.34,1651.702438292219
8.35,1655.8506284077444
8.36,1659.9942360207865
8.37,1664.1332125716813
8.38,1668.2675095007662
8.39,1672.3970782483768
8.4,1676.521870254851
8.41,1680.6418369605244
8.42,1684.756929805735
8.43,1688.867100230819
8.44,1692.9722996761138
8.45,1697.0724795819556
8.46,1701.167591388682
8.47,1705.2575865366289
8.48,1709.342416466133
8.49,1713.4220326175318
8.5,1717.4963864311612
8.51,1721.56542934736
8.52,1725.629112806463
8.53,1729.6873882488076
8.54,1733.7402071147303
8.55,1737.7875208445696
8.56,1741.82928087866
8.57,1745.8654386573394
8.58,1749.8959456209448
8.59,1753.9207532098123
8.6,1757.939812864279
8.61,1761.953076024682
8.62,1765.9604941313585
8.63,1769.9620186246443
8.64,1773.9576009448772
8.65,1777.9471925323928
8.66,1781.9307448275283
8.67,1785.9082092706217
8.68,1789.8795373020082
8.69,1793.8446803620254
8.7,1797.8035898910098
8.71,1801.7562173293
8.72,1805.7025141172292
8.73,1809.6424316951368
8.74,1813.57592150336
8.75,1817.502934982233
8.76,1821.4234235720955
8.77,1825.3373387132824
8.78,1829.2446318461311
8.79,1833.145254410979
8.8,1837.0391578481624
8.81,1840.9262935980175
8.82,1844.8066131008825
8.83,1848.6800677970923
8.84,1852.5466091269852
8.85,1856.406188530898
8.86,1860.2587574491668
8.87,1864.1042673221289
8.88,1867.942669590121
8.89,1871.77391569348
8.9,1875.5979570725424
8.91,1879.414745167645
8.92,1883.2242314191249
8.93,1887.0263672673184
8.94,1890.8211041525628
8.95,1894.6083935151944
8.96,1898.388186795552
8.97,1902.1604354339693
8.98,1905.9250908707847
8.99,1909.6821045463355
9.0,1913.4314279009573
9.01,1917.173012374988
9.02,1920.906809408764
9.03,1924.6327704426208
9.04,1928.3508469168985
9.05,1932.060990271931
9.06,1935.763151948056
9.07,1939.45728338561
9.08,1943.1433360249296
9.09,1946.821261306353
9.1,1950.4910106702157
9.11,1954.1525355568551
9.12,1957.8057874066076
9.13,1961.4507176598104
9.14,1965.0872777568
9.15,1968.7154191379136
9.16,1972.3350932434876
9.17,1975.946251513858
9.18,1979.548845389364
9.19,1983.14282631034
9.2,1986.728145717124
9.21,1990.3047550500528
9.22,1993.8726057494632
9.23,1997.431649255691
9.24,2000.9818370090743
9.25,2004.5231204499496
9.26,2008.055451018653
9.27,2011.578780155522
9.28,2015.093059300893
9.29,2018.5982398951032
9.3,2022.09427337849
9.31,2025.5811111913888
9.32,2029.0587047741371
9.33,2032.527005567072
9.34,2035.9859650105288
9.35,2039.435534544847
9.36,2042.8756656103608
9.37,2046.3063096474089
9.38,2049.727418096327
9.39,2053.138942397452
9.4,2056.540833991121
9.41,2059.93304431767
9.42,2063.315524817437
9.43,2066.6882269307584
9.44,2070.051102097972
9.45,2073.404101759412
9.46,2076.747177355418
9.47,2080.080280326325
9.48,2083.4033621124704
9.49,2086.716374154191
9.5,2090.019267891823
9.51,2093.3119947657046
9.52,2096.594506216172
9.53,2099.866753683561
9.54,2103.1286886082094
9.55,2106.3802624304544
9.56,2109.621426590631
9.57,2112.8521325290785
9.58,2116.072331686132
9.59,2119.2819755021283
9.6,2122.4810154174056
9.61,2125.669402872298
9.62,2128.8470893071462
9.63,2132.0140261622846
9.64,2135.170164878049
9.65,2138.3154568947784
9.66,2141.4498536528085
9.67,2144.5733065924765
9.68,2147.685767154119
9.69,2150.7871867780723
9.7,2153.877516904674
9.71,2156.9567089742613
9.72,2160.0247144271693
9.73,2163.081484703737
9.74,2166.126971244299
9.75,2169.1611254891936
9.76,2172.1838988787567
9.77,2175.1952428533264
9.78,2178.1951088532387
9.79,2181.183448318829
9.8,2184.160212690437
9.81,2187.125353408398
9.82,2190.078821913048
9.83,2193.0205696447256
9.84,2195.950548043766
9.85,2198.8687085505067
9.86,2201.775002605284
9.87,2204.669381648436
9.88,2207.5517971202985
9.89,2210.4222004612075
9.9,2213.2805431115016
9.91,2216.1267765115167
9.92,2218.96085210159
9.93,2221.7827213220576
9.94,2224.592335613256
9.95,2227.389646415524
9.96,2230.174605169197
9.97,2232.9471633146118
9.98,2235.707272292105
9.99,2238.4548835420137
10.0,2241.189948504675
10.01,2243.9124186204253
10.02,2246.6222453296014
10.03,2249.3193800725403
10.04,2252.0037742895797
10.05,2254.675379421055
10.06,2257.334146907303
10.07,2259.980028188661
10.08,2262.6129747054665
10.09,2265.232937898055
10.1,2267.839869206764
10.11,2270.43372007193
10.12,2273.014441933891
10.13,2275.5819862329827
10.14,2278.136304409541
10.15,2280.677347903905
10.16,2283.2050681564097
10.17,2285.7194166073923
10.18,2288.2203446971894
10.19,2290.7078038661384
10.2,2293.181745554577
10.21,2295.64212120284
10.22,2298.088882251265
10.23,2300.521980140189
10.24,2302.941366309949
10.25,2305.3469922008817
10.26,2307.738809253324
10.27,2310.116768907611
10.28,2312.4808226040823
10.29,2314.8309217830724
10.3,2317.16701788492
10.31,2319.489062349961
10.32,2321.797006618531
10.33,2324.090802130969
10.34,2326.3704003276107
10.35,2328.635752648793
10.36,2330.886810534853
10.37,2333.1235254261264
10.38,2335.3458487629514
10.39,2337.553731985664
10.4,2339.747126534601
10.41,2341.9259838501
10.42,2344.0902553724973
10.43,2346.2398925421294
10.44,2348.3748467993337
10.45,2350.495069584446
10.46,2352.600512337805
10.47,2354.691126499745
10.48,2356.7668635106047
10.49,2358.82767481072
10.5,2360.8735118404284
10.51,2362.9043260400663
10.52,2364.9200688499704
10.53,2366.920691710477
10.54,2368.906146061924
10.55,2370.8763833446483
10.56,2372.831354998986
10.57,2374.771012465274
10.58,2376.6953071838493
10.59,2378.604190595048
10.6,2380.497614139208
10.61,2382.375529256665
10.62,2384.237887387757
10.63,2386.0846399728207
10.64,2387.915738452192
10.65,2389.7311342662074
10.66,2391.5307788552045
10.67,2393.314623659521
10.68,2395.0826201194923
10.69,2396.8347196754557
10.7,2398.570873767748
10.71,2400.291033836705
10.72,2401.9951513226656
10.73,2403.6831776659656
10.74,2405.355064306941
10.75,2407.01076268593
10.76,2408.650224243268
10.77,2410.273400419293
10.78,2411.8802426543407
10.79,2413.470702388749
10.8,2415.044731062854
10.81,2416.6022801169934
10.82,2418.143300991504
10.83,2419.66774512672
10.84,2421.175563962981
10.85,2422.666708940623
10.86,2424.1411314999827
10.87,2425.5987830813974
10.88,2427.039615125203
10.89,2428.463579071737
10.9,2429.870626361336
10.91,2431.2607084343367
10.92,2432.6337767310765
10.93,2433.989782691891
10.94,2435.328677757119
10.95,2436.650413367094
10.96,2437.954940962157
10.97,2439.242211982641
10.98,2440.512177868886
10.99,2441.7647900612264
11.0,2443.0
11.01,2444.217788823624
11.02,2445.41825646284
11.03,2446.6015325464696
11.04,2447.7677467033327
11.05,2448.9170285622527
11.06,2450.049507752052
11.07,2451.16531390155
11.08,2452.264576639569
11.09,2453.347425594932
11.1,2454.4139903964588
11.11,2455.4644006729727
11.12,2456.4987860532938
11.13,2457.5172761662448
11.14,2458.520000640647
11.15,2459.507089105322
11.16,2460.478671189092
11.17,2461.4348765207774
11.18,2462.3758347292014
11.19,2463.301675443184
11.2,2464.212528291548
11.21,2465.108522903116
11.22,2465.9897889067065
11.23,2466.856455931144
11.24,2467.7086536052493
11.25,2468.546511557844
11.26,2469.3701594177483
11.27,2470.1797268137866
11.28,2470.9753433747783
11.29,2471.7571387295466
11.3,2472.525242506912
11.31,2473.279784335696
11.32,2474.0208938447217
11.33,2474.748700662809
11.34,2475.4633344187805
11.35,2476.164924741457
11.36,2476.853601259664
11.37,2477.529493602216
11.38,2478.1927313979413
11.39,2478.8434442756584
11.4,2479.481761864189
11.41,2480.1078137923555
11.42,2480.7217296889785
11.43,2481.323639182881
11.44,2481.913671902884
11.45,2482.4919574778087
11.46,2483.058625536478
11.47,2483.6138057077114
11.48,2484.1576276203327
11.49,2484.6902209031623
11.5,2485.211715185023
11.51,2485.722240094735
11.52,2486.221925261121
11.53,2486.7109003130017
11.54,2487.1892948792
11.55,2487.6572385885365
11.56,2488.1148610698333
11.57,2488.562291951912
11.58,2488.999660863594
11.59,2489.4270974337005
11.6,2489.8447312910557
11.61,2490.2526920644777
11.62,2490.6511093827894
11.63,2491.040112874813
11.64,2491.419832169371
11.65,2491.7903968952837
11.66,2492.1519366813727
11.67,2492.50458115646
11.68,2492.8484599493668
11.69,2493.1837026889148
11.7,2493.510439003927
11.71,2493.828798523224
11.72,2494.1389108756266
11.73,2494.4409056899576
11.74,2494.734912595039
11.75,2495.02106121969
11.76,2495.299481192737
11.77,2495.5703021429963
11.78,2495.833653699293
11.79,2496.089665490447
11.8,2496.3384671452804
11.81,2496.580188292616
11.82,2496.814958561274
11.83,2497.042907580076
11.84,2497.2641649778448
11.85,2497.4788603834013
11.86,2497.6871234255677
11.87,2497.889083733164
11.88,2498.084870935014
11.89,2498.274614659937
11.9,2498.4584445367577
11.91,2498.636490194296
11.92,2498.808881261373
11.93,2498.975747366811
11.94,2499.1372181394318
11.95,2499.293423208056
11.96,2499.4444922015064
11.97,2499.5905547486045
11.98,2499.731740478172
11.99,2499.86817901903
12.0,2500.0
12.01,2500.127320929216
12.02,2500.2502108320505
12.03,2500.3687266131906
12.04,2500.482925177321
12.05,2500.592863429129
12.06,2500.6985982732986
12.07,2500.8001866145155
12.08,2500.8976853574663
12.09,2500.991151406836
12.1,2501.080641667309
12.11,2501.1662130435725
12.12,2501.247922440312
12.13,2501.325826762213
12.14,2501.39998291396
12.15,2501.47044780024
12.16,2501.537278325738
12.17,2501.60053139514
12.18,2501.660263913131
12.19,2501.7165327843963
12.2,2501.7693949136224
12.21,2501.8189072054947
12.22,2501.8651265646986
12.23,2501.90810989592
12.24,2501.947914103843
12.25,2501.984596093155
12.26,2502.0182127685416
12.27,2502.048821034687
12.28,2502.076477796278
12.29,2502.1012399579995
12.3,2502.123164424538
12.31,2502.1423081005782
12.32,2502.158727890806
12.33,2502.1724806999064
12.34,2502.1836234325665
12.35,2502.1922129934705
12.36,2502.198306287305
12.37,2502.2019602187543
12.38,2502.203231692505
12.39,2502.202177613243
12.4,2502.1988548856534
12.41,2502.1933204144207
12.42,2502.185631104233
12.43,2502.175843859773
12.44,2502.1640155857285
12.45,2502.1502031867844
12.46,2502.1344635676264
12.47,2502.1168536329405
12.48,2502.0974302874106
12.49,2502.076250435724
12.5,2502.0533709825654
12.51,2502.0288488326214
12.52,2502.002740890576
12.53,2501.9751040611163
12.54,2501.945995248928
12.55,2501.915471358695
12.56,2501.883589295104
12.57,2501.8504059628413
12.58,2501.8159782665907
12.59,2501.780363111039
12.6,2501.743617400873
12.61,2501.705798040776
12.62,2501.666961935434
12.63,2501.6271659895333
12.64,2501.58646710776
12.65,2501.5449221947983
12.66,2501.502588155335
12.67,2501.459521894056
12.68,2501.415780315644
12.69,2501.371420324788
12.7,2501.3264988261726
12.71,2501.2810727244814
12.72,2501.2351989244034
12.73,2501.188934330622
12.74,2501.142335847824
12.75,2501.095460380693
12.76,2501.048364833917
12.77,2501.0011061121795
12.78,2500.953741120168
12.79,2500.906326762566
12.8,2500.858919944061
12.81,2500.8115775693377
12.82,2500.7643565430826
12.83,2500.7173137699806
12.84,2500.6705061547163
12.85,2500.623990601977
12.86,2500.577824016447
12.87,2500.5320633028127
12.88,2500.4867653657598
12.89,2500.441987109972
12.9,2500.397785440138
12.91,2500.354217260942
12.92,2500.311339477069
12.93,2500.269208993205
12.94,2500.227882714036
12.95,2500.1874175442463
12.96,2500.1478703885227
12.97,2500.1092981515512
12.98,2500.071757738016
12.99,2500.035306052604
13.0,2500.0
13.01,2499.965884459515
13.02,2499.9329562089592
13.03,2499.9012000007706
13.04,2499.870600587383
13.05,2499.8411427212327
13.06,2499.812811154756
13.07,2499.7855906403897
13.08,2499.759465930568
13.09,2499.734421777728
13.1,2499.7104429343062
13.11,2499.687514152738
13.12,2499.6656201854585
13.13,2499.644745784905
13.14,2499.6248757035128
13.15,2499.605994693717
13.16,2499.5880875079565
13.17,2499.571138898664
13.18,2499.555133618277
13.19,2499.5400564192314
13.2,2499.525892053963
13.21,2499.512625274908
13.22,2499.5002408345017
13.23,2499.488723485181
13.24,2499.4780579793805
13.25,2499.4682290695378
13.26,2499.459221508088
13.27,2499.4510200474674
13.28,2499.4436094401112
13.29,2499.436974438456
13.3,2499.4310997949387
13.31,2499.425970261993
13.32,2499.421570592057
13.33,2499.4178855375653
13.34,2499.414899850955
13.35,2499.412598284661
13.36,2499.4109655911197
13.37,2499.4099865227663
13.38,2499.409645832038
13.39,2499.4099282713714
13.4,2499.4108185932005
13.41,2499.4123015499617
13.42,2499.414361894092
13.43,2499.416984378028
13.44,2499.4201537542026
13.45,2499.423854775054
13.46,2499.428072193018
13.47,2499.43279076053
13.48,2499.437995230027
13.49,2499.443670353944
13.5,2499.4498008847168
13.51,2499.456371574782
13.52,2499.4633671765755
13.53,2499.470772442534
13.54,2499.4785721250923
13.55,2499.486750976686
13.56,2499.495293749752
13.57,2499.504185196726
13.58,2499.513410070044
13.59,2499.522953122142
13.6,2499.5327991054564
13.61,2499.5429327724223
13.62,2499.553338875476
13.63,2499.5640021670533
13.64,2499.574907399591
13.65,2499.5860393255243
13.66,2499.597382697289
13.67,2499.6089222673218
13.68,2499.6206427880584
13.69,2499.6325290119344
13.7,2499.644565691386
13.71,2499.656737578849
13.72,2499.66902942676
13.73,2499.6814259875546
13.74,2499.693912013668
13.75,2499.706472257538
13.76,2499.7190914715984
13.77,2499.731754408286
13.78,2499.744445820037
13.79,2499.7571504592884
13.8,2499.7698530784746
13.81,2499.782538430032
13.82,2499.795191266397
13.83,2499.8077963400046
13.84,2499.8203384032918
13.85,2499.832802208693
13.86,2499.8451725086466
13.87,2499.857434055587
13.88,2499.8695716019506
13.89,2499.8815699001725
13.9,2499.89341370269
13.91,2499.9050877619384
13.92,2499.9165768303537
13.93,2499.9278656603715
13.94,2499.9389390044284
13.95,2499.94978161496
13.96,2499.960378244403
13.97,2499.970713645192
13.98,2499.980772569764
13.99,2499.9905397705547
14.0,2500.0
14.01,2500.009141232725
14.02,2500.017964332111
14.03,2500.0264733837294
14.04,2500.0346724731494
14.05,2500.0425656859425
14.06,2500.0501571076784
14.07,2500.0574508239283
14.08,2500.064450920263
14.09,2500.071161482252
14.1,2500.0775865954665
14.11,2500.083730345477
14.12,2500.089596817854
14.13,2500.095190098168
14.14,2500.100514271989
14.15,2500.105573424889
14.16,2500.110371642437
14.17,2500.1149130102044
14.18,2500.119201613761
14.19,2500.123241538678
14.2,2500.127036870526
14.21,2500.130591694875
14.22,2500.1339100972955
14.23,2500.136996163359
14.24,2500.139853978634
14.25,2500.1424876286937
14.26,2500.1449011991067
14.27,2500.1470987754446
14.28,2500.149084443277
14.29,2500.150862288175
14.3,2500.152436395709
14.31,2500.153810851449
14.32,2500.1549897409677
14.33,2500.155977149833
14.34,2500.156777163616
14.35,2500.157393867888
14.36,2500.157831348219
14.37,2500.15809369018
14.38,2500.1581849793406
14.39,2500.158109301273
14.4,2500.1578707415465
14.41,2500.157473385731
14.42,2500.1569213193984
14.43,2500.156218628119
14.44,2500.155369397463
14.45,2500.154377713
14.46,2500.153247660303
14.47,2500.15198332494
14.48,2500.1505887924827
14.49,2500.1490681485016
14.5,2500.147425478567
14.51,2500.1456648682497
14.52,2500.14379040312
14.53,2500.1418061687486
14.54,2500.139716250706
14.55,2500.1375247345622
14.56,2500.135235705889
14.57,2500.132853250256
14.58,2500.130381453233
14.59,2500.127824400392
14.6,2500.125186177303
14.61,2500.122470869536
14.62,2500.119682562663
14.63,2500.1168253422525
14.64,2500.1139032938763
14.65,2500.110920503105
14.66,2500.107881055508
14.67,2500.1047890366576
14.68,2500.101648532123
14.69,2500.0984636274743
14.7,2500.095238408284
14.71,2500.0919769601205
14.72,2500.0886833685563
14.73,2500.08536171916
14.74,2500.082016097503
14.75,2500.0786505891565
14.76,2500.0752692796905
14.77,2500.0718762546758
14.78,2500.0684755996813
14.79,2500.065071400279
14.8,2500.0616677420403
14.81,2500.058268710534
14.82,2500.0548783913314
14.83,2500.051500870002
14.84,2500.048140232119
14.85,2500.0448005632497
14.86,2500.041485948966
14.87,2500.03820047484
14.88,2500.03494822644
14.89,2500.0317332893364
14.9,2500.028559749102
14.91,2500.025431691305
14.92,2500.022353201517
14.93,2500.01932836531
14.94,2500.016361268251
14.95,2500.0134559959133
14.96,2500.0106166338664
14.97,2500.0078472676814
14.98,2500.005151982928
14.99,2500.002534865177
15.0,2500.0
15.01,2499.997550609585
15.02,2499.9951864625955
15.03,2499.992906464313
15.04,2499.99070952002
15.05,2499.988594534999
15.06,2499.986560414531
15.07,2499.984606063898
15.08,2499.9827303883817
15.09,2499.980932293264
15.1,2499.979210683828
15.11,2499.977564465354
15.12,2499.975992543126
15.13,2499.9744938224235
15.14,2499.9730672085298
15.15,2499.9717116067263
15.16,2499.970425922296
15.17,2499.9692090605186
15.18,2499.9680599266785
15.19,2499.966977426056
15.2,2499.965960463933
15.21,2499.965007945592
15.22,2499.964118776315
15.23,2499.963291861384
15.24,2499.9625261060805
15.25,2499.9618204156864
15.26,2499.9611736954835
15.27,2499.9605848507545
15.28,2499.96005278678
15.29,2499.959576408843
15.3,2499.959154622226
15.31,2499.958786332208
15.32,2499.958470444075
15.33,2499.9582058631054
15.34,2499.957991494583
15.35,2499.957826243789
15.36,2499.957709016005
15.37,2499.957638716515
15.38,2499.957614250598
15.39,2499.9576345235378
15.4,2499.957698440616
15.41,2499.9578049071138
15.42,2499.9579528283134
15.43,2499.958141109498
15.44,2499.958368655947
15.45,2499.958634372945
15.46,2499.958937165772
15.47,2499.9592759397106
15.48,2499.9596496000427
15.49,2499.9600570520497
15.5,2499.9604972010143
15.51,2499.960968952218
15.52,2499.9614712109437
15.53,2499.962002882471
15.54,2499.9625628720846
15.55,2499.963150085064
15.56,2499.963763426693
15.57,2499.964401802252
15.58,2499.9650641170238
15.59,2499.96574927629
15.6,2499.9664561853324
15.61,2499.967183749433
15.62,2499.967930873874
15.63,2499.968696463937
15.64,2499.9694794249044
15.65,2499.9702786620574
15.66,2499.9710930806787
15.67,2499.9719215860496
15.68,2499.972763083452
15.69,2499.9736164781675
15.7,2499.974480675479
15.71,2499.9753545806675
15.72,2499.976237099016
15.73,2499.977127135805
15.74,2499.9780235963176
15.75,2499.978925385835
15.76,2499.97983140964
15.77,2499.980740573013
15.78,2499.9816517812374
15.79,2499.982563939594
15.8,2499.983475953365
15.81,2499.9843867278337
15.82,2499.98529516828
15.83,2499.9862001799866
15.84,2499.987100668236
15.85,2499.9879955383085
15.86,2499.9888836954874
15.87,2499.9897640450545
15.88,2499.9906354922914
15.89,2499.99149694248
15.9,2499.992347300902
15.91,2499.99318547284
15.92,2499.9940103635763
15.93,2499.9948208783912
15.94,2499.995615922568
15.95,2499.9963944013866
15.96,2499.9971552201314
15.97,2499.997897284083
15.98,2499.998619498524
15.99,2499.9993207687357
16.0,2500.0
16.01,2500.0006563289357
16.02,2500.001289817508
16.03,2500.001900759019
16.04,2500.00248944677
16.05,2500.0030561740627
16.06,2500.0036012342
16.07,2500.004124920483
16.08,2500.004627526212
16.09,2500.005109344691
16.1,2500.005570669222
16.11,2500.006011793105
16.12,2500.006433009644
16.13,2500.006834612139
16.14,2500.007216893892
16.15,2500.0075801482053
16.16,2500.0079246683817
16.17,2500.008250747721
16.18,2500.0085586795267
16.19,2500.0088487571
16.2,2500.009121273743
16.21,2500.009376522756
16.22,2500.009614797443
16.23,2500.009836391105
16.24,2500.0100415970437
16.25,2500.010230708561
16.26,2500.0104040189585
16.27,2500.0105618215384
16.28,2500.010704409602
16.29,2500.010832076452
16.3,2500.0109451153894
16.31,2500.0110438197166
16.32,2500.011128482736
16.33,2500.0111993977466
16.34,2500.011256858053
16.35,2500.011301156957
16.36,2500.011332587759
16.37,2500.0113514437617
16.38,2500.011358018267
16.39,2500.011352604576
16.4,2500.0113354959917
16.41,2500.0113069858144
16.42,2500.011267367347
16.43,2500.011216933892
16.44,2500.0111559787483
16.45,2500.011084795221
16.46,2500.0110036766114
16.47,2500.0109129162192
16.48,2500.010812807348
16.49,2500.0107036433
16.5,2500.010585717375
16.51,2500.010459322877
16.52,2500.010324753107
16.53,2500.0101823013665
16.54,2500.010032260958
16.55,2500.0098749251824
16.56,2500.009710587341
16.57,2500.0095395407384
16.58,2500.009362078674
16.59,2500.00917849445
16.6,2500.008989081369
16.61,2500.0087941327324
16.62,2500.0085939418423
16.63,2500.008388802
16.64,2500.008179006508
16.65,2500.0079648486667
16.66,2500.007746621779
16.67,2500.0075246191464
16.68,2500.007299134072
16.69,2500.007070459856
16.7,2500.006838889801
16.71,2500.0066047172086
16.72,2500.0063682353803
16.73,2500.006129737619
16.74,2500.0058895172256
16.75,2500.005647867502
16.76,2500.0054050817503
16.77,2500.005161453272
16.78,2500.0049172753697
16.79,2500.0046728413445
16.8,2500.0044284444984
16.81,2500.004184378133
16.82,2500.0039409355504
16.83,2500.0036984100525
16.84,2500.003457094941
16.85,2500.003217283518
16.86,2500.0029792690843
16.87,2500.002743344943
16.88,2500.002509804396
16.89,2500.002278940743
16.9,2500.0020510472887
16.91,2500.001826417333
16.92,2500.001605344179
16.93,2500.0013881211275
16.94,2500.001175041481
16.95,2500.00096639854
16.96,2500.0007624856084
16.97,2500.000563595986
16.98,2500.0003700229763
16.99,2500.00018205988
17.0,2500.0
17.01,2499.999824074672
17.02,2499.999654267372
17.03,2499.9994904996115
17.04,2499.999332692901
17.05,2499.99918076875
17.06,2499.999034648672
17.07,2499.998894254175
17.08,2499.9987595067714
17.09,2499.998630327971
17.1,2499.998506639286
17.11,2499.9983883622253
17.12,2499.998275418301
17.13,2499.998167729024
17.14,2499.998065215904
17.15,2499.9979678004524
17.16,2499.997875404181
17.17,2499.9977879485978
17.18,2499.997705355217
17.19,2499.997627545546
17.2,2499.997554441098
17.21,2499.997485963384
17.22,2499.9974220339127
17.23,2499.9973625741964
17.24,2499.997307505745
17.25,2499.997256750071
17.26,2499.997210228683
17.27,2499.9971678630927
17.28,2499.9971295748114
17.29,2499.9970952853487
17.3,2499.997064916217
17.31,2499.9970383889254
17.32,2499.9970156249856
17.33,2499.996996545908
17.34,2499.996981073204
17.35,2499.9969691283845
17.36,2499.9969606329587
17.37,2499.9969555084385
17.38,2499.996953676335
17.39,2499.996955058158
17.4,2499.99695957542
17.41,2499.9969671496297
17.42,2499.9969777022984
17.43,2499.996991154938
17.44,2499.997007429059
17.45,2499.997026446171
17.46,2499.997048127785
17.47,2499.9970723954134
17.48,2499.997099170566
17.49,2499.9971283747527
17.5,2499.997159929485
17.51,2499.997193756274
17.52,2499.99722977663
17.53,2499.997267912064
17.54,2499.9973080840878
17.55,2499.9973502142093
17.56,2499.9973942239417
17.57,2499.9974400347965
17.58,2499.997487568281
17.59,2499.99753674591
17.6,2499.997587489192
17.61,2499.9976397196374
17.62,2499.997693358759
17.63,2499.997748328065
17.64,2499.9978045490684
17.65,2499.9978619432786
17.66,2499.997920432208
17.67,2499.997979937365
17.68,2499.9980403802624
17.69,2499.998101682409
17.7,2499.998163765318
17.71,2499.9982265504987
17.72,2499.998289959462
17.73,2499.998353913719
17.74,2499.9984183347806
17.75,2499.9984831441566
17.76,2499.998548263359
17.77,2499.998613613898
17.78,2499.998679117284
17.79,2499.998744695029
17.8,2499.998810268643
17.81,2499.9988757596366
17.82,2499.99894108952
17.83,2499.999006179805
17.84,2499.9990709520025
17.85,2499.9991353276223
17.86,2499.999199228176
17.87,2499.9992625751747
17.88,2499.9993252901286
17.89,2499.999387294547
17.9,2499.999448509944
17.91,2499.999508857827
17.92,2499.9995682597096
17.93,2499.9996266371013
17.94,2499.999683911512
17.95,2499.999740004454
17.96,2499.999794837437
17.97,2499.9998483319728
17.98,2499.999900409571
17.99,2499.9999509917434
18.0,2500.0
18.01,2500.000047372376
18.02,2500.000093113003
18.03,2500.0001372425354
18.04,2500.000179781628
18.05,2500.000220750936
18.06,2500.0002601711144
18.07,2500.000298062819
18.08,2500.000334446704
18.09,2500.0003693434246
18.1,2500.000402773637
18.11,2500.0004347579948
18.12,2500.000465317153
18.13,2500.0004944717684
18.14,2500.000522242494
18.15,2500.0005486499863
18.16,2500.0005737148995
18.17,2500.000597457889
18.18,2500.00061989961
18.19,2500.0006410607166
18.2,2500.0006609618654
18.21,2500.0006796237108
18.22,2500.0006970669074
18.23,2500.000713312111
18.24,2500.0007283799764
18.25,2500.000742291157
18.26,2500.0007550663117
18.27,2500.000766726092
18.28,2500.0007772911536
18.29,2500.0007867821537
18.3,2500.0007952197443
18.31,2500.000802624583
18.32,2500.0008090173237
18.33,2500.0008144186218
18.34,2500.0008188491315
18.35,2500.0008223295085
18.36,2500.0008248804083
18.37,2500.0008265224856
18.38,2500.0008272763957
18.39,2500.0008271627926
18.4,2500.000826202332
18.41,2500.0008244156693
18.42,2500.00082182346
18.43,2500.0008184463577
18.44,2500.0008143050186
18.45,2500.000809420097
18.46,2500.000803812249
18.47,2500.0007975021285
18.48,2500.0007905103907
18.49,2500.000782857692
18.5,2500.0007745646863
18.51,2500.000765652029
18.52,2500.000756140374
18.53,2500.000746050378
18.54,2500.000735402695
18.55,2500.0007242179813
18.56,2500.000712516892
18.57,2500.0007003200794
18.58,2500.0006876482007
18.59,2500.000674521911
18.6,2500.000660961866
18.61,2500.000646988719
18.62,2500.000632623125
18.63,2500.000617885741
18.64,2500.0006027972213
18.65,2500.000587378221
18.66,2500.000571649394
18.67,2500.000555631396
18.68,2500.0005393448823
18.69,2500.000522810508
18.7,2500.000506048928
18.71,2500.0004890807973
18.72,2500.000471926772
18.73,2500.0004546075056
18.74,2500.0004371436544
18.75,2500.000419555872
18.76,2500.000401864814
18.77,2500.0003840911368
18.78,2500.0003662554936
18.79,2500.000348378541
18.8,2500.000330480933
18.81,2500.000312583325
18.82,2500.000294706372
18.83,2500.000276870729
18.84,2500.000259097052
18.85,2500.0002414059945
18.86,2500.000223818212
18.87,2500.00020635436
18.88,2500.0001890350936
18.89,2500.000171881068
18.9,2500.000154912938
18.91,2500.000138151358
18.92,2500.0001216169835
18.93,2500.000105330469
18.94,2500.000089312472
18.95,2500.0000735836456
18.96,2500.0000581646445
18.97,2500.0000430761247
18.98,2500.0000283387403
18.99,2500.000013973148
19.0,2500.0
19.01,2499.9999864358238
19.02,2499.999973280617
19.03,2499.9999605302496
19.04,2499.9999481805903
19.05,2499.9999362275075
19.06,2499.9999246668717
19.07,2499.9999134945506
19.08,2499.9999027064136
19.09,2499.999892298329
19.1,2499.999882266168
19.11,2499.999872605797
19.12,2499.9998633130867
19.13,2499.9998543839047
19.14,2499.999845814121
19.15,2499.9998375996047
19.16,2499.9998297362235
19.17,2499.9998222198483
19.18,2499.9998150463466
19.19,2499.999808211587
19.2,2499.9998017114403
19.21,2499.999795541775
19.22,2499.9997896984587
19.23,2499.9997841773616
19.24,2499.9997789743525
19.25,2499.9997740853005
19.26,2499.999769506074
19.27,2499.9997652325424
19.28,2499.9997612605744
19.29,2499.99975758604
19.3,2499.999754204807
19.31,2499.999751112745
19.32,2499.9997483057227
19.33,2499.999745779608
19.34,2499.999743530272
19.35,2499.999741553583
19.36,2499.9997398454097
19.37,2499.999738401621
19.38,2499.999737218087
19.39,2499.999736290675
19.4,2499.999735615254
19.41,2499.999735187694
19.42,2499.999735003864
19.43,2499.9997350596327
19.44,2499.9997353508693
19.45,2499.9997358734427
19.46,2499.999736623221
19.47,2499.9997375960743
19.48,2499.9997387878707
19.49,2499.9997401944806
19.5,2499.999741811772
19.51,2499.999743635613
19.52,2499.999745661875
19.53,2499.999747886424
19.54,2499.999750305132
19.55,2499.999752913865
19.56,2499.999755708495
19.57,2499.9997586848885
19.58,2499.999761838916
19.59,2499.9997651664457
19.6,2499.999768663348
19.61,2499.999772325489
19.62,2499.9997761487407
19.63,2499.99978012897
19.64,2499.999784262047
19.65,2499.999788543841
19.66,2499.99979297022
19.67,2499.999797537053
19.68,2499.99980224021
19.69,2499.999807075559
19.7,2499.9998120389696
19.71,2499.9998171263105
19.72,2499.999822333451
19.73,2499.99982765626
19.74,2499.999833090605
19.75,2499.9998386323578
19.76,2499.9998442773845
19.77,2499.999850021556
19.78,2499.9998558607413
19.79,2499.9998617908086
19.8,2499.9998678076267
19.81,2499.999873907066
19.82,2499.999880084994
19.83,2499.9998863372803
19.84,2499.999892659793
19.85,2499.9998990484028
19.86,2499.999905498977
19.87,2499.9999120073862
19.88,2499.9999185694983
19.89,2499.999925181183
19.9,2499.999931838308
19.91,2499.9999385367432
19.92,2499.999945272358
19.93,2499.99995204102
19.94,2499.9999588386
19.95,2499.9999656609657
19.96,2499.9999725039866
19.97,2499.999979363531
19.98,2499.9999862354694
19.99,2499.99999311567
20.0,2500.0
20.01,2500.0000068843315
20.02,2500.000013764531
20.03,2500.000020636469
20.04,2500.000027496013
20.05,2500.0000343390348
20.06,2500.0000411614005
20.07,2500.0000479589803
20.08,2500.0000547276427
20.09,2500.0000614632577
20.1,2500.000068161693
20.11,2500.0000748188177
20.12,2500.0000814305017
20.13,2500.0000879926138
20.14,2500.0000945010224
20.15,2500.0001009515977
20.16,2500.0001073402077
20.17,2500.0001136627207
20.18,2500.000119915007
20.19,2500.000126092935
20.2,2500.0001321923733
20.21,2500.0001382091914
20.22,2500.0001441392587
20.23,2500.0001499784435
20.24,2500.0001557226155
20.25,2500.000161367643
20.26,2500.000166909395
20.27,2500.000172343741
20.28,2500.000177666549
20.29,2500.000182873689
20.3,2500.000187961031
20.31,2500.0001929244413
20.32,2500.0001977597904
20.33,2500.0002024629466
20.34,2500.0002070297805
20.35,2500.0002114561594
20.36,2500.000215737953
20.37,2500.00021987103
20.38,2500.00022385126
20.39,2500.000227674511
20.4,2500.000231336653
20.41,2500.0002348335543
20.42,2500.0002381610843
20.43,2500.0002413151115
20.44,2500.0002442915056
20.45,2500.000247086135
20.46,2500.0002496948687
20.47,2500.0002521135766
20.48,2500.000254338126
20.49,2500.0002563643875
20.5,2500.000258188229
20.51,2500.00025980552
20.52,2500.0002612121293
20.53,2500.000262403926
20.54,2500.0002633767795
20.55,2500.000264126558
20.56,2500.000264649131
20.57,2500.0002649403677
20.58,2500.000264996136
20.59,2500.000264812305
20.6,2500.0002643847465
20.61,2500.0002637093257
20.62,2500.000262781913
20.63,2500.0002615983785
20.64,2500.00026015459
20.65,2500.000258446417
20.66,2500.000256469728
20.67,2500.000254220392
20.68,2500.000251694278
20.69,2500.000248887256
20.7,2500.0002457951937
20.71,2500.0002424139607
20.72,2500.000238739426
20.73,2500.000234767458
20.74,2500.0002304939267
20.75,2500.0002259147
20.76,2500.000221025648
20.77,2500.000215822639
20.78,2500.0002103015418
20.79,2500.0002044582257
20.8,2500.00019828856
20.81,2500.000191788413
20.82,2500.000184953654
20.83,2500.000177780152
20.84,2500.0001702637765
20.85,2500.000162400396
20.86,2500.000154185879
20.87,2500.000145616096
20.88,2500.0001366869137
20.89,2500.000127394203
20.9,2500.0001177338327
20.91,2500.0001077016705
20.92,2500.000097293587
20.93,2500.00008650545
20.94,2500.0000753331287
20.95,2500.0000637724925
20.96,2500.0000518194106
20.97,2500.000039469751
20.98,2500.000026719383
20.99,2500.0000135641767
21.0,2500.0
