wind_speed,Fuhrl√§nder LLC WTU4.5-151
1.0,0.0
1.01,0.2667572041058395
1.02,0.5232110754245681
1.03,0.7695120516611065
1.04,1.0058105705203746
1.05,1.232257069707293
1.06,1.4490019869267816
1.07,1.656195759883761
1.08,1.853988826283152
1.09,2.0425316238298747
1.1,2.2219745902288484
1.11,2.3924681631849936
1.12,2.5541627804032325
1.13,2.70720887958848
1.14,2.8517568984456645
1.15,2.9879572746797014
1.16,3.115960445995513
1.17,3.2359168500980178
1.18,3.347976924692137
1.19,3.452291107482791
1.2,3.549009836174899
1.21,3.638283548473383
1.22,3.7202626820831615
1.23,3.7950976747091567
1.24,3.862938964056288
1.25,3.9239369878294754
1.26,3.978242183733639
1.27,4.026004989473702
1.28,4.067375842754578
1.29,4.102505181281195
1.3,4.13154344275847
1.31,4.1546410648913215
1.32,4.171948485384673
1.33,4.183616141943444
1.34,4.189794472272552
1.35,4.19063391407692
1.36,4.186284905061467
1.37,4.176897882931117
1.38,4.1626232853907865
1.39,4.143611550145395
1.4,4.120013114899868
1.41,4.091978417359117
1.42,4.059657895228071
1.43,4.0232019862116495
1.44,3.9827611280147655
1.45,3.938485758342346
1.46,3.890526314899312
1.47,3.839033235390578
1.48,3.78415695752107
1.49,3.726047918995702
1.5,3.6648565575194
1.51,3.6007333107970845
1.52,3.533828616533671
1.53,3.4642929124340824
1.54,3.392276636203241
1.55,3.3179302255460663
1.56,3.241404118167475
1.57,3.1628487517723904
1.58,3.0824145640657377
1.59,3.0002519927524265
1.6,2.916511475537382
1.61,2.831343450125525
1.62,2.744898354221782
1.63,2.65732662553106
1.64,2.568778701758293
1.65,2.4794050206083904
1.66,2.389356019786276
1.67,2.298782136996875
1.68,2.2078338099451007
1.69,2.1166614763358798
1.7,2.025415573874122
1.71,1.9342465402647624
1.72,1.843304813212713
1.73,1.7527408304228924
1.74,1.66270502960022
1.75,1.5733478484496253
1.76,1.4848197246760222
1.77,1.397271095984328
1.78,1.3108524000794717
1.79,1.2257140746663655
1.8,1.1420065574499354
1.81,1.059880286135094
1.82,0.97948569842677
1.83,0.9009732320298802
1.84,0.8244933246493433
1.85,0.7501964139900874
1.86,0.6782329377570218
1.87,0.6087533336550726
1.88,0.541908039389158
1.89,0.4778474926642024
1.9,0.416722131185125
1.91,0.3586823926568367
1.92,0.3038787147842736
1.93,0.2524615352723423
1.94,0.2045812918259724
1.95,0.1603884221500795
1.96,0.1200333639495898
1.97,0.0836665549294135
1.98,0.0514384327944767
1.99,0.0234994352496915
2.0,0.0
2.01,0.0
2.02,0.0
2.03,0.0
2.04,0.0
2.05,0.0
2.06,0.0
2.07,0.0
2.08,0.0
2.09,0.0131076073431621
2.1,0.0422778688148763
2.11,0.077542507335794
2.12,0.1190519606108431
2.13,0.1669566663449213
2.14,0.221407062242978
2.15,0.2825535860099144
2.16,0.3505466753506532
2.17,0.4255367679701152
2.18,0.5076743015732319
2.19,0.5971097138649029
2.2,0.6939934425500631
2.21,0.7984759253336335
2.22,0.9107075999205314
2.23,1.0308389040156705
2.24,1.1590202753239858
2.25,1.2954021515503733
2.26,1.4401349703997717
2.27,1.5933691695771088
2.28,1.7552551867872843
2.29,1.9259434597352327
2.3,2.1055844261258763
2.31,2.2943285236641278
2.32,2.4923261900548965
2.33,2.6997278630031296
2.34,2.916683980213712
2.35,3.143344979391607
2.36,3.379861298241704
2.37,3.626383374468947
2.38,3.883061645778213
2.39,4.150046549874471
2.4,4.427488524462618
2.41,4.715538007247584
2.42,5.01434543593426
2.43,5.324061248227604
2.44,5.644835881832517
2.45,5.976819774453936
2.46,6.320163363796759
2.47,6.675017087565923
2.48,7.041531383466328
2.49,7.419856689202927
2.5,7.810143442480594
2.51,8.212542081004294
2.52,8.627203042478921
2.53,9.054276764609412
2.54,9.493913685100676
2.55,9.946264241657635
2.56,10.411478871985224
2.57,10.889708013788336
2.58,11.381102104771928
2.59,11.885811582640862
2.6,12.40398688510014
2.61,12.935778449854588
2.62,13.48133671460922
2.63,14.040812117068867
2.64,14.61435509493854
2.65,15.202116085923066
2.66,15.804245527727453
2.67,16.420893858056537
2.68,17.05221151461533
2.69,17.698348935108683
2.7,18.359456557241543
2.71,19.035684818718806
2.72,19.727184157245425
2.73,20.43410501052629
2.74,21.156597816266377
2.75,21.89481301217053
2.76,22.648901035943688
2.77,23.41901232529083
2.78,24.205297317916816
2.79,25.00790645152661
2.8,25.82699016382508
2.81,26.66269889251722
2.82,27.51518307530783
2.83,28.38459314990198
2.84,29.271079554004466
2.85,30.17479272532029
2.86,31.09588310155432
2.87,32.03450112041153
2.88,32.990797219596736
2.89,33.96492183681501
2.9,34.95702540977115
2.91,35.96725837617013
2.92,36.995771173716825
2.93,38.04271424011625
2.94,39.1082380130732
2.95,40.19249293029271
2.96,41.29562942947961
2.97,42.41779794833892
2.98,43.55914892457542
2.99,44.71983279589417
3.0,45.9
3.01,47.0997889368929
3.02,48.31928985575331
3.03,49.55858096805649
3.04,50.81774048527798
3.05,52.09684661889299
3.06,53.3959775803771
3.07,54.71521158120558
3.08,56.05462683285396
3.09,57.41430154679746
3.1,58.79431393451164
3.11,60.19474220747178
3.12,61.61566457715338
3.13,63.05715925503178
3.14,64.5193044525824
3.15,66.0021783812806
3.16,67.50585925260191
3.17,69.03042527802145
3.18,70.57595466901495
3.19,72.14252563705756
3.2,73.73021639362486
3.21,75.33910515019204
3.22,76.96927011823472
3.23,78.62078950922813
3.24,80.29374153464782
3.25,81.98820440596901
3.26,83.70425633466719
3.27,85.44197553221785
3.28,87.20144021009622
3.29,88.98272857977787
3.3,90.78591885273798
3.31,92.61108924045216
3.32,94.45831795439572
3.33,96.32768320604404
3.34,98.21926320687253
3.35,100.13313616835666
3.36,102.06938030197163
3.37,104.02807381919312
3.38,106.00929493149629
3.39,108.01312185035673
3.4,110.03963278724964
3.41,112.08890595365057
3.42,114.16101956103483
3.43,116.25605182087796
3.44,118.3740809446551
3.45,120.51518514384196
3.46,122.6794426299136
3.47,124.8669316143458
3.48,127.07773030861358
3.49,129.31191692419264
3.5,131.5695696725582
3.51,133.85076676518568
3.52,136.1555864135506
3.53,138.48410682912817
3.54,140.836406223394
3.55,143.21256280782328
3.56,145.61265479389158
3.57,148.03676039307416
3.58,150.48495781684656
3.59,152.95732527668395
3.6,155.45394098406211
3.61,157.974883150456
3.62,160.52022998734134
3.63,163.0900597061934
3.64,165.6844505184876
3.65,168.3034806356993
3.66,170.947228269304
3.67,173.6157716307769
3.68,176.30918893159367
3.69,179.0275583832294
3.7,181.7709581971598
3.71,184.53946658486
3.72,187.33316175780567
3.73,190.15212192747197
3.74,192.99642530533444
3.75,195.86615010286832
3.76,198.76137453154905
3.77,201.68217680285235
3.78,204.6286351282532
3.79,207.6008277192272
3.8,210.5988327872496
3.81,213.6227285437961
3.82,216.6725932003418
3.83,219.74850496836223
3.84,222.85054205933272
3.85,225.9787826847288
3.86,229.13330505602568
3.87,232.31418738469893
3.88,235.52150788222377
3.89,238.75534476007584
3.9,242.0157762297303
3.91,245.30288050266276
3.92,248.6167357903484
3.93,251.95742030426285
3.94,255.3250122558812
3.95,258.7195898566792
3.96,262.141231318132
3.97,265.5900148517151
3.98,269.06601866890384
3.99,272.5693209811738
4.0,276.1
4.01,279.65810693913323
4.02,283.24358502142377
4.03,286.85635047199736
4.04,290.4963195159789
4.05,294.1634083784942
4.06,297.8575332846687
4.07,301.5786104596282
4.08,305.3265561284975
4.09,309.1012865164023
4.1,312.9027178484683
4.11,316.7307663498209
4.12,320.58534824558546
4.13,324.46637976088726
4.14,328.37377712085214
4.15,332.3074565506056
4.16,336.2673342752726
4.17,340.2533265199789
4.18,344.26534950985
4.19,348.3033194700116
4.2,352.3671526255886
4.21,356.4567652017068
4.22,360.57207342349153
4.23,364.7129935160688
4.24,368.8794417045632
4.25,373.0713342141006
4.26,377.2885872698066
4.27,381.5311170968064
4.28,385.7988399202261
4.29,390.0916719651903
4.3,394.4095294568247
4.31,398.7523286202551
4.32,403.119985680607
4.33,407.5124168630053
4.34,411.9295383925757
4.35,416.37126649444383
4.36,420.8375173937355
4.37,425.32820731557536
4.38,429.8432524850893
4.39,434.3825691274027
4.4,438.9460734676415
4.41,443.5336817309304
4.42,448.1453101423951
4.43,452.7808749271613
4.44,457.4402923103547
4.45,462.1234785171
4.46,466.8303497725231
4.47,471.5608223017493
4.48,476.3148123299047
4.49,481.09223608211386
4.5,485.89300978350246
4.51,490.7170496591965
4.52,495.5642719343208
4.53,500.4345928340016
4.54,505.32792858336353
4.55,510.2441954075324
4.56,515.1833095316337
4.57,520.1451871807932
4.58,525.1297445801356
4.59,530.1368979547868
4.6,535.1665635298724
4.61,540.218657530518
4.62,545.2930961818486
4.63,550.3897957089896
4.64,555.508672337067
4.65,560.6496422912062
4.66,565.8126217965321
4.67,570.9975270781704
4.68,576.2042743612468
4.69,581.432779870887
4.7,586.6829598322157
4.71,591.9547304703588
4.72,597.2480080104417
4.73,602.5627086775905
4.74,607.8987486969295
4.75,613.2560442935848
4.76,618.6345116926816
4.77,624.0340671193458
4.78,629.454626798703
4.79,634.8961069558777
4.8,640.3584238159958
4.81,645.8414936041834
4.82,651.3452325455655
4.83,656.8695568652676
4.84,662.4143827884146
4.85,667.9796265401327
4.86,673.5652043455476
4.87,679.1710324297837
4.88,684.7970270179673
4.89,690.4431043352233
4.9,696.1091806066783
4.91,701.7951720574563
4.92,707.5009949126835
4.93,713.2265653974853
4.94,718.9717997369876
4.95,724.7366141563148
4.96,730.5209248805932
4.97,736.3246481349481
4.98,742.147700144505
4.99,747.9899971343891
5.0,753.8514553297262
5.01,759.7319909556411
5.02,765.63152023726
5.03,771.5499593997088
5.04,777.4872246681116
5.05,783.4432322675946
5.06,789.4178984232833
5.07,795.4111393603034
5.08,801.4228713037797
5.09,807.453010478838
5.1,813.5014731106037
5.11,819.5681754242029
5.12,825.65303364476
5.13,831.7559639974012
5.14,837.8768827072513
5.15,844.0157059994372
5.16,850.1723500990825
5.17,856.3467312313135
5.18,862.5387656212557
5.19,868.7483694940352
5.2,874.9754590747764
5.21,881.2199505886051
5.22,887.4817602606468
5.23,893.7608043160276
5.24,900.0569989798717
5.25,906.3702604773052
5.26,912.700505033454
5.27,919.0476488734428
5.28,925.411608222398
5.29,931.792299305444
5.3,938.1896383477068
5.31,944.603541574312
5.32,951.0339252103852
5.33,957.4807054810516
5.34,963.9437986114358
5.35,970.4231208266644
5.36,976.9185883518631
5.37,983.4301174121564
5.38,989.95762423267
5.39,996.5010250385292
5.4,1003.0602360548612
5.41,1009.6351735067892
5.42,1016.225753619439
5.43,1022.8318926179372
5.44,1029.453506727409
5.45,1036.0905121729788
5.46,1042.742825179773
5.47,1049.410361972917
5.48,1056.0930387775363
5.49,1062.790771818756
5.5,1069.5034773217017
5.51,1076.2310715114988
5.52,1082.973470613273
5.53,1089.73059085215
5.54,1096.5023484532544
5.55,1103.288659641712
5.56,1110.0894406426487
5.57,1116.9046076811903
5.58,1123.7340769824607
5.59,1130.5777647715868
5.6,1137.4355872736935
5.61,1144.3074607139067
5.62,1151.1933013173514
5.63,1158.0930253091526
5.64,1165.0065489144365
5.65,1171.9337883583294
5.66,1178.874659865955
5.67,1185.8290796624394
5.68,1192.796963972908
5.69,1199.7782290224873
5.7,1206.7727910363014
5.71,1213.7805662394765
5.72,1220.8014708571377
5.73,1227.835421114411
5.74,1234.8823332364211
5.75,1241.9421234482938
5.76,1249.0147079751544
5.77,1256.100003042129
5.78,1263.197924874343
5.79,1270.308389696921
5.8,1277.4313137349889
5.81,1284.566613213672
5.82,1291.7142043580973
5.83,1298.8740033933875
5.84,1306.0459265446702
5.85,1313.2298900370702
5.86,1320.4258100957134
5.87,1327.633602945724
5.88,1334.8531848122284
5.89,1342.084471920352
5.9,1349.327380495221
5.91,1356.5818267619593
5.92,1363.8477269456928
5.93,1371.1249972715475
5.94,1378.41355396465
5.95,1385.713313250123
5.96,1393.0241913530938
5.97,1400.3461044986875
5.98,1407.67896891203
5.99,1415.0227008182455
6.0,1422.3772164424604
6.01,1429.7424320098005
6.02,1437.11826374539
6.03,1444.5046278743564
6.04,1451.901440621823
6.05,1459.308618212916
6.06,1466.726076872761
6.07,1474.153732826485
6.08,1481.5915022992108
6.09,1489.0393015160648
6.1,1496.4970467021728
6.11,1503.9646540826611
6.12,1511.4420398826533
6.13,1518.9291203272758
6.14,1526.4258116416545
6.15,1533.9320300509144
6.16,1541.4476917801808
6.17,1548.9727130545791
6.18,1556.5070100992352
6.19,1564.050499139275
6.2,1571.6030963998228
6.21,1579.1647181060043
6.22,1586.7352804829457
6.23,1594.3146997557724
6.24,1601.9028921496088
6.25,1609.499773889581
6.26,1617.1052612008143
6.27,1624.7192703084352
6.28,1632.3417174375686
6.29,1639.9725188133389
6.3,1647.611590660873
6.31,1655.2588492052955
6.32,1662.914210671732
6.33,1670.5775912853085
6.34,1678.2489072711492
6.35,1685.928074854381
6.36,1693.6150102601289
6.37,1701.3096297135182
6.38,1709.011849439674
6.39,1716.7215856637222
6.4,1724.4387546107891
6.41,1732.1632725059983
6.42,1739.8950555744764
6.43,1747.634020041349
6.44,1755.3800821317411
6.45,1763.1331580707788
6.46,1770.8931640835867
6.47,1778.6600163952903
6.48,1786.4336312310168
6.49,1794.2139248158892
6.5,1802.0008133750337
6.51,1809.7942131335767
6.52,1817.5940403166437
6.53,1825.400211149359
6.54,1833.212641856849
6.55,1841.0312486642376
6.56,1848.8559477966523
6.57,1856.686655479218
6.58,1864.52328793706
6.59,1872.3657613953023
6.6,1880.2139920790728
6.61,1888.0678962134969
6.62,1895.9273900236972
6.63,1903.7923897348012
6.64,1911.662811571935
6.65,1919.538571760224
6.66,1927.4195865247912
6.67,1935.305772090764
6.68,1943.197044683268
6.69,1951.093320527429
6.7,1958.9945158483708
6.71,1966.90054687122
6.72,1974.811329821102
6.73,1982.726780923142
6.74,1990.646816402466
6.75,1998.5713524841983
6.76,2006.500305393466
6.77,2014.4335913553928
6.78,2022.3711265951065
6.79,2030.31282733773
6.8,2038.25860980839
6.81,2046.208390232212
6.82,2054.1620848343223
6.83,2062.119609839844
6.84,2070.0808814739044
6.85,2078.0458159616283
6.86,2086.014329528142
6.87,2093.98633839857
6.88,2101.9617587980374
6.89,2109.9405069516715
6.9,2117.9224990845964
6.91,2125.9076514219378
6.92,2133.8958801888207
6.93,2141.8871016103712
6.94,2149.8812319117155
6.95,2157.8781873179773
6.96,2165.8778840542827
6.97,2173.880238345758
6.98,2181.885166417528
6.99,2189.892584494718
7.0,2197.902408802453
7.01,2205.91455556586
7.02,2213.928941010063
7.03,2221.945481360189
7.04,2229.964092841363
7.05,2237.9846916787083
7.06,2246.007194097353
7.07,2254.0315163224222
7.08,2262.05757457904
7.09,2270.0852850923325
7.1,2278.1145640874256
7.11,2286.1453277894448
7.12,2294.177492423515
7.13,2302.2109742147613
7.14,2310.2456893883104
7.15,2318.281554169288
7.16,2326.318484782817
7.17,2334.356397454026
7.18,2342.395208408038
7.19,2350.43483386998
7.2,2358.4751900649767
7.21,2366.516193218154
7.22,2374.5577595546374
7.23,2382.599805299553
7.24,2390.642246678024
7.25,2398.684999915178
7.26,2406.7279812361385
7.27,2414.7711068660333
7.28,2422.814293029987
7.29,2430.857455953125
7.3,2438.9005118605714
7.31,2446.943376977454
7.32,2454.985967528897
7.33,2463.0281997400257
7.34,2471.069989835966
7.35,2479.111254041843
7.36,2487.151908582783
7.37,2495.1918696839107
7.38,2503.2310535703514
7.39,2511.2693764672304
7.4,2519.3067545996755
7.41,2527.343104192809
7.42,2535.3783414717573
7.43,2543.4123826616465
7.44,2551.445143987602
7.45,2559.476541674749
7.46,2567.5064919482134
7.47,2575.5349110331204
7.48,2583.561715154595
7.49,2591.586820537763
7.5,2599.610143407749
7.51,2607.6315999896806
7.52,2615.651106508682
7.53,2623.668579189879
7.54,2631.683934258396
7.55,2639.69708793936
7.56,2647.707956457894
7.57,2655.7164560391266
7.58,2663.722502908181
7.59,2671.7260132901843
7.6,2679.72690341026
7.61,2687.7250894935364
7.62,2695.720487765137
7.63,2703.7130144501866
7.64,2711.7025857738117
7.65,2719.689117961138
7.66,2727.67252723729
7.67,2735.6527298273945
7.68,2743.629641956576
7.69,2751.6031798499607
7.7,2759.5732597326723
7.71,2767.539797829839
7.72,2775.502710366584
7.73,2783.4619135680346
7.74,2791.4173236593138
7.75,2799.3688568655493
7.76,2807.316429411865
7.77,2815.259957523388
7.78,2823.1993574252424
7.79,2831.1345453425547
7.8,2839.0654375004488
7.81,2846.991950124052
7.82,2854.9139994384896
7.83,2862.8315016688857
7.84,2870.7443730403656
7.85,2878.6525297780568
7.86,2886.555888107084
7.87,2894.4543642525714
7.88,2902.347874439645
7.89,2910.236334893431
7.9,2918.1196618390554
7.91,2925.997771501642
7.92,2933.8705801063165
7.93,2941.738003878205
7.94,2949.599959042433
7.95,2957.4563618241264
7.96,2965.30712844841
7.97,2973.1521751404075
7.98,2980.9914181252493
7.99,2988.8247736280555
8.0,2996.6521578739544
8.01,3004.473487088071
8.02,3012.28867749553
8.03,3020.097645321457
8.04,3027.90030679098
8.05,3035.696578129222
8.06,3043.4863755613083
8.07,3051.269615312364
8.08,3059.046213607517
8.09,3066.81608667189
8.1,3074.5791507306108
8.11,3082.335322008803
8.12,3090.084516731593
8.13,3097.826651124108
8.14,3105.56164141147
8.15,3113.289403818806
8.16,3121.0098545712417
8.17,3128.7229098939024
8.18,3136.4284860119133
8.19,3144.1264991504004
8.2,3151.8168655344884
8.21,3159.499501389305
8.22,3167.174322939973
8.23,3174.841246411618
8.24,3182.5001880293667
8.25,3190.151064018344
8.26,3197.7937906036764
8.27,3205.4282840104865
8.28,3213.054460463903
8.29,3220.6722361890497
8.3,3228.2815274110544
8.31,3235.8822503550387
8.32,3243.47432124613
8.33,3251.0576563094537
8.34,3258.632171770136
8.35,3266.1977838533003
8.36,3273.7544087840747
8.37,3281.301962787583
8.38,3288.840362088952
8.39,3296.369522913305
8.4,3303.889361485769
8.41,3311.3997940314684
8.42,3318.9007367755303
8.43,3326.3921059430786
8.44,3333.87381775924
8.45,3341.345788449139
8.46,3348.8079342379037
8.47,3356.260171350656
8.48,3363.702416012521
8.49,3371.134584448627
8.5,3378.556592884097
8.51,3385.9683575440604
8.52,3393.3697946536377
8.53,3400.7608204379585
8.54,3408.1413511221454
8.55,3415.511302931326
8.56,3422.870592090624
8.57,3430.2191348251654
8.58,3437.556847360076
8.59,3444.8836459204813
8.6,3452.199446731506
8.61,3459.5041660182765
8.62,3466.7977200059177
8.63,3474.080024919556
8.64,3481.350996984316
8.65,3488.610552425323
8.66,3495.8586074677023
8.67,3503.09507833658
8.68,3510.319881257081
8.69,3517.532932454332
8.7,3524.7341481534563
8.71,3531.923444579584
8.72,3539.100737957834
8.73,3546.265944513336
8.74,3553.4189804712146
8.75,3560.559762056594
8.76,3567.688205494602
8.77,3574.8042270103624
8.78,3581.907742829001
8.79,3588.998669175644
8.8,3596.076922275417
8.81,3603.1424183534423
8.82,3610.1950736348495
8.83,3617.234804344763
8.84,3624.2615267083056
8.85,3631.275156950605
8.86,3638.2756112967872
8.87,3645.262805971977
8.88,3652.2366572013007
8.89,3659.1970812098816
8.9,3666.143994222847
8.91,3673.077312465321
8.92,3679.99695216243
8.93,3686.902829539299
8.94,3693.7948608210554
8.95,3700.67296223282
8.96,3707.537049999725
8.97,3714.387040346889
8.98,3721.2228494994415
8.99,3728.044393682508
9.0,3734.851589121212
9.01,3741.6443520406806
9.02,3748.422598666039
9.03,3755.1862452224095
9.04,3761.935207934924
9.05,3768.669403028704
9.06,3775.388746728875
9.07,3782.0931552605616
9.08,3788.78254484889
9.09,3795.4568317189887
9.1,3802.1159320959778
9.11,3808.759762204987
9.12,3815.38823827114
9.13,3822.0012765195634
9.14,3828.598793175381
9.15,3835.180704463719
9.16,3841.746926609703
9.17,3848.297375838458
9.18,3854.831968375111
9.19,3861.350620444786
9.2,3867.853248272608
9.21,3874.339768083705
9.22,3880.8100961032
9.23,3887.264148556218
9.24,3893.701841667887
9.25,3900.1230916633313
9.26,3906.5278147676745
9.27,3912.9159272060456
9.28,3919.2873452035674
9.29,3925.6419849853655
9.3,3931.979762776568
9.31,3938.3005948022974
9.32,3944.604397287681
9.33,3950.8910864578415
9.34,3957.160578537907
9.35,3963.412789753004
9.36,3969.6476363282536
9.37,3975.8650344887856
9.38,3982.064900459725
9.39,3988.2471504661935
9.4,3994.41170073332
9.41,4000.558467486229
9.42,4006.6873669500455
9.43,4012.798315349896
9.44,4018.8912289109057
9.45,4024.9660238582
9.46,4031.022616416904
9.47,4037.060922812144
9.48,4043.080859269044
9.49,4049.082342012731
9.5,4055.065287268328
9.51,4061.029611260964
9.52,4066.975230215761
9.53,4072.902060357848
9.54,4078.810017912348
9.55,4084.699019104388
9.56,4090.56898015909
9.57,4096.419817301584
9.58,4102.251446756993
9.59,4108.063784750442
9.6,4113.85674750706
9.61,4119.630251251966
9.62,4125.384212210292
9.63,4131.118546607161
9.64,4136.833170667696
9.65,4142.528000617027
9.66,4148.202952680276
9.67,4153.85794308257
9.68,4159.492888049033
9.69,4165.107703804793
9.7,4170.702306574974
9.71,4176.276612584703
9.72,4181.8305380591
9.73,4187.3639992232975
9.74,4192.876912302418
9.75,4198.369193521585
9.76,4203.840759105926
9.77,4209.291525280567
9.78,4214.721408270633
9.79,4220.130324301247
9.8,4225.51818959754
9.81,4230.884920384633
9.82,4236.230432887653
9.83,4241.554643331723
9.84,4246.857467941973
9.85,4252.138822943524
9.86,4257.398624561503
9.87,4262.636789021038
9.88,4267.853232547253
9.89,4273.04787136527
9.9,4278.220621700219
9.91,4283.371399777225
9.92,4288.50012182141
9.93,4293.606704057903
9.94,4298.691062711827
9.95,4303.753114008309
9.96,4308.792774172475
9.97,4313.80995942945
9.98,4318.804586004359
9.99,4323.776570122325
10.0,4328.725828008479
10.01,4333.65227588794
10.02,4338.555829985839
10.03,4343.4364065272985
10.04,4348.293921737446
10.05,4353.128291841407
10.06,4357.939433064303
10.07,4362.727261631264
10.08,4367.491693767412
10.09,4372.232645697875
10.1,4376.950033647778
10.11,4381.6437738422455
10.12,4386.313782506404
10.13,4390.9599758653785
10.14,4395.582270144295
10.15,4400.180581568277
10.16,4404.754826362452
10.17,4409.304920751945
10.18,4413.830780961881
10.19,4418.332323217386
10.2,4422.809463743585
10.21,4427.262118765605
10.22,4431.690204508568
10.23,4436.093637197603
10.24,4440.4723330578345
10.25,4444.826208314387
10.26,4449.155179192387
10.27,4453.459161916957
10.28,4457.738072713228
10.29,4461.9918278063205
10.3,4466.220343421364
10.31,4470.4235357834805
10.32,4474.601321117796
10.33,4478.753615649439
10.34,4482.880335603531
10.35,4486.981397205199
10.36,4491.05671667957
10.37,4495.106210251766
10.38,4499.129794146918
10.39,4503.127384590146
10.4,4507.098897806577
10.41,4511.044250021338
10.42,4514.963357459554
10.43,4518.856136346348
10.44,4522.722502906849
10.45,4526.56237336618
10.46,4530.375663949469
10.47,4534.162290881837
10.48,4537.922170388414
10.49,4541.655218694324
10.5,4545.361352024691
10.51,4549.040486604642
10.52,4552.692538659302
10.53,4556.317424413796
10.54,4559.915060093252
10.55,4563.485361922792
10.56,4567.028246127544
10.57,4570.543628932632
10.58,4574.031426563181
10.59,4577.491555244318
10.6,4580.923931201167
10.61,4584.328470658856
10.62,4587.705089842508
10.63,4591.053704977249
10.64,4594.374232288205
10.65,4597.666588000501
10.66,4600.930688339262
10.67,4604.166449529615
10.68,4607.373787796684
10.69,4610.552619365594
10.7,4613.7028604614725
10.71,4616.824427309445
10.72,4619.917236134634
10.73,4622.981203162168
10.74,4626.016244617171
10.75,4629.022276724769
10.76,4631.999215710086
10.77,4634.94697779825
10.78,4637.865479214385
10.79,4640.754636183617
10.8,4643.614364931071
10.81,4646.444581681872
10.82,4649.245202661146
10.83,4652.016144094018
10.84,4654.757322205615
10.85,4657.468653221062
10.86,4660.150053365482
10.87,4662.801438864004
10.88,4665.422725941751
10.89,4668.013830823849
10.9,4670.574669735424
10.91,4673.1051589016015
10.92,4675.605214547507
10.93,4678.074752898265
10.94,4680.513690179003
10.95,4682.921942614843
10.96,4685.299426430913
10.97,4687.646057852338
10.98,4689.961753104245
10.99,4692.246428411757
11.0,4694.5
11.01,4696.722435694869
11.02,4698.913909725338
11.03,4701.074647921147
11.04,4703.20487611204
11.05,4705.304820127758
11.06,4707.374705798043
11.07,4709.414758952638
11.08,4711.425205421284
11.09,4713.406271033723
11.1,4715.358181619699
11.11,4717.281163008954
11.12,4719.175441031228
11.13,4721.041241516263
11.14,4722.878790293803
11.15,4724.688313193589
11.16,4726.470036045364
11.17,4728.224184678868
11.18,4729.950984923847
11.19,4731.650662610038
11.2,4733.323443567188
11.21,4734.969553625037
11.22,4736.589218613326
11.23,4738.182664361798
11.24,4739.750116700197
11.25,4741.291801458262
11.26,4742.807944465736
11.27,4744.298771552363
11.28,4745.764508547882
11.29,4747.205381282038
11.3,4748.6216155845705
11.31,4750.013437285224
11.32,4751.38107221374
11.33,4752.72474619986
11.34,4754.044685073324
11.35,4755.341114663879
11.36,4756.614260801264
11.37,4757.86434931522
11.38,4759.091606035494
11.39,4760.296256791823
11.4,4761.478527413951
11.41,4762.63864373162
11.42,4763.776831574571
11.43,4764.893316772549
11.44,4765.988325155293
11.45,4767.062082552547
11.46,4768.114814794052
11.47,4769.146747709551
11.48,4770.158107128787
11.49,4771.149118881498
11.5,4772.120008797431
11.51,4773.071002706326
11.52,4774.002326437925
11.53,4774.91420582197
11.54,4775.8068666882045
11.55,4776.680534866367
11.56,4777.535436186204
11.57,4778.371796477456
11.58,4779.189841569863
11.59,4779.989797293169
11.6,4780.77188947712
11.61,4781.536343951449
11.62,4782.283386545905
11.63,4783.013243090229
11.64,4783.726139414162
11.65,4784.422301347447
11.66,4785.101954719824
11.67,4785.765325361039
11.68,4786.412639100829
11.69,4787.04412176894
11.7,4787.659999195113
11.71,4788.260497209091
11.72,4788.845841640615
11.73,4789.416258319428
11.74,4789.97197307527
11.75,4790.513211737885
11.76,4791.040200137016
11.77,4791.553164102402
11.78,4792.052329463788
11.79,4792.537922050915
11.8,4793.010167693524
11.81,4793.469292221359
11.82,4793.9155214641605
11.83,4794.349081251671
11.84,4794.770197413634
11.85,4795.179095779791
11.86,4795.576002179884
11.87,4795.961142443653
11.88,4796.334742400844
11.89,4796.697027881195
11.9,4797.048224714451
11.91,4797.388558730354
11.92,4797.718255758644
11.93,4798.037541629066
11.94,4798.346642171358
11.95,4798.645783215267
11.96,4798.935190590531
11.97,4799.215090126895
11.98,4799.4857076541
11.99,4799.747269001888
12.0,4800.0
12.01,4800.24410702338
12.02,4800.479718627765
12.03,4800.706943914094
12.04,4800.925891983303
12.05,4801.136671936331
12.06,4801.33939287412
12.07,4801.5341638976015
12.08,4801.721094107718
12.09,4801.900292605406
12.1,4802.071868491605
12.11,4802.235930867249
12.12,4802.392588833281
12.13,4802.541951490637
12.14,4802.684127940254
12.15,4802.819227283073
12.16,4802.947358620031
12.17,4803.068631052063
12.18,4803.18315368011
12.19,4803.291035605111
12.2,4803.392385928001
12.21,4803.48731374972
12.22,4803.575928171205
12.23,4803.658338293396
12.24,4803.734653217229
12.25,4803.804982043644
12.26,4803.869433873578
12.27,4803.928117807967
12.28,4803.981142947752
12.29,4804.028618393871
12.3,4804.070653247261
12.31,4804.10735660886
12.32,4804.138837579606
12.33,4804.165205260439
12.34,4804.186568752295
12.35,4804.20303715611
12.36,4804.214719572828
12.37,4804.221725103382
12.38,4804.224162848712
12.39,4804.222141909756
12.4,4804.215771387453
12.41,4804.205160382738
12.42,4804.190417996554
12.43,4804.171653329834
12.44,4804.1489754835175
12.45,4804.122493558544
12.46,4804.092316655851
12.47,4804.058553876377
12.48,4804.0213143210585
12.49,4803.980707090835
12.5,4803.936841286644
12.51,4803.889826009424
12.52,4803.839770360113
12.53,4803.786783439648
12.54,4803.730974348969
12.55,4803.672452189011
12.56,4803.611326060715
12.57,4803.547705065019
12.58,4803.481698302859
12.59,4803.413414875175
12.6,4803.342963882905
12.61,4803.2704544269845
12.62,4803.195995608355
12.63,4803.119696527952
12.64,4803.041666286716
12.65,4802.9620139855815
12.66,4802.88084872549
12.67,4802.798279607378
12.68,4802.7144157321845
12.69,4802.629366200846
12.7,4802.543240114302
12.71,4802.456146573489
12.72,4802.368194679347
12.73,4802.279493532814
12.74,4802.190152234826
12.75,4802.100279886322
12.76,4802.009985588242
12.77,4801.919378441522
12.78,4801.8285675471
12.79,4801.737662005915
12.8,4801.646770918905
12.81,4801.556003387006
12.82,4801.46546851116
12.83,4801.375275392302
12.84,4801.28553313137
12.85,4801.196350829305
12.86,4801.10783758704
12.87,4801.020102505519
12.88,4800.933254685676
12.89,4800.847403228451
12.9,4800.762657234781
12.91,4800.679125805604
12.92,4800.59691804186
12.93,4800.516143044484
12.94,4800.436909914417
12.95,4800.359327752594
12.96,4800.283505659954
12.97,4800.209552737439
12.98,4800.137578085982
12.99,4800.0676908065225
13.0,4800.0
13.01,4799.934591711613
13.02,4799.871459763604
13.03,4799.810574922483
13.04,4799.751907954752
13.05,4799.695429626918
13.06,4799.6411107054855
13.07,4799.588921956961
13.08,4799.538834147849
13.09,4799.490818044656
13.1,4799.44484441389
13.11,4799.400884022052
13.12,4799.358907635652
13.13,4799.318886021192
13.14,4799.28078994518
13.15,4799.244590174121
13.16,4799.21025747452
13.17,4799.177762612883
13.18,4799.147076355715
13.19,4799.118169469522
13.2,4799.091012720813
13.21,4799.065576876087
13.22,4799.041832701855
13.23,4799.0197509646205
13.24,4798.999302430891
13.25,4798.980457867167
13.26,4798.96318803996
13.27,4798.947463715773
13.28,4798.933255661112
13.29,4798.9205346424815
13.3,4798.90927142639
13.31,4798.89943677934
13.32,4798.891001467838
13.33,4798.88393625839
13.34,4798.878211917502
13.35,4798.873799211681
13.36,4798.87066890743
13.37,4798.868791771253
13.38,4798.868138569661
13.39,4798.868680069156
13.4,4798.870387036244
13.41,4798.87323023743
13.42,4798.877180439222
13.43,4798.882208408124
13.44,4798.888284910642
13.45,4798.895380713281
13.46,4798.903466582548
13.47,4798.912513284947
13.48,4798.922491586984
13.49,4798.933372255165
13.5,4798.945126055995
13.51,4798.957723755981
13.52,4798.971136121629
13.53,4798.985333919442
13.54,4799.000287915927
13.55,4799.015968877591
13.56,4799.032347570937
13.57,4799.049394762473
13.58,4799.067081218703
13.59,4799.085377706132
13.6,4799.104254991269
13.61,4799.123683840617
13.62,4799.14363502068
13.63,4799.164079297967
13.64,4799.184987438983
13.65,4799.206330210232
13.66,4799.228078378221
13.67,4799.250202709454
13.68,4799.272673970439
13.69,4799.29546292768
13.7,4799.318540347684
13.71,4799.341876996953
13.72,4799.365443641997
13.73,4799.389211049321
13.74,4799.413149985428
13.75,4799.437231216825
13.76,4799.461425510019
13.77,4799.485703631513
13.78,4799.510036347815
13.79,4799.53439442543
13.8,4799.558748630863
13.81,4799.583069730618
13.82,4799.6073284912045
13.83,4799.631495679125
13.84,4799.655542060888
13.85,4799.679438402995
13.86,4799.703155471955
13.87,4799.726664034272
13.88,4799.749934856453
13.89,4799.772938705003
13.9,4799.795646346426
13.91,4799.818028547232
13.92,4799.840056073922
13.93,4799.861699693003
13.94,4799.882930170981
13.95,4799.903718274361
13.96,4799.9240347696505
13.97,4799.943850423353
13.98,4799.963136001975
13.99,4799.981862272022
14.0,4800.0
14.01,4800.017526130169
14.02,4800.034442317815
14.03,4800.050756395976
14.04,4800.066476197691
14.05,4800.081609556
14.06,4800.0961643039445
14.07,4800.11014827456
14.08,4800.123569300888
14.09,4800.136435215968
14.1,4800.148753852839
14.11,4800.160533044542
14.12,4800.171780624113
14.13,4800.182504424596
14.14,4800.192712279027
14.15,4800.202412020446
14.16,4800.211611481895
14.17,4800.220318496408
14.18,4800.22854089703
14.19,4800.236286516798
14.2,4800.243563188752
14.21,4800.250378745931
14.22,4800.256741021374
14.23,4800.262657848121
14.24,4800.268137059214
14.25,4800.273186487688
14.26,4800.277813966583
14.27,4800.282027328942
14.28,4800.285834407802
14.29,4800.289243036203
14.3,4800.292261047183
14.31,4800.294896273783
14.32,4800.2971565490425
14.33,4800.299049706
14.34,4800.300583577697
14.35,4800.301765997169
14.36,4800.302604797459
14.37,4800.303107811605
14.38,4800.303282872646
14.39,4800.303137813624
14.4,4800.302680467576
14.41,4800.301918667542
14.42,4800.300860246562
14.43,4800.299513037674
14.44,4800.297884873919
14.45,4800.295983588335
14.46,4800.293817013962
14.47,4800.2913929838405
14.48,4800.288719331009
14.49,4800.285803888507
14.5,4800.282654489374
14.51,4800.27927896665
14.52,4800.275685153374
14.53,4800.271880882585
14.54,4800.267873987324
14.55,4800.263672300627
14.56,4800.259283655538
14.57,4800.254715885092
14.58,4800.249976822332
14.59,4800.245074300296
14.6,4800.2400161520245
14.61,4800.234810210553
14.62,4800.229464308926
14.63,4800.22398628018
14.64,4800.218383957356
14.65,4800.212665173493
14.66,4800.20683776163
14.67,4800.200909554805
14.68,4800.1948883860605
14.69,4800.188782088435
14.7,4800.182598494966
14.71,4800.176345438694
14.72,4800.170030752661
14.73,4800.163662269903
14.74,4800.157247823461
14.75,4800.1507952463735
14.76,4800.144312371682
14.77,4800.137807032424
14.78,4800.131287061638
14.79,4800.124760292367
14.8,4800.118234557647
14.81,4800.11171769052
14.82,4800.105217524023
14.83,4800.098741891197
14.84,4800.092298625083
14.85,4800.085895558716
14.86,4800.079540525139
14.87,4800.073241357391
14.88,4800.06700588851
14.89,4800.0608419515365
14.9,4800.05475737951
14.91,4800.048760005469
14.92,4800.042857662456
14.93,4800.037058183509
14.94,4800.031369401663
14.95,4800.025799149962
14.96,4800.020355261445
14.97,4800.015045569151
14.98,4800.009877906119
14.99,4800.0048601053895
15.0,4800.0
15.01,4799.995303767708
15.02,4799.990770965134
15.03,4799.986399493614
15.04,4799.982187254484
15.05,4799.978132149081
15.06,4799.974232078742
15.07,4799.970484944803
15.08,4799.966888648601
15.09,4799.963441091471
15.1,4799.960140174753
15.11,4799.9569837997815
15.12,4799.953969867895
15.13,4799.951096280425
15.14,4799.948360938713
15.15,4799.945761744095
15.16,4799.943296597906
15.17,4799.940963401484
15.18,4799.938760056164
15.19,4799.936684463284
15.2,4799.93473452418
15.21,4799.932908140188
15.22,4799.931203212646
15.23,4799.929617642891
15.24,4799.928149332256
15.25,4799.9267961820815
15.26,4799.925556093704
15.27,4799.924426968458
15.28,4799.92340670768
15.29,4799.922493212707
15.3,4799.92168438488
15.31,4799.920978125529
15.32,4799.920372335993
15.33,4799.919864917609
15.34,4799.919453771715
15.35,4799.9191367996455
15.36,4799.918911902737
15.37,4799.918776982328
15.38,4799.918729939753
15.39,4799.91876867635
15.4,4799.918891093456
15.41,4799.919095092405
15.42,4799.9193785745365
15.43,4799.919739441186
15.44,4799.92017559369
15.45,4799.920684933384
15.46,4799.921265361608
15.47,4799.921914779694
15.48,4799.922631088983
15.49,4799.923412190808
15.5,4799.924255986507
15.51,4799.925160377419
15.52,4799.926123264878
15.53,4799.927142550219
15.54,4799.928216134782
15.55,4799.929341919902
15.56,4799.930517806916
15.57,4799.93174169716
15.58,4799.93301149197
15.59,4799.934325092686
15.6,4799.935680400641
15.61,4799.9370753171725
15.62,4799.938507743617
15.63,4799.939975581312
15.64,4799.941476731595
15.65,4799.943009095799
15.66,4799.944570575266
15.67,4799.946159071326
15.68,4799.9477724853205
15.69,4799.949408718585
15.7,4799.951065672455
15.71,4799.952741248267
15.72,4799.95443334736
15.73,4799.956139871068
15.74,4799.957858720729
15.75,4799.959587797679
15.76,4799.961325003256
15.77,4799.963068238794
15.78,4799.964815405632
15.79,4799.966564405106
15.8,4799.968313138552
15.81,4799.970059507305
15.82,4799.971801412706
15.83,4799.973536756086
15.84,4799.975263438788
15.85,4799.976979362144
15.86,4799.978682427491
15.87,4799.980370536167
15.88,4799.982041589508
15.89,4799.983693488851
15.9,4799.985324135531
15.91,4799.986931430887
15.92,4799.9885132762565
15.93,4799.990067572971
15.94,4799.991592222372
15.95,4799.993085125793
15.96,4799.994544184572
15.97,4799.995967300046
15.98,4799.997352373551
15.99,4799.998697306423
16.0,4800.0
16.01,4800.001258798997
16.02,4800.00247382165
16.03,4800.003645629571
16.04,4800.004774784376
16.05,4800.005861847679
16.06,4800.006907381094
16.07,4800.0079119462325
16.08,4800.008876104711
16.09,4800.0098004181455
16.1,4800.010685448148
16.11,4800.011531756331
16.12,4800.012339904313
16.13,4800.013110453704
16.14,4800.0138439661205
16.15,4800.014541003176
16.16,4800.015202126485
16.17,4800.01582789766
16.18,4800.016418878317
16.19,4800.01697563007
16.2,4800.017498714532
16.21,4800.017988693317
16.22,4800.018446128042
16.23,4800.018871580319
16.24,4800.019265611761
16.25,4800.019628783984
16.26,4800.0199616586015
16.27,4800.020264797228
16.28,4800.020538761478
16.29,4800.020784112964
16.3,4800.021001413303
16.31,4800.021191224105
16.32,4800.021354106988
16.33,4800.021490623563
16.34,4800.021601335448
16.35,4800.021686804254
16.36,4800.021747591596
16.37,4800.021784259087
16.38,4800.021797368344
16.39,4800.021787480979
16.4,4800.021755158607
16.41,4800.021700962841
16.42,4800.021625455297
16.43,4800.021529197587
16.44,4800.021412751328
16.45,4800.021276678132
16.46,4800.021121539613
16.47,4800.020947897385
16.48,4800.020756313064
16.49,4800.020547348263
16.5,4800.020321564595
16.51,4800.020079523677
16.52,4800.01982178712
16.53,4800.01954891654
16.54,4800.019261473552
16.55,4800.018960019767
16.56,4800.018645116802
16.57,4800.018317326272
16.58,4800.017977209786
16.59,4800.017625328964
16.6,4800.0172622454165
16.61,4800.01688852076
16.62,4800.016504716606
16.63,4800.01611139457
16.64,4800.015709116267
16.65,4800.015298443311
16.66,4800.014879937315
16.67,4800.014454159894
16.68,4800.01402167266
16.69,4800.013583037231
16.7,4800.013138815219
16.71,4800.012689568237
16.72,4800.012235857901
16.73,4800.011778245826
16.74,4800.011317293624
16.75,4800.010853562908
16.76,4800.010387615297
16.77,4800.0099200124005
16.78,4800.009451315835
16.79,4800.008982087214
16.8,4800.008512888151
16.81,4800.008044280261
16.82,4800.007576825158
16.83,4800.007111084456
16.84,4800.006647619769
16.85,4800.006186992712
16.86,4800.005729764898
16.87,4800.005276497943
16.88,4800.004827753458
16.89,4800.004384093059
16.9,4800.003946078361
16.91,4800.003514270977
16.92,4800.003089232522
16.93,4800.0026715246095
16.94,4800.002261708853
16.95,4800.001860346867
16.96,4800.001468000268
16.97,4800.001085230667
16.98,4800.000712599679
16.99,4800.000350668918
17.0,4800.0
17.01,4799.999661036302
17.02,4799.999333748267
17.03,4799.9990179881015
17.04,4799.998713608013
17.05,4799.998420460206
17.06,4799.99813839689
17.07,4799.99786727027
17.08,4799.997606932553
17.09,4799.997357235947
17.1,4799.997118032657
17.11,4799.996889174892
17.12,4799.996670514857
17.13,4799.996461904759
17.14,4799.996263196806
17.15,4799.996074243203
17.16,4799.995894896159
17.17,4799.995725007879
17.18,4799.99556443057
17.19,4799.99541301644
17.2,4799.995270617695
17.21,4799.99513708654
17.22,4799.995012275185
17.23,4799.994896035835
17.24,4799.994788220699
17.25,4799.994688681981
17.26,4799.994597271888
17.27,4799.994513842628
17.28,4799.994438246408
17.29,4799.994370335435
17.3,4799.994309961913
17.31,4799.994256978052
17.32,4799.994211236058
17.33,4799.994172588136
17.34,4799.994140886495
17.35,4799.9941159833415
17.36,4799.9940977308825
17.37,4799.994085981323
17.38,4799.994080586871
17.39,4799.994081399734
17.4,4799.994088272118
17.41,4799.994101056228
17.42,4799.994119604276
17.43,4799.994143768463
17.44,4799.994173401
17.45,4799.99420835409
17.46,4799.994248479944
17.47,4799.994293630765
17.48,4799.994343658762
17.49,4799.994398416141
17.5,4799.994457755111
17.51,4799.994521527875
17.52,4799.994589586641
17.53,4799.9946617836185
17.54,4799.994737971011
17.55,4799.994818001028
17.56,4799.994901725874
17.57,4799.994988997757
17.58,4799.995079668883
17.59,4799.995173591459
17.6,4799.995270617695
17.61,4799.995370599791
17.62,4799.99547338996
17.63,4799.995578840406
17.64,4799.995686803337
17.65,4799.995797130959
17.66,4799.995909675477
17.67,4799.996024289102
17.68,4799.996140824038
17.69,4799.996259132492
17.7,4799.996379066671
17.71,4799.996500478781
17.72,4799.996623221033
17.73,4799.996747145629
17.74,4799.996872104776
17.75,4799.996997950684
17.76,4799.997124535558
17.77,4799.997251711604
17.78,4799.997379331029
17.79,4799.997507246041
17.8,4799.997635308847
17.81,4799.997763371652
17.82,4799.997891286664
17.83,4799.998018906091
17.84,4799.998146082136
17.85,4799.998272667009
17.86,4799.9983985129165
17.87,4799.998523472064
17.88,4799.99864739666
17.89,4799.99877013891
17.9,4799.998891551022
17.91,4799.999011485202
17.92,4799.999129793655
17.93,4799.999246328591
17.94,4799.999360942215
17.95,4799.999473486736
17.96,4799.999583814357
17.97,4799.999691777288
17.98,4799.999797227733
17.99,4799.999900017901
18.0,4800.0
18.01,4800.000097055792
18.02,4800.000191185279
18.03,4800.00028241802
18.04,4800.000370783573
18.05,4800.000456311495
18.06,4800.000539031347
18.07,4800.000618972688
18.08,4800.000696165074
18.09,4800.000770638067
18.1,4800.000842421223
18.11,4800.000911544102
18.12,4800.00097803626
18.13,4800.0010419272585
18.14,4800.001103246656
18.15,4800.001162024011
18.16,4800.001218288881
18.17,4800.001272070826
18.18,4800.001323399404
18.19,4800.001372304172
18.2,4800.001418814692
18.21,4800.001462960519
18.22,4800.001504771215
18.23,4800.001544276336
18.24,4800.001581505443
18.25,4800.0016164880935
18.26,4800.001649253845
18.27,4800.001679832256
18.28,4800.001708252888
18.29,4800.001734545299
18.3,4800.001758739045
18.31,4800.001780863687
18.32,4800.001800948781
18.33,4800.001819023889
18.34,4800.001835118569
18.35,4800.0018492623785
18.36,4800.001861484875
18.37,4800.00187181562
18.38,4800.0018802841705
18.39,4800.001886920086
18.4,4800.001891752921
18.41,4800.0018948122415
18.42,4800.0018961276
18.43,4800.001895728559
18.44,4800.001893644675
18.45,4800.001889905508
18.46,4800.001884540614
18.47,4800.001877579554
18.48,4800.001869051886
18.49,4800.00185898717
18.5,4800.001847414964
18.51,4800.001834364824
18.52,4800.001819866311
18.53,4800.001803948983
18.54,4800.001786642401
18.55,4800.00176797612
18.56,4800.0017479797
18.57,4800.001726682701
18.58,4800.001704114678
18.59,4800.001680305195
18.6,4800.001655283807
18.61,4800.001629080073
18.62,4800.001601723553
18.63,4800.001573243802
18.64,4800.001543670383
18.65,4800.001513032854
18.66,4800.001481360772
18.67,4800.001448683695
18.68,4800.001415031185
18.69,4800.001380432799
18.7,4800.001344918093
18.71,4800.001308516628
18.72,4800.001271257965
18.73,4800.001233171657
18.74,4800.001194287267
18.75,4800.001154634352
18.76,4800.001114242471
18.77,4800.001073141184
18.78,4800.001031360046
18.79,4800.000988928619
18.8,4800.000945876461
18.81,4800.000902233131
18.82,4800.000858028186
18.83,4800.000813291184
18.84,4800.000768051687
18.85,4800.000722339251
18.86,4800.000676183436
18.87,4800.000629613799
18.88,4800.0005826599
18.89,4800.000535351297
18.9,4800.00048771755
18.91,4800.000439788216
18.92,4800.000391592856
18.93,4800.000343161024
18.94,4800.000294522283
18.95,4800.000245706189
18.96,4800.000196742305
18.97,4800.000147660183
18.98,4800.000098489387
18.99,4800.000049259473
19.0,4800.0
19.01,4799.999950740528
19.02,4799.999901510613
19.03,4799.999852339817
19.04,4799.999803257697
19.05,4799.999754293811
19.06,4799.999705477717
19.07,4799.999656838976
19.08,4799.999608407145
19.09,4799.999560211784
19.1,4799.99951228245
19.11,4799.999464648702
19.12,4799.999417340099
19.13,4799.999370386201
19.14,4799.999323816564
19.15,4799.99927766075
19.16,4799.999231948314
19.17,4799.999186708816
19.18,4799.999141971815
19.19,4799.99909776687
19.2,4799.999054123538
19.21,4799.999011071381
19.22,4799.998968639953
19.23,4799.998926858816
19.24,4799.998885757529
19.25,4799.998845365648
19.26,4799.998805712733
19.27,4799.998766828343
19.28,4799.998728742036
19.29,4799.998691483371
19.3,4799.998655081907
19.31,4799.998619567202
19.32,4799.998584968814
19.33,4799.998551316303
19.34,4799.998518639228
19.35,4799.998486967145
19.36,4799.998456329615
19.37,4799.998426756197
19.38,4799.998398276448
19.39,4799.998370919926
19.4,4799.998344716193
19.41,4799.998319694805
19.42,4799.998295885321
19.43,4799.9982733173
19.44,4799.9982520203
19.45,4799.9982320238805
19.46,4799.9982133576
19.47,4799.998196051016
19.48,4799.998180133689
19.49,4799.998165635176
19.5,4799.998152585036
19.51,4799.998141012829
19.52,4799.998130948114
19.53,4799.998122420446
19.54,4799.998115459386
19.55,4799.998110094492
19.56,4799.998106355326
19.57,4799.998104271441
19.58,4799.9981038724
19.59,4799.998105187759
19.6,4799.998108247077
19.61,4799.998113079915
19.62,4799.9981197158295
19.63,4799.998128184379
19.64,4799.998138515124
19.65,4799.9981507376215
19.66,4799.99816488143
19.67,4799.998180976109
19.68,4799.998199051218
19.69,4799.998219136314
19.7,4799.998241260955
19.71,4799.998265454701
19.72,4799.998291747112
19.73,4799.998320167743
19.74,4799.998350746156
19.75,4799.998383511907
19.76,4799.998418494557
19.77,4799.998455723664
19.78,4799.998495228785
19.79,4799.99853703948
19.8,4799.9985811853085
19.81,4799.998627695828
19.82,4799.998676600596
19.83,4799.998727929174
19.84,4799.998781711118
19.85,4799.998837975989
19.86,4799.998896753343
19.87,4799.99895807274
19.88,4799.999021963739
19.89,4799.999088455898
19.9,4799.999157578776
19.91,4799.9992293619325
19.92,4799.999303834925
19.93,4799.999381027312
19.94,4799.999460968652
19.95,4799.999543688504
19.96,4799.999629216428
19.97,4799.99971758198
19.98,4799.99980881472
19.99,4799.999902944207
20.0,4800.0
20.01,0.0
20.02,0.0
20.03,0.0
20.04,0.0
20.05,0.0
20.06,0.0
20.07,0.0
20.08,0.0
20.09,0.0
20.1,0.0
20.11,0.0
20.12,0.0
20.13,0.0
20.14,0.0
20.15,0.0
20.16,0.0
20.17,0.0
20.18,0.0
20.19,0.0
20.2,0.0
20.21,0.0
20.22,0.0
20.23,0.0
20.24,0.0
20.25,0.0
20.26,0.0
20.27,0.0
20.28,0.0
20.29,0.0
20.3,0.0
20.31,0.0
20.32,0.0
20.33,0.0
20.34,0.0
20.35,0.0
20.36,0.0
20.37,0.0
20.38,0.0
20.39,0.0
20.4,0.0
20.41,0.0
20.42,0.0
20.43,0.0
20.44,0.0
20.45,0.0
20.46,0.0
20.47,0.0
20.48,0.0
20.49,0.0
20.5,0.0
20.51,0.0
20.52,0.0
20.53,0.0
20.54,0.0
20.55,0.0
20.56,0.0
20.57,0.0
20.58,0.0
20.59,0.0
20.6,0.0
20.61,0.0
20.62,0.0
20.63,0.0
20.64,0.0
20.65,0.0
20.66,0.0
20.67,0.0
20.68,0.0
20.69,0.0
20.7,0.0
20.71,0.0
20.72,0.0
20.73,0.0
20.74,0.0
20.75,0.0
20.76,0.0
20.77,0.0
20.78,0.0
20.79,0.0
20.8,0.0
20.81,0.0
20.82,0.0
20.83,0.0
20.84,0.0
20.85,0.0
20.86,0.0
20.87,0.0
20.88,0.0
20.89,0.0
20.9,0.0
20.91,0.0
20.92,0.0
20.93,0.0
20.94,0.0
20.95,0.0
20.96,0.0
20.97,0.0
20.98,0.0
20.99,0.0
21.0,0.0
