wind_speed,Gamesa G132-5.0MW
1.0,0.0
1.01,0.0
1.02,0.0
1.03,0.0
1.04,0.0
1.05,0.0
1.06,0.0
1.07,0.0
1.08,0.0
1.09,0.0
1.1,0.0
1.11,0.0
1.12,0.0
1.13,0.0
1.14,0.0
1.15,0.0
1.16,0.0
1.17,0.0
1.18,0.0
1.19,0.0
1.2,0.0
1.21,0.0
1.22,0.0
1.23,0.0
1.24,0.0
1.25,0.0
1.26,0.0
1.27,0.0
1.28,0.0
1.29,0.0
1.3,0.0
1.31,0.0
1.32,0.0
1.33,0.0
1.34,0.0
1.35,0.0
1.36,0.0
1.37,0.0
1.38,0.0
1.39,0.0
1.4,0.0
1.41,0.0
1.42,0.0
1.43,0.0
1.44,0.0
1.45,0.0
1.46,0.0
1.47,0.0
1.48,0.0
1.49,0.0
1.5,0.0
1.51,0.0
1.52,0.0
1.53,0.0
1.54,0.0
1.55,0.0
1.56,0.0
1.57,0.0
1.58,0.0
1.59,0.0
1.6,0.0
1.61,0.0
1.62,0.0
1.63,0.0
1.64,0.0
1.65,0.0
1.66,0.0
1.67,0.0
1.68,0.0
1.69,0.0
1.7,0.0
1.71,0.0
1.72,0.0
1.73,0.0
1.74,0.0
1.75,0.0
1.76,0.0
1.77,0.0
1.78,0.0
1.79,0.0
1.8,0.0
1.81,0.0
1.82,0.0
1.83,0.0
1.84,0.0
1.85,0.0
1.86,0.0
1.87,0.0
1.88,0.0
1.89,0.0
1.9,0.0
1.91,0.0
1.92,0.0
1.93,0.0
1.94,0.0
1.95,0.0
1.96,0.0
1.97,0.0
1.98,0.0
1.99,0.0
2.0,0.0
2.01,0.0
2.02,0.0
2.03,0.0
2.04,0.0
2.05,0.0
2.06,0.0
2.07,0.0
2.08,0.0
2.09,0.0
2.1,0.0
2.11,0.0
2.12,0.0
2.13,0.0
2.14,0.0
2.15,0.0
2.16,0.0
2.17,0.0
2.18,0.0
2.19,0.0
2.2,0.0
2.21,0.0
2.22,0.0
2.23,0.0
2.24,0.0
2.25,0.0
2.26,0.0
2.27,0.0
2.28,0.0
2.29,0.0
2.3,0.0
2.31,0.0
2.32,0.0
2.33,0.0
2.34,0.0
2.35,0.0
2.36,0.0
2.37,0.0
2.38,0.0
2.39,0.0
2.4,0.0
2.41,0.0
2.42,0.0
2.43,0.0
2.44,0.0
2.45,0.0
2.46,0.0
2.47,0.0
2.48,0.0
2.49,0.0
2.5,0.0
2.51,0.0
2.52,0.0
2.53,0.0
2.54,0.0
2.55,0.0
2.56,0.0
2.57,0.0
2.58,0.0
2.59,0.0
2.6,0.0
2.61,0.0
2.62,0.0
2.63,0.0
2.64,0.0
2.65,0.0
2.66,0.0
2.67,0.0
2.68,0.0
2.69,0.0
2.7,0.0
2.71,0.0
2.72,0.0
2.73,0.0
2.74,0.0
2.75,0.0
2.76,0.0
2.77,0.0
2.78,0.0
2.79,0.0
2.8,0.0
2.81,0.0
2.82,0.0
2.83,0.0
2.84,0.0
2.85,0.0
2.86,0.0
2.87,0.0
2.88,0.0
2.89,0.0
2.9,0.0
2.91,0.0
2.92,0.0
2.93,0.0
2.94,0.0
2.95,0.0
2.96,0.0
2.97,0.0
2.98,0.0
2.99,0.0
3.0,61.0
3.01,62.10209357399882
3.02,63.20338935179672
3.03,64.30401559396128
3.04,65.40410056106029
3.05,66.50377251366136
3.06,67.60315971233224
3.07,68.70239041764053
3.08,69.80159289015404
3.09,70.90089539044033
3.1,72.00042617906716
3.11,73.10031351660217
3.12,74.20068566361314
3.13,75.30167088066763
3.14,76.40339742833345
3.15,77.50599356717817
3.16,78.60958755776956
3.17,79.71430766067525
3.18,80.820282136463
3.19,81.9276392457004
3.2,83.03650724895523
3.21,84.14701440679511
3.22,85.25928897978778
3.23,86.37345922850085
3.24,87.48965341350211
3.25,88.60799979535915
3.26,89.72862663463968
3.27,90.85166219191149
3.28,91.97723472774206
3.29,93.1054725026993
3.3,94.23650377735072
3.31,95.37045681226412
3.32,96.50745986800712
3.33,97.64764120514752
3.34,98.79112908425284
3.35,99.93805176589086
3.36,101.08853751062922
3.37,102.2427145790357
3.38,103.40071123167787
3.39,104.56265572912356
3.4,105.72867633194028
3.41,106.89890130069584
3.42,108.07345889595793
3.43,109.25247737829416
3.44,110.4360850082722
3.45,111.6244100464599
3.46,112.81758075342476
3.47,114.0157253897346
3.48,115.21897221595698
3.49,116.42744949265976
3.5,117.64128548041045
3.51,118.86060843977678
3.52,120.08554663132657
3.53,121.31622831562731
3.54,122.55278175324683
3.55,123.79533520475276
3.56,125.04401693071284
3.57,126.29895519169465
3.58,127.56027824826596
3.59,128.82811436099442
3.6,130.10259179044775
3.61,131.3838387971936
3.62,132.6719836417997
3.63,133.96715458483368
3.64,135.26947988686328
3.65,136.57908780845614
3.66,137.89610661018
3.67,139.2206645526025
3.68,140.55288989629133
3.69,141.8929109018142
3.7,143.24085582973882
3.71,144.5968529406328
3.72,145.96103049506388
3.73,147.33351675359972
3.74,148.71443997680805
3.75,150.1039284252565
3.76,151.50211035951278
3.77,152.90911404014466
3.78,154.32506772771964
3.79,155.75009968280563
3.8,157.1843381659701
3.81,158.62791143778094
3.82,160.08094775880565
3.83,161.54357538961204
3.84,163.0159225907677
3.85,164.4981176228405
3.86,165.99028874639788
3.87,167.4925642220077
3.88,169.00507231023758
3.89,170.52794127165524
3.9,172.06129936682834
3.91,173.60527485632457
3.92,175.15999600071163
3.93,176.72559106055724
3.94,178.30218829642894
3.95,179.88991596889457
3.96,181.48890233852177
3.97,183.09927566587825
3.98,184.7211642115316
3.99,186.3546962360497
4.0,188.0
4.01,189.6572037639503
4.02,191.32643578846827
4.03,193.00782433412172
4.04,194.70149766147816
4.05,196.4075840311054
4.06,198.12621170357096
4.07,199.8575089394428
4.08,201.6016039992884
4.09,203.35862514367537
4.1,205.1287006331716
4.11,206.9119587283448
4.12,208.7085276897624
4.13,210.51853577799224
4.14,212.342111253602
4.15,214.1793823771596
4.16,216.03047740923225
4.17,217.8955246103879
4.18,219.77465224119427
4.19,221.66798856221916
4.2,223.57566183402983
4.21,225.4978003171944
4.22,227.43453227228028
4.23,229.38598595985536
4.24,231.3522896404872
4.25,233.33357157474344
4.26,235.3299600231919
4.27,237.34158324640012
4.28,239.36856950493615
4.29,241.4110470593672
4.3,243.46914417026116
4.31,245.54298909818567
4.32,247.6327101037087
4.33,249.73843544739756
4.34,251.86029338982
4.35,253.9984121915437
4.36,256.1529201131368
4.37,258.32394541516635
4.38,260.5116163582003
4.39,262.7160612028063
4.4,264.9374082095524
4.41,267.17578563900554
4.42,269.43132175173406
4.43,271.7041448083053
4.44,273.99438306928727
4.45,276.3021647952472
4.46,278.6276182467531
4.47,280.9708716843726
4.48,283.33205336867354
4.49,285.71129156022323
4.5,288.1087145195895
4.51,290.5244505073402
4.52,292.95862778404285
4.53,295.41137461026545
4.54,297.8828192465752
4.55,300.37308995354005
4.56,302.88231499172764
4.57,305.4106226217059
4.58,307.9581411040421
4.59,310.5249986993041
4.6,313.1113236680596
4.61,315.7172442708765
4.62,318.3428887683221
4.63,320.9883854209643
4.64,323.6538624893707
4.65,326.3394482341092
4.66,329.0452709157472
4.67,331.7714587948525
4.68,334.5181401319928
4.69,337.28544318773595
4.7,340.07349622264934
4.71,342.8824274973007
4.72,345.7123652722578
4.73,348.5634378080887
4.74,351.4357733653604
4.75,354.3295002046409
4.76,357.24474658649785
4.77,360.181640771499
4.78,363.1403110202123
4.79,366.1208855932049
4.8,369.1234927510448
4.81,372.1482607542995
4.82,375.1953178635372
4.83,378.2647923393248
4.84,381.3568124422304
4.85,384.4715064328217
4.86,387.6090025716667
4.87,390.7694291193324
4.88,393.95291433638687
4.89,397.1595864833977
4.9,400.3895738209329
4.91,403.6430046095597
4.92,406.920007109846
4.93,410.2207095823594
4.94,413.545240287668
4.95,416.8937274863387
4.96,420.26629943893965
4.97,423.6630844060386
4.98,427.08421064820345
4.99,430.5298064260013
5.0,434.0
5.01,437.4948860446943
5.02,441.0144248902863
5.03,444.55854328090544
5.04,448.12716796068014
5.05,451.72022567373983
5.06,455.3376431642133
5.07,458.9793471762303
5.08,462.64526445391886
5.09,466.3353217414087
5.1,470.04944578282885
5.11,473.7875633223085
5.12,477.5496011039762
5.13,481.3354858719612
5.14,485.1451443703929
5.15,488.9785033434004
5.16,492.835489535112
5.17,496.71602968965743
5.18,500.62005055116566
5.19,504.5474788637659
5.2,508.4982413715866
5.21,512.4722648187573
5.22,516.469475949407
5.23,520.489801507665
5.24,524.5331682376598
5.25,528.5995028835208
5.26,532.6887321893771
5.27,536.8007828993575
5.28,540.9355817575915
5.29,545.0930555082081
5.3,549.2731308953357
5.31,553.475734663104
5.32,557.7007935556425
5.33,561.9482343170789
5.34,566.2179836915434
5.35,570.5099684231643
5.36,574.8241152560719
5.37,579.1603509343938
5.38,583.5186022022597
5.39,587.8987958037986
5.4,592.3008584831399
5.41,596.7247169844123
5.42,601.1702980517448
5.43,605.6375284292666
5.44,610.1263348611071
5.45,614.6366440913948
5.46,619.1683828642588
5.47,623.7214779238284
5.48,628.295856014233
5.49,632.891443879601
5.5,637.5081682640616
5.51,642.1459559117442
5.52,646.8047335667775
5.53,651.4844279732914
5.54,656.1849658754135
5.55,660.906274017274
5.56,665.6482791430013
5.57,670.4109079967253
5.58,675.1940873225742
5.59,679.9977438646775
5.6,684.8218043671641
5.61,689.6661955741636
5.62,694.530844229804
5.63,699.4156770782151
5.64,704.3206208635257
5.65,709.2456023298657
5.66,714.1905482213629
5.67,719.1553852821469
5.68,724.1400402563467
5.69,729.1444398880919
5.7,734.1685109215108
5.71,739.2121801007324
5.72,744.2753741698865
5.73,749.3580198731021
5.74,754.4600439545076
5.75,759.5813731582323
5.76,764.7219342284053
5.77,769.8816539091561
5.78,775.0604589446137
5.79,780.2582760789063
5.8,785.4750320561636
5.81,790.7106536205147
5.82,795.9650675160889
5.83,801.2382004870144
5.84,806.5299792774209
5.85,811.8403306314374
5.86,817.1691812931931
5.87,822.5164580068166
5.88,827.8820875164377
5.89,833.2659965661842
5.9,838.6681119001868
5.91,844.0883602625732
5.92,849.5266683974733
5.93,854.9829630490154
5.94,860.4571709613298
5.95,865.9492188785442
5.96,871.4590335447883
5.97,876.986541704191
5.98,882.5316701008818
5.99,888.0943454789895
6.0,893.6744945826426
6.01,899.2720441559707
6.02,904.886920943103
6.03,910.5190516881688
6.04,916.1683631352964
6.05,921.8347820286148
6.06,927.5182351122536
6.07,933.2186491303426
6.08,938.9359508270092
6.09,944.6700669463831
6.1,950.4209242325938
6.11,956.1884494297708
6.12,961.9725692820414
6.13,967.7732105335364
6.14,973.5902999283836
6.15,979.4237642107132
6.16,985.2735301246536
6.17,991.1395244143336
6.18,997.0216738238826
6.19,1002.9199050974304
6.2,1008.8341449791048
6.21,1014.7643202130356
6.22,1020.710357543351
6.23,1026.672183714182
6.24,1032.6497254696556
6.25,1038.6429095539015
6.26,1044.6516627110495
6.27,1050.6759116852274
6.28,1056.715583220566
6.29,1062.7706040611924
6.3,1068.840900951237
6.31,1074.9264006348285
6.32,1081.027029856096
6.33,1087.142715359168
6.34,1093.273383888174
6.35,1099.418962187243
6.36,1105.5793770005057
6.37,1111.754555072088
6.38,1117.944423146121
6.39,1124.1489079667333
6.4,1130.367936278055
6.41,1136.601434824213
6.42,1142.8493303493376
6.43,1149.111549597558
6.44,1155.3880193130035
6.45,1161.6786662398022
6.46,1167.983417122084
6.47,1174.302198703977
6.48,1180.634937729612
6.49,1186.9815609431164
6.5,1193.3419950886196
6.51,1199.716166910251
6.52,1206.1040031521395
6.53,1212.505430558415
6.54,1218.920375873205
6.55,1225.3487658406398
6.56,1231.7905272048476
6.57,1238.2455867099588
6.58,1244.7138711001005
6.59,1251.1953071194034
6.6,1257.6898215119954
6.61,1264.197341022007
6.62,1270.717792393566
6.63,1277.2511023708016
6.64,1283.797197697843
6.65,1290.3560051188203
6.66,1296.927451377861
6.67,1303.5114632190948
6.68,1310.107967386651
6.69,1316.7168906246586
6.7,1323.338159677246
6.71,1329.9717012885428
6.72,1336.6174422026786
6.73,1343.2753091637817
6.74,1349.945228915981
6.75,1356.6271282034058
6.76,1363.320933770186
6.77,1370.026572360449
6.78,1376.743970718326
6.79,1383.473055587944
6.8,1390.2137537134329
6.81,1396.965991838922
6.82,1403.7296967085408
6.83,1410.5047950664173
6.84,1417.2912136566802
6.85,1424.0888792234598
6.86,1430.8977185108856
6.87,1437.7176582630848
6.88,1444.5486252241878
6.89,1451.390546138323
6.9,1458.2433477496204
6.91,1465.106956802208
6.92,1471.9813000402153
6.93,1478.866304207771
6.94,1485.7618960490054
6.95,1492.6680023080462
6.96,1499.584549729023
6.97,1506.5114650560645
6.98,1513.4486750333008
6.99,1520.3961064048594
7.0,1527.3536859148703
7.01,1534.3213403074628
7.02,1541.298996326765
7.03,1548.2865807169078
7.04,1555.2840202220182
7.05,1562.291241586226
7.06,1569.3081715536607
7.07,1576.3347368684515
7.08,1583.3708642747265
7.09,1590.4164805166151
7.1,1597.4715123382464
7.11,1604.5358864837503
7.12,1611.6095296972542
7.13,1618.692368722889
7.14,1625.784330304782
7.15,1632.8853411870646
7.16,1639.9953281138628
7.17,1647.114217829308
7.18,1654.2419370775283
7.19,1661.3784126026535
7.2,1668.523571148812
7.21,1675.6773394601328
7.22,1682.8396442807448
7.23,1690.0104123547785
7.24,1697.1895704263611
7.25,1704.3770452396227
7.26,1711.5727635386916
7.27,1718.776652067698
7.28,1725.9886375707706
7.29,1733.2086467920378
7.3,1740.4366064756289
7.31,1747.6724433656732
7.32,1754.9160842063009
7.33,1762.1674557416386
7.34,1769.4264847158167
7.35,1776.6930978729645
7.36,1783.9672219572112
7.37,1791.2487837126848
7.38,1798.5377098835147
7.39,1805.8339272138303
7.4,1813.1373624477612
7.41,1820.4479423294365
7.42,1827.7655936029832
7.43,1835.0902430125325
7.44,1842.4218173022132
7.45,1849.7602432161527
7.46,1857.1054474984824
7.47,1864.4573568933297
7.48,1871.8158981448248
7.49,1879.180997997096
7.5,1886.552583194272
7.51,1893.9305804804824
7.52,1901.3149165998568
7.53,1908.705518296524
7.54,1916.1023123146124
7.55,1923.5052253982512
7.56,1930.9141842915697
7.57,1938.3291157386975
7.58,1945.7499464837629
7.59,1953.1766032708956
7.6,1960.6090128442236
7.61,1968.0471019478775
7.62,1975.4907973259849
7.63,1982.9400257226755
7.64,1990.394713882078
7.65,1997.8547885483224
7.66,2005.320176465537
7.67,2012.7908043778505
7.68,2020.2665990293929
7.69,2027.747487164293
7.7,2035.23339552668
7.71,2042.724250860682
7.72,2050.2199799104283
7.73,2057.72050942005
7.74,2065.225766133673
7.75,2072.735676795429
7.76,2080.250168149445
7.77,2087.769166939852
7.78,2095.2925999107774
7.79,2102.820393806352
7.8,2110.3524753707025
7.81,2117.88877134796
7.82,2125.429208482253
7.83,2132.97371351771
7.84,2140.5222131984606
7.85,2148.0746342686343
7.86,2155.630903472359
7.87,2163.190947553764
7.88,2170.7546932569794
7.89,2178.322067326133
7.9,2185.8929965053558
7.91,2193.4674075387748
7.92,2201.0452271705194
7.93,2208.626382144719
7.94,2216.2107992055035
7.95,2223.798405097001
7.96,2231.38912656334
7.97,2238.9828903486505
7.98,2246.579623197063
7.99,2254.179251852703
8.0,2261.781703059702
8.01,2269.3869035621883
8.02,2276.994780104292
8.03,2284.605259430141
8.04,2292.218268283864
8.05,2299.8337334095927
8.06,2307.451581551453
8.07,2315.071739453576
8.08,2322.694133860089
8.09,2330.3186915151214
8.1,2337.945339162804
8.11,2345.5740035472654
8.12,2353.2046114126324
8.13,2360.837089503038
8.14,2368.471364562608
8.15,2376.107363335472
8.16,2383.745012565759
8.17,2391.3842389976
8.18,2399.024969375121
8.19,2406.667130442453
8.2,2414.310648943726
8.21,2421.9554516230683
8.22,2429.601465224607
8.23,2437.2486164924726
8.24,2444.896832170795
8.25,2452.546039003701
8.26,2460.1961637353224
8.27,2467.847133109787
8.28,2475.498873871224
8.29,2483.151312763761
8.3,2490.804376531531
8.31,2498.4579919186585
8.32,2506.112085669274
8.33,2513.7665845275087
8.34,2521.421415237489
8.35,2529.076504543345
8.36,2536.731779189206
8.37,2544.387165919201
8.38,2552.04259147746
8.39,2559.6979826081097
8.4,2567.35326605528
8.41,2575.0083685631
8.42,2582.6632168757005
8.43,2590.3177377372085
8.44,2597.9718578917546
8.45,2605.625504083466
8.46,2613.2786030564744
8.47,2620.931081554905
8.48,2628.5828663228904
8.49,2636.233884104558
8.5,2643.884061644037
8.51,2651.5333256854574
8.52,2659.181602972947
8.53,2666.8288202506355
8.54,2674.4749042626527
8.55,2682.1197817531274
8.56,2689.763379466187
8.57,2697.4056241459607
8.58,2705.04644253658
8.59,2712.685761382172
8.6,2720.323507426866
8.61,2727.959607414792
8.62,2735.593988090078
8.63,2743.2265761968542
8.64,2750.857298479248
8.65,2758.4860816813903
8.66,2766.112852547408
8.67,2773.737537821432
8.68,2781.360064247591
8.69,2788.9803585700133
8.7,2796.598347532829
8.71,2804.2139578801675
8.72,2811.827116356156
8.73,2819.437749704925
8.74,2827.045784670603
8.75,2834.6511479973187
8.76,2842.253766429202
8.77,2849.853566710381
8.78,2857.450475584986
8.79,2865.044419797146
8.8,2872.635326090991
8.81,2880.2231212106462
8.82,2887.807731900244
8.83,2895.389084903912
8.84,2902.967106965779
8.85,2910.5417248299764
8.86,2918.1128652406314
8.87,2925.680454941872
8.88,2933.244420677831
8.89,2940.8046891926347
8.9,2948.361187230412
8.91,2955.913841535292
8.92,2963.462578851404
8.93,2971.007325922878
8.94,2978.5480094938416
8.95,2986.0845563084263
8.96,2993.616893110759
8.97,3001.1449466449694
8.98,3008.6686436551854
8.99,3016.1879108855383
9.0,3023.702675080155
9.01,3031.212862983167
9.02,3038.718401338701
9.03,3046.219216890885
9.04,3053.715236383853
9.05,3061.2063865617315
9.06,3068.692594168648
9.07,3076.1737859487325
9.08,3083.649888646114
9.09,3091.1208290049226
9.1,3098.586533769286
9.11,3106.046929683334
9.12,3113.501943491196
9.13,3120.951501937001
9.14,3128.395531764877
9.15,3135.833959718954
9.16,3143.266712543361
9.17,3150.693716982226
9.18,3158.1148997796786
9.19,3165.5301876798494
9.2,3172.939507426865
9.21,3180.3427857648585
9.22,3187.7399494379542
9.23,3195.130925190283
9.24,3202.5156397659744
9.25,3209.8940199091567
9.26,3217.2659923639603
9.27,3224.6314838745125
9.28,3231.9904211849434
9.29,3239.3427310393827
9.3,3246.68834018196
9.31,3254.0271753568004
9.32,3261.3591633080364
9.33,3268.684230779797
9.34,3276.0023045162093
9.35,3283.313311261404
9.36,3290.6171777595105
9.37,3297.9138307546564
9.38,3305.2031969909726
9.39,3312.4852032125864
9.4,3319.7597761636275
9.41,3327.026842588224
9.42,3334.286329230507
9.43,3341.538162834605
9.44,3348.782270144645
9.45,3356.0185779047583
9.46,3363.247012859075
9.47,3370.467501751721
9.48,3377.6799713268265
9.49,3384.884348328521
9.5,3392.0805595009333
9.51,3399.2685315881936
9.52,3406.448191334429
9.53,3413.619465483769
9.54,3420.782280780344
9.55,3427.936563968284
9.56,3435.0822417917143
9.57,3442.2192409947666
9.58,3449.347488321569
9.59,3456.466910516251
9.6,3463.577434322942
9.61,3470.678986485769
9.62,3477.771493748864
9.63,3484.854882856357
9.64,3491.9290805523715
9.65,3498.9940135810407
9.66,3506.049608686493
9.67,3513.0957926128576
9.68,3520.1324921042637
9.69,3527.1596339048383
9.7,3534.177144758713
9.71,3541.184951410018
9.72,3548.182980602878
9.73,3555.171159081425
9.74,3562.1494135897874
9.75,3569.117670872094
9.76,3576.075857672474
9.77,3583.0239007350574
9.78,3589.9617268039724
9.79,3596.889262623348
9.8,3603.8064349373135
9.81,3610.71317049
9.82,3617.609396025531
9.83,3624.49503828804
9.84,3631.370024021656
9.85,3638.2342799705066
9.86,3645.087732878721
9.87,3651.930309490429
9.88,3658.761936549761
9.89,3665.582540800842
9.9,3672.392048987805
9.91,3679.190387854777
9.92,3685.977484145887
9.93,3692.753264605265
9.94,3699.51765597704
9.95,3706.27058500534
9.96,3713.011978434298
9.97,3719.741763008036
9.98,3726.459865470689
9.99,3733.166212566384
10.0,3739.860731039249
10.01,3746.543347633415
10.02,3753.213989093009
10.03,3759.872582162163
10.04,3766.5190535850033
10.05,3773.153330105661
10.06,3779.775338468264
10.07,3786.3850054169407
10.08,3792.982257695821
10.09,3799.567022049034
10.1,3806.1392252207097
10.11,3812.698793954976
10.12,3819.2456549959606
10.13,3825.779735087796
10.14,3832.3009609746086
10.15,3838.809259400528
10.16,3845.304557109684
10.17,3851.786780846205
10.18,3858.255857354221
10.19,3864.7117133778574
10.2,3871.15427566125
10.21,3877.5834709485225
10.22,3883.9992259838064
10.23,3890.401467511228
10.24,3896.790122274919
10.25,3903.165117019007
10.26,3909.5263784876224
10.27,3915.8738334248937
10.28,3922.2074085749496
10.29,3928.5270306819193
10.3,3934.8326264899342
10.31,3941.124122743118
10.32,3947.401446185604
10.33,3953.664523561521
10.34,3959.913281614996
10.35,3966.1476470901607
10.36,3972.367546731141
10.37,3978.5729072820686
10.38,3984.763655487072
10.39,3990.9397180902806
10.4,3997.1010218358224
10.41,4003.2474934678257
10.42,4009.379059730421
10.43,4015.4956473677375
10.44,4021.597183123905
10.45,4027.6835937430496
10.46,4033.754805969305
10.47,4039.8107465467942
10.48,4045.851342219651
10.49,4051.876519732003
10.5,4057.886205827979
10.51,4063.880327251708
10.52,4069.85881074732
10.53,4075.821583058943
10.54,4081.768570930707
10.55,4087.6997011067406
10.56,4093.614900331174
10.57,4099.514095348131
10.58,4105.397212901748
10.59,4111.26417973615
10.6,4117.114922595469
10.61,4122.949368223828
10.62,4128.767443365363
10.63,4134.569074764199
10.64,4140.354189164467
10.65,4146.122713310294
10.66,4151.874573945812
10.67,4157.609697815145
10.68,4163.328011662427
10.69,4169.029442231787
10.7,4174.713916267352
10.71,4180.381360513251
10.72,4186.031701713613
10.73,4191.664866612568
10.74,4197.280781954245
10.75,4202.879374482773
10.76,4208.460570942281
10.77,4214.024298076898
10.78,4219.570482630752
10.79,4225.099051347975
10.8,4230.609930972692
10.81,4236.103048249036
10.82,4241.578329921133
10.83,4247.035702733114
10.84,4252.475093429107
10.85,4257.896428753242
10.86,4263.299635449647
10.87,4268.684640262452
10.88,4274.051369935785
10.89,4279.399751213778
10.9,4284.729710840556
10.91,4290.041175560248
10.92,4295.334072116987
10.93,4300.608327254899
10.94,4305.863867718115
10.95,4311.100620250763
10.96,4316.318511596973
10.97,4321.517468500872
10.98,4326.6974177065895
10.99,4331.858285958257
11.0,4337.0
11.01,4342.122486711341
11.02,4347.22567351335
11.03,4352.309487962491
11.04,4357.373857615226
11.05,4362.418710028021
11.06,4367.443972757337
11.07,4372.449573359636
11.08,4377.435439391384
11.09,4382.401498409039
11.1,4387.347677969066
11.11,4392.273905627932
11.12,4397.180108942094
11.13,4402.066215468019
11.14,4406.932152762169
11.15,4411.777848381003
11.16,4416.603229880989
11.17,4421.408224818588
11.18,4426.192760750263
11.19,4430.956765232476
11.2,4435.700165821691
11.21,4440.422890074373
11.22,4445.12486554698
11.23,4449.8060197959785
11.24,4454.46628037783
11.25,4459.105574848998
11.26,4463.723830765945
11.27,4468.320975685134
11.28,4472.896937163028
11.29,4477.451642756089
11.3,4481.985020020785
11.31,4486.496996513572
11.32,4490.987499790914
11.33,4495.456457409278
11.34,4499.903796925124
11.35,4504.329445894915
11.36,4508.733331875114
11.37,4513.115382422186
11.38,4517.475525092591
11.39,4521.813687442792
11.4,4526.129797029255
11.41,4530.423781408439
11.42,4534.69556813681
11.43,4538.945084770829
11.44,4543.17225886696
11.45,4547.377017981666
11.46,4551.559289671409
11.47,4555.719001492652
11.48,4559.856081001858
11.49,4563.970455755492
11.5,4568.062053310013
11.51,4572.130801221887
11.52,4576.176627047575
11.53,4580.199458343543
11.54,4584.199222666248
11.55,4588.17584757216
11.56,4592.1292606177385
11.57,4596.059389359444
11.58,4599.966161353744
11.59,4603.849504157099
11.6,4607.709345325971
11.61,4611.545612416824
11.62,4615.358232986121
11.63,4619.147134590327
11.64,4622.912244785903
11.65,4626.653491129309
11.66,4630.370801177011
11.67,4634.064102485473
11.68,4637.733322611156
11.69,4641.378389110523
11.7,4644.999229540037
11.71,4648.595771456163
11.72,4652.167942415361
11.73,4655.7156699740935
11.74,4659.238881688827
11.75,4662.737505116023
11.76,4666.211467812141
11.77,4669.660697333648
11.78,4673.085121237006
11.79,4676.4846670786765
11.8,4679.859262415124
11.81,4683.208834802812
11.82,4686.5333117982
11.83,4689.832620957754
11.84,4693.106689837937
11.85,4696.35544599521
11.86,4699.578816986037
11.87,4702.776730366881
11.88,4705.949113694205
11.89,4709.095894524469
11.9,4712.217000414143
11.91,4715.312358919682
11.92,4718.381897597554
11.93,4721.42554400422
11.94,4724.443225696142
11.95,4727.434870229784
11.96,4730.40040516161
11.97,4733.339758048081
11.98,4736.252856445663
11.99,4739.139627910814
12.0,4742.0
12.01,4744.833938987879
12.02,4747.641566021889
12.03,4750.423040967662
12.04,4753.178523690833
12.05,4755.908174057032
12.06,4758.612151931895
12.07,4761.290617181054
12.08,4763.943729670141
12.09,4766.57164926479
12.1,4769.174535830634
12.11,4771.752549233306
12.12,4774.305849338441
12.13,4776.834596011669
12.14,4779.338949118624
12.15,4781.819068524938
12.16,4784.275114096247
12.17,4786.707245698184
12.18,4789.115623196379
12.19,4791.500406456466
12.2,4793.861755344079
12.21,4796.199829724851
12.22,4798.514789464415
12.23,4800.806794428404
12.24,4803.07600448245
12.25,4805.322579492186
12.26,4807.546679323248
12.27,4809.748463841267
12.28,4811.928092911875
12.29,4814.085726400706
12.3,4816.221524173396
12.31,4818.335646095573
12.32,4820.4282520328725
12.33,4822.499501850928
12.34,4824.54955541537
12.35,4826.578572591836
12.36,4828.586713245955
12.37,4830.574137243362
12.38,4832.541004449691
12.39,4834.487474730573
12.4,4836.413707951641
12.41,4838.31986397853
12.42,4840.206102676872
12.43,4842.0725839123
12.44,4843.919467550446
12.45,4845.746913456944
12.46,4847.555081497429
12.47,4849.344131537531
12.48,4851.114223442884
12.49,4852.865517079122
12.5,4854.5981723118775
12.51,4856.312349006784
12.52,4858.008207029473
12.53,4859.685906245579
12.54,4861.345606520736
12.55,4862.9874677205735
12.56,4864.611649710729
12.57,4866.21831235683
12.58,4867.807615524515
12.59,4869.379719079415
12.6,4870.934782887164
12.61,4872.472966813393
12.62,4873.9944307237365
12.63,4875.499334483826
12.64,4876.987837959297
12.65,4878.460101015782
12.66,4879.916283518912
12.67,4881.356545334323
12.68,4882.781046327645
12.69,4884.189946364512
12.7,4885.58340531056
12.71,4886.961583031417
12.72,4888.32463939272
12.73,4889.672734260102
12.74,4891.006027499194
12.75,4892.3246789756295
12.76,4893.628848555042
12.77,4894.918696103065
12.78,4896.19438148533
12.79,4897.456064567473
12.8,4898.703905215124
12.81,4899.938063293918
12.82,4901.158698669487
12.83,4902.365971207464
12.84,4903.560040773483
12.85,4904.741067233176
12.86,4905.909210452177
12.87,4907.064630296119
12.88,4908.207486630634
12.89,4909.337939321355
12.9,4910.456148233917
12.91,4911.562273233952
12.92,4912.656474187094
12.93,4913.738910958974
12.94,4914.809743415225
12.95,4915.869131421482
12.96,4916.917234843377
12.97,4917.954213546544
12.98,4918.980227396613
12.99,4919.995436259222
13.0,4921.0
13.01,4921.994063337144
13.02,4922.977710399096
13.03,4923.951010166862
13.04,4924.914031621445
13.05,4925.866843743852
13.06,4926.809515515086
13.07,4927.742115916153
13.08,4928.664713928057
13.09,4929.577378531802
13.1,4930.480178708395
13.11,4931.373183438841
13.12,4932.256461704144
13.13,4933.130082485308
13.14,4933.994114763338
13.15,4934.848627519241
13.16,4935.693689734019
13.17,4936.529370388678
13.18,4937.355738464224
13.19,4938.172862941658
13.2,4938.980812801991
13.21,4939.779657026224
13.22,4940.569464595361
13.23,4941.350304490408
13.24,4942.122245692371
13.25,4942.885357182254
13.26,4943.639707941062
13.27,4944.385366949799
13.28,4945.12240318947
13.29,4945.85088564108
13.3,4946.570883285636
13.31,4947.282465104139
13.32,4947.985700077597
13.33,4948.680657187014
13.34,4949.367405413394
13.35,4950.046013737743
13.36,4950.716551141065
13.37,4951.379086604364
13.38,4952.033689108646
13.39,4952.680427634918
13.4,4953.319371164182
13.41,4953.950588677441
13.42,4954.574149155705
13.43,4955.190121579975
13.44,4955.7985749312575
13.45,4956.399578190557
13.46,4956.993200338879
13.47,4957.579510357226
13.48,4958.158577226605
13.49,4958.73046992802
13.5,4959.295257442477
13.51,4959.85300875098
13.52,4960.403792834533
13.53,4960.947678674143
13.54,4961.484735250813
13.55,4962.0150315455485
13.56,4962.538636539354
13.57,4963.055619213234
13.58,4963.566048548195
13.59,4964.0699935252405
13.6,4964.567523125376
13.61,4965.058706329605
13.62,4965.543612118934
13.63,4966.022309474368
13.64,4966.49486737691
13.65,4966.961354807567
13.66,4967.421840747342
13.67,4967.87639417724
13.68,4968.325084078267
13.69,4968.767979431428
13.7,4969.205149217726
13.71,4969.636662418167
13.72,4970.062588013758
13.73,4970.482994985499
13.74,4970.8979523144
13.75,4971.3075289814615
13.76,4971.711793967692
13.77,4972.110816254093
13.78,4972.504664821672
13.79,4972.893408651433
13.8,4973.27711672438
13.81,4973.655858021519
13.82,4974.029701523854
13.83,4974.39871621239
13.84,4974.762971068134
13.85,4975.122535072087
13.86,4975.477477205255
13.87,4975.827866448646
13.88,4976.173771783261
13.89,4976.515262190107
13.9,4976.852406650188
13.91,4977.185274144509
13.92,4977.513933654075
13.93,4977.838454159891
13.94,4978.158904642961
13.95,4978.475354084291
13.96,4978.787871464885
13.97,4979.096525765748
13.98,4979.401385967884
13.99,4979.702521052301
14.0,4980.0
14.01,4980.293884663546
14.02,4980.584208381728
14.03,4980.870997364892
14.04,4981.154277823389
14.05,4981.434075967563
14.06,4981.710418007766
14.07,4981.983330154341
14.08,4982.252838617636
14.09,4982.5189696080015
14.1,4982.781749335783
14.11,4983.041204011328
14.12,4983.297359844985
14.13,4983.5502430471015
14.14,4983.799879828024
14.15,4984.0462963981
14.16,4984.289518967678
14.17,4984.529573747106
14.18,4984.76648694673
14.19,4985.000284776898
14.2,4985.230993447959
14.21,4985.458639170258
14.22,4985.683248154143
14.23,4985.904846609964
14.24,4986.1234607480665
14.25,4986.339116778798
14.26,4986.551840912507
14.27,4986.76165935954
14.28,4986.968598330246
14.29,4987.172684034971
14.3,4987.373942684064
14.31,4987.57240048787
14.32,4987.768083656741
14.33,4987.961018401019
14.34,4988.1512309310565
14.35,4988.338747457196
14.36,4988.52359418979
14.37,4988.705797339183
14.38,4988.885383115724
14.39,4989.062377729759
14.4,4989.236807391638
14.41,4989.408698311705
14.42,4989.578076700312
14.43,4989.744968767803
14.44,4989.909400724526
14.45,4990.07139878083
14.46,4990.230989147061
14.47,4990.388198033568
14.48,4990.543051650698
14.49,4990.695576208797
14.5,4990.845797918215
14.51,4990.993742989298
14.52,4991.139437632395
14.53,4991.282908057852
14.54,4991.424180476017
14.55,4991.5632810972365
14.56,4991.700236131861
14.57,4991.835071790235
14.58,4991.967814282708
14.59,4992.098489819626
14.6,4992.227124611338
14.61,4992.353744868189
14.62,4992.47837680053
14.63,4992.601046618705
14.64,4992.7217805330665
14.65,4992.840604753957
14.66,4992.957545491727
14.67,4993.072628956722
14.68,4993.18588135929
14.69,4993.29732890978
14.7,4993.406997818539
14.71,4993.514914295913
14.72,4993.621104552252
14.73,4993.725594797901
14.74,4993.82841124321
14.75,4993.929580098525
14.76,4994.029127574193
14.77,4994.127079880564
14.78,4994.223463227982
14.79,4994.318303826798
14.8,4994.411627887358
14.81,4994.503461620008
14.82,4994.5938312351
14.83,4994.682762942976
14.84,4994.770282953988
14.85,4994.85641747848
14.86,4994.941192726801
14.87,4995.0246349093
14.88,4995.106770236323
14.89,4995.187624918218
14.9,4995.267225165333
14.91,4995.345597188014
14.92,4995.42276719661
14.93,4995.498761401468
14.94,4995.573606012935
14.95,4995.647327241359
14.96,4995.719951297087
14.97,4995.791504390469
14.98,4995.862012731849
14.99,4995.931502531577
15.0,4996.0
15.01,4996.067528008674
15.02,4996.134096073996
15.03,4996.19971037357
15.04,4996.264377085002
15.05,4996.328102385895
15.06,4996.390892453858
15.07,4996.45275346649
15.08,4996.513691601401
15.09,4996.573713036194
15.1,4996.632823948474
15.11,4996.691030515846
15.12,4996.748338915916
15.13,4996.804755326289
15.14,4996.860285924568
15.15,4996.91493688836
15.16,4996.96871439527
15.17,4997.0216246229
15.18,4997.07367374886
15.19,4997.12486795075
15.2,4997.175213406177
15.21,4997.224716292748
15.22,4997.273382788067
15.23,4997.321219069736
15.24,4997.368231315363
15.25,4997.414425702553
15.26,4997.45980840891
15.27,4997.504385612039
15.28,4997.548163489545
15.29,4997.591148219034
15.3,4997.633345978111
15.31,4997.674762944379
15.32,4997.715405295445
15.33,4997.755279208914
15.34,4997.794390862388
15.35,4997.832746433476
15.36,4997.8703520997815
15.37,4997.907214038907
15.38,4997.943338428461
15.39,4997.978731446048
15.4,4998.013399269273
15.41,4998.047348075738
15.42,4998.080584043052
15.43,4998.113113348818
15.44,4998.14494217064
15.45,4998.176076686125
15.46,4998.206523072879
15.47,4998.236287508504
15.48,4998.265376170605
15.49,4998.293795236789
15.5,4998.321550884661
15.51,4998.3486492918255
15.52,4998.375096635886
15.53,4998.400899094449
15.54,4998.426062845122
15.55,4998.450594065504
15.56,4998.474498933204
15.57,4998.497783625828
15.58,4998.520454320976
15.59,4998.542517196258
15.6,4998.563978429279
15.61,4998.584844197638
15.62,4998.605120678947
15.63,4998.624814050809
15.64,4998.643930490828
15.65,4998.662476176608
15.66,4998.680457285756
15.67,4998.697879995876
15.68,4998.714750484574
15.69,4998.731074929453
15.7,4998.74685950812
15.71,4998.762110398179
15.72,4998.776833777236
15.73,4998.791035822894
15.74,4998.80472271276
15.75,4998.817900624439
15.76,4998.830575735534
15.77,4998.842754223651
15.78,4998.854442266396
15.79,4998.865646041373
15.8,4998.876371726188
15.81,4998.886625498445
15.82,4998.89641353575
15.83,4998.905742015706
15.84,4998.91461711592
15.85,4998.923045013995
15.86,4998.931031887538
15.87,4998.938583914153
15.88,4998.945707271446
15.89,4998.95240813702
15.9,4998.958692688482
15.91,4998.964567103436
15.92,4998.970037559488
15.93,4998.9751102342425
15.94,4998.979791305303
15.95,4998.984086950276
15.96,4998.988003346767
15.97,4998.99154667238
15.98,4998.994723104719
15.99,4998.997538821391
16.0,4999.0
16.01,4999.002110301756
16.02,4999.003863322288
16.03,4999.005250140825
16.04,4999.006261836604
16.05,4999.006889488854
16.06,4999.007124176809
16.07,4999.0069569797
16.08,4999.00637897676
16.09,4999.005381247223
16.1,4999.003954870322
16.11,4999.002090925284
16.12,4998.999780491349
16.13,4998.997014647744
16.14,4998.993784473704
16.15,4998.99008104846
16.16,4998.985895451247
16.17,4998.981218761292
16.18,4998.976042057835
16.19,4998.970356420103
16.2,4998.964152927329
16.21,4998.957422658749
16.22,4998.950156693591
16.23,4998.94234611109
16.24,4998.933981990477
16.25,4998.9250554109885
16.26,4998.915557451851
16.27,4998.905479192301
16.28,4998.89481171157
16.29,4998.883546088889
16.3,4998.871673403493
16.31,4998.859184734612
16.32,4998.846071161481
16.33,4998.832323763329
16.34,4998.817933619393
16.35,4998.802891808902
16.36,4998.78718941109
16.37,4998.7708175051885
16.38,4998.75376717043
16.39,4998.736029486048
16.4,4998.717595531276
16.41,4998.698456385341
16.42,4998.678603127483
16.43,4998.658026836929
16.44,4998.636718592913
16.45,4998.6146694746685
16.46,4998.591870561427
16.47,4998.56831293242
16.48,4998.5439876668825
16.49,4998.518885844046
16.5,4998.492998543141
16.51,4998.466316843403
16.52,4998.438831824061
16.53,4998.410534564349
16.54,4998.381416143503
16.55,4998.35146764075
16.56,4998.320680135325
16.57,4998.289044706461
16.58,4998.25655243339
16.59,4998.223194395344
16.6,4998.188961671554
16.61,4998.153845341257
16.62,4998.1178364836815
16.63,4998.08092617806
16.64,4998.043105503627
16.65,4998.004365539613
16.66,4997.9646973652525
16.67,4997.924092059777
16.68,4997.882540702419
16.69,4997.840034372411
16.7,4997.796564148984
16.71,4997.752121111371
16.72,4997.706696338807
16.73,4997.6602809105225
16.74,4997.61286590575
16.75,4997.564442403723
16.76,4997.515001483672
16.77,4997.464534224831
16.78,4997.413031706432
16.79,4997.360485007708
16.8,4997.30688520789
16.81,4997.252223386213
16.82,4997.196490621906
16.83,4997.139677994204
16.84,4997.0817765823385
16.85,4997.022777465544
16.86,4996.96267172305
16.87,4996.90145043409
16.88,4996.839104677898
16.89,4996.775625533704
16.9,4996.711004080741
16.91,4996.645231398244
16.92,4996.578298565441
16.93,4996.510196661569
16.94,4996.440916765858
16.95,4996.370449957541
16.96,4996.298787315851
16.97,4996.225919920018
16.98,4996.151838849279
16.99,4996.07653518286
17.0,4996.0
17.01,4995.922222784301
17.02,4995.843186636856
17.03,4995.762873063129
17.04,4995.6812635685865
17.05,4995.5983396586935
17.06,4995.514082838915
17.07,4995.428474614716
17.08,4995.34149649156
17.09,4995.253129974915
17.1,4995.163356570246
17.11,4995.072157783016
17.12,4994.979515118693
17.13,4994.885410082738
17.14,4994.78982418062
17.15,4994.692738917804
17.16,4994.594135799751
17.17,4994.493996331931
17.18,4994.392302019806
17.19,4994.289034368843
17.2,4994.184174884505
17.21,4994.077705072261
17.22,4993.969606437572
17.23,4993.859860485905
17.24,4993.748448722726
17.25,4993.635352653498
17.26,4993.520553783688
17.27,4993.40403361876
17.28,4993.285773664179
17.29,4993.165755425412
17.3,4993.043960407921
17.31,4992.920370117174
17.32,4992.794966058636
17.33,4992.66772973777
17.34,4992.538642660043
17.35,4992.407686330918
17.36,4992.274842255863
17.37,4992.140091940342
17.38,4992.003416889819
17.39,4991.864798609761
17.4,4991.724218605633
17.41,4991.581658382897
17.42,4991.437099447024
17.43,4991.290523303473
17.44,4991.141911457711
17.45,4990.991245415205
17.46,4990.838506681421
17.47,4990.68367676182
17.48,4990.526737161868
17.49,4990.367669387035
17.5,4990.20645494278
17.51,4990.043075334573
17.52,4989.877512067875
17.53,4989.709746648154
17.54,4989.539760580874
17.55,4989.3675353715
17.56,4989.1930525254975
17.57,4989.016293548331
17.58,4988.837239945467
17.59,4988.65587322237
17.6,4988.472174884507
17.61,4988.286126437338
17.62,4988.097709386333
17.63,4987.906905236954
17.64,4987.713695494669
17.65,4987.518061664941
17.66,4987.319985253236
17.67,4987.11944776502
17.68,4986.916430705757
17.69,4986.710915580911
17.7,4986.50288389595
17.71,4986.292317156336
17.72,4986.079196867538
17.73,4985.8635045350175
17.74,4985.64522166424
17.75,4985.424329760674
17.76,4985.20081032978
17.77,4984.974644877027
17.78,4984.7458149078775
17.79,4984.514301927797
17.8,4984.280087442253
17.81,4984.043152956709
17.82,4983.803479976629
17.83,4983.561050007481
17.84,4983.315844554727
17.85,4983.067845123834
17.86,4982.817033220266
17.87,4982.56339034949
17.88,4982.306898016968
17.89,4982.047537728169
17.9,4981.785290988558
17.91,4981.520139303595
17.92,4981.25206417875
17.93,4980.981047119486
17.94,4980.7070696312685
17.95,4980.430113219565
17.96,4980.1501593898365
17.97,4979.867189647552
17.98,4979.581185498174
17.99,4979.292128447169
18.0,4979.0
18.01,4978.704781561042
18.02,4978.406454130294
18.03,4978.104998606664
18.04,4977.800395889055
18.05,4977.492626876378
18.06,4977.181672467538
18.07,4976.867513561445
18.08,4976.550131057001
18.09,4976.229505853116
18.1,4975.9056188486975
18.11,4975.578450942651
18.12,4975.247983033884
18.13,4974.914196021304
18.14,4974.577070803816
18.15,4974.236588280332
18.16,4973.892729349752
18.17,4973.545474910987
18.18,4973.194805862943
18.19,4972.840703104529
18.2,4972.483147534647
18.21,4972.122120052211
18.22,4971.757601556123
18.23,4971.389572945291
18.24,4971.018015118621
18.25,4970.642908975024
18.26,4970.264235413401
18.27,4969.881975332663
18.28,4969.4961096317165
18.29,4969.106619209469
18.3,4968.7134849648255
18.31,4968.316687796693
18.32,4967.916208603981
18.33,4967.512028285594
18.34,4967.104127740439
18.35,4966.692487867426
18.36,4966.2770895654585
18.37,4965.8579137334455
18.38,4965.434941270293
18.39,4965.0081530749085
18.4,4964.577530046197
18.41,4964.143053083069
18.42,4963.70470308443
18.43,4963.262460949186
18.44,4962.816307576243
18.45,4962.366223864512
18.46,4961.912190712897
18.47,4961.454189020305
18.48,4960.992199685644
18.49,4960.526203607819
18.5,4960.056181685741
18.51,4959.582114818312
18.52,4959.103983904443
18.53,4958.621769843038
18.54,4958.135453533007
18.55,4957.645015873253
18.56,4957.150437762687
18.57,4956.651700100214
18.58,4956.148783784742
18.59,4955.641669715175
18.6,4955.130338790424
18.61,4954.614771909393
18.62,4954.094949970991
18.63,4953.570853874123
18.64,4953.042464517697
18.65,4952.509762800621
18.66,4951.972729621801
18.67,4951.431345880143
18.68,4950.885592474556
18.69,4950.335450303946
18.7,4949.78090026722
18.71,4949.221923263283
18.72,4948.658500191046
18.73,4948.090611949412
18.74,4947.518239437292
18.75,4946.941363553588
18.76,4946.359965197211
18.77,4945.774025267067
18.78,4945.183524662062
18.79,4944.588444281103
18.8,4943.9887650230985
18.81,4943.384467786956
18.82,4942.775533471579
18.83,4942.1619429758775
18.84,4941.543677198757
18.85,4940.920717039124
18.86,4940.293043395888
18.87,4939.6606371679545
18.88,4939.023479254231
18.89,4938.381550553621
18.9,4937.734831965036
18.91,4937.08330438738
18.92,4936.426948719563
18.93,4935.765745860489
18.94,4935.099676709067
18.95,4934.428722164204
18.96,4933.752863124805
18.97,4933.072080489778
18.98,4932.386355158031
18.99,4931.695668028469
19.0,4931.0
19.01,4930.299331971532
19.02,4929.59364484197
19.03,4928.882919510223
19.04,4928.167136875196
19.05,4927.446277835797
19.06,4926.720323290933
19.07,4925.989254139511
19.08,4925.253051280438
19.09,4924.51169561262
19.1,4923.765168034966
19.11,4923.013449446379
19.12,4922.256520745771
19.13,4921.494362832047
19.14,4920.726956604112
19.15,4919.954282960876
19.16,4919.176322801244
19.17,4918.393057024124
19.18,4917.604466528423
19.19,4916.810532213046
19.2,4916.0112349769015
19.21,4915.206555718897
19.22,4914.396475337939
19.23,4913.580974732933
19.24,4912.76003480279
19.25,4911.9336364464125
19.26,4911.10176056271
19.27,4910.264388050589
19.28,4909.421499808956
19.29,4908.573076736717
19.3,4907.719099732782
19.31,4906.859549696055
19.32,4905.994407525444
19.33,4905.123654119857
19.34,4904.2472703782005
19.35,4903.365237199379
19.36,4902.477535482303
19.37,4901.584146125877
19.38,4900.68505002901
19.39,4899.780228090608
19.4,4898.869661209578
19.41,4897.953330284826
19.42,4897.03121621526
19.43,4896.103299899787
19.44,4895.169562237314
19.45,4894.229984126748
19.46,4893.2845464669945
19.47,4892.333230156963
19.48,4891.376016095559
19.49,4890.412885181689
19.5,4889.443818314261
19.51,4888.468796392181
19.52,4887.487800314357
19.53,4886.500810979696
19.54,4885.5078092871045
19.55,4884.508776135488
19.56,4883.5036924237575
19.57,4882.492539050814
19.58,4881.475296915571
19.59,4880.45194691693
19.6,4879.422469953803
19.61,4878.386846925092
19.62,4877.345058729708
19.63,4876.297086266555
19.64,4875.242910434541
19.65,4874.182512132575
19.66,4873.115872259561
19.67,4872.042971714407
19.68,4870.96379139602
19.69,4869.878312203307
19.7,4868.786515035175
19.71,4867.688380790532
19.72,4866.583890368283
19.73,4865.473024667337
19.74,4864.355764586599
19.75,4863.232091024978
19.76,4862.1019848813785
19.77,4860.96542705471
19.78,4859.822398443878
19.79,4858.67287994779
19.8,4857.516852465352
19.81,4856.354296895472
19.82,4855.185194137057
19.83,4854.009525089014
19.84,4852.8272706502485
19.85,4851.638411719669
19.86,4850.442929196183
19.87,4849.240803978696
19.88,4848.032016966115
19.89,4846.816549057348
19.9,4845.594381151303
19.91,4844.365494146884
19.92,4843.129868943
19.93,4841.887486438557
19.94,4840.6383275324615
19.95,4839.382373123622
19.96,4838.119604110946
19.97,4836.850001393337
19.98,4835.573545869705
19.99,4834.290218438959
20.0,4833.0
20.01,0.0
20.02,0.0
20.03,0.0
20.04,0.0
20.05,0.0
20.06,0.0
20.07,0.0
20.08,0.0
20.09,0.0
20.1,0.0
20.11,0.0
20.12,0.0
20.13,0.0
20.14,0.0
20.15,0.0
20.16,0.0
20.17,0.0
20.18,0.0
20.19,0.0
20.2,0.0
20.21,0.0
20.22,0.0
20.23,0.0
20.24,0.0
20.25,0.0
20.26,0.0
20.27,0.0
20.28,0.0
20.29,0.0
20.3,0.0
20.31,0.0
20.32,0.0
20.33,0.0
20.34,0.0
20.35,0.0
20.36,0.0
20.37,0.0
20.38,0.0
20.39,0.0
20.4,0.0
20.41,0.0
20.42,0.0
20.43,0.0
20.44,0.0
20.45,0.0
20.46,0.0
20.47,0.0
20.48,0.0
20.49,0.0
20.5,0.0
20.51,0.0
20.52,0.0
20.53,0.0
20.54,0.0
20.55,0.0
20.56,0.0
20.57,0.0
20.58,0.0
20.59,0.0
20.6,0.0
20.61,0.0
20.62,0.0
20.63,0.0
20.64,0.0
20.65,0.0
20.66,0.0
20.67,0.0
20.68,0.0
20.69,0.0
20.7,0.0
20.71,0.0
20.72,0.0
20.73,0.0
20.74,0.0
20.75,0.0
20.76,0.0
20.77,0.0
20.78,0.0
20.79,0.0
20.8,0.0
20.81,0.0
20.82,0.0
20.83,0.0
20.84,0.0
20.85,0.0
20.86,0.0
20.87,0.0
20.88,0.0
20.89,0.0
20.9,0.0
20.91,0.0
20.92,0.0
20.93,0.0
20.94,0.0
20.95,0.0
20.96,0.0
20.97,0.0
20.98,0.0
20.99,0.0
21.0,0.0
