wind_speed,GE Vernova GE 2.5-103
1.0,0.0
1.01,0.0
1.02,0.0
1.03,0.0
1.04,0.0
1.05,0.0
1.06,0.0
1.07,0.0
1.08,0.0
1.09,0.0
1.1,0.0
1.11,0.0
1.12,0.0
1.13,0.0
1.14,0.0
1.15,0.0
1.16,0.0
1.17,0.0
1.18,0.0
1.19,0.0
1.2,0.0
1.21,0.0
1.22,0.0
1.23,0.0
1.24,0.0
1.25,0.0
1.26,0.0
1.27,0.0
1.28,0.0
1.29,0.0
1.3,0.0
1.31,0.0
1.32,0.0
1.33,0.0
1.34,0.0
1.35,0.0
1.36,0.0
1.37,0.0
1.38,0.0
1.39,0.0
1.4,0.0
1.41,0.0
1.42,0.0
1.43,0.0
1.44,0.0
1.45,0.0
1.46,0.0
1.47,0.0
1.48,0.0
1.49,0.0
1.5,0.0
1.51,0.0
1.52,0.0
1.53,0.0
1.54,0.0
1.55,0.0
1.56,0.0
1.57,0.0
1.58,0.0
1.59,0.0
1.6,0.0
1.61,0.0
1.62,0.0
1.63,0.0
1.64,0.0
1.65,0.0
1.66,0.0
1.67,0.0
1.68,0.0
1.69,0.0
1.7,0.0
1.71,0.0
1.72,0.0
1.73,0.0
1.74,0.0
1.75,0.0
1.76,0.0
1.77,0.0
1.78,0.0
1.79,0.0
1.8,0.0
1.81,0.0
1.82,0.0
1.83,0.0
1.84,0.0
1.85,0.0
1.86,0.0
1.87,0.0
1.88,0.0
1.89,0.0
1.9,0.0
1.91,0.0
1.92,0.0
1.93,0.0
1.94,0.0
1.95,0.0
1.96,0.0
1.97,0.0
1.98,0.0
1.99,0.0
2.0,0.0
2.01,0.0
2.02,0.0
2.03,0.0
2.04,0.0
2.05,0.0
2.06,0.0
2.07,0.0
2.08,0.0
2.09,0.0
2.1,0.0
2.11,0.0
2.12,0.0
2.13,0.0
2.14,0.0
2.15,0.0
2.16,0.0
2.17,0.0
2.18,0.0
2.19,0.0
2.2,0.0
2.21,0.0
2.22,0.0
2.23,0.0
2.24,0.0
2.25,0.0
2.26,0.0
2.27,0.0
2.28,0.0
2.29,0.0
2.3,0.0
2.31,0.0
2.32,0.0
2.33,0.0
2.34,0.0
2.35,0.0
2.36,0.0
2.37,0.0
2.38,0.0
2.39,0.0
2.4,0.0
2.41,0.0
2.42,0.0
2.43,0.0
2.44,0.0
2.45,0.0
2.46,0.0
2.47,0.0
2.48,0.0
2.49,0.0
2.5,0.0
2.51,0.0
2.52,0.0
2.53,0.0
2.54,0.0
2.55,0.0
2.56,0.0
2.57,0.0
2.58,0.0
2.59,0.0
2.6,0.0
2.61,0.0
2.62,0.0
2.63,0.0
2.64,0.0
2.65,0.0
2.66,0.0
2.67,0.0
2.68,0.0
2.69,0.0
2.7,0.0
2.71,0.0
2.72,0.0
2.73,0.0
2.74,0.0
2.75,0.0
2.76,0.0
2.77,0.0
2.78,0.0
2.79,0.0
2.8,0.0
2.81,0.0
2.82,0.0
2.83,0.0
2.84,0.0
2.85,0.0
2.86,0.0
2.87,0.0
2.88,0.0
2.89,0.0
2.9,0.0
2.91,0.0
2.92,0.0
2.93,0.0
2.94,0.0
2.95,0.0
2.96,0.0
2.97,0.0
2.98,0.0
2.99,0.0
3.0,17.0
3.01,17.64967490199886
3.02,18.302496779634183
3.03,18.958499368097005
3.04,19.617716402578477
3.05,20.280181618269623
3.06,20.945928750361603
3.07,21.61499153404545
3.08,22.28740370451233
3.09,22.963198996953253
3.1,23.642411146559382
3.11,24.32507388852176
3.12,25.011220958031533
3.13,25.700886090279727
3.14,26.394103020457504
3.15,27.090905483755893
3.16,27.79132721536605
3.17,28.49540195047901
3.18,29.203163424285925
3.19,29.91464537197782
3.2,30.629881528745862
3.21,31.348905629781065
3.22,32.07175141027461
3.23,32.798452605417495
3.24,33.529042950400914
3.25,34.26355618041586
3.26,35.00202603065349
3.27,35.7444862363049
3.28,36.49097053256115
3.29,37.24151265461337
3.3,37.9961463376526
3.31,38.75490531687001
3.32,39.5178233274566
3.33,40.28493410460355
3.34,41.05627138350189
3.35,41.83186889934276
3.36,42.6117603873172
3.37,43.39597958261636
3.38,44.184560220431294
3.39,44.977536035953136
3.4,45.774940764372914
3.41,46.5768081408818
3.42,47.38317190067082
3.43,48.19406577893111
3.44,49.00952351085371
3.45,49.8295788316298
3.46,50.654265476450384
3.47,51.48361718050664
3.48,52.31766767898958
3.49,53.15645070709035
3.5,54.0
3.51,54.84834929290965
3.52,55.70153232101043
3.53,56.55958281949338
3.54,57.42253452354962
3.55,58.2904211683702
3.56,59.1632764891463
3.57,60.0411342210689
3.58,60.9240280993292
3.59,61.811991859118216
3.6,62.705059235627104
3.61,63.60326396404688
3.62,64.50663977956872
3.63,65.41522041738364
3.64,66.32903961268282
3.65,67.24813110065726
3.66,68.17252861649813
3.67,69.10226589539644
3.68,70.03737667254342
3.69,70.97789468313
3.7,71.92385366234741
3.71,72.87528734538664
3.72,73.83222946743886
3.73,74.79471376369509
3.74,75.76277396934654
3.75,76.73644381958414
3.76,77.71575704959909
3.77,78.7007473945825
3.78,79.69144858972541
3.79,80.68789437021896
3.8,81.69011847125414
3.81,82.6981546280222
3.82,83.71203657571408
3.83,84.73179804952099
3.84,85.75747278463396
3.85,86.78909451624412
3.86,87.8266969795425
3.87,88.8703139097203
3.88,89.91997904196847
3.89,90.97572611147824
3.9,92.0375888534406
3.91,93.10560100304676
3.92,94.17979629548768
3.93,95.26020846595456
3.94,96.34687124963838
3.95,97.4398183817304
3.96,98.53908359742152
3.97,99.644700631903
3.98,100.7567032203658
3.99,101.87512509800116
4.0,103.0
4.01,104.1313519263624
4.02,105.26916593632404
4.03,106.41341735392947
4.04,107.56408150322312
4.05,108.72113370824948
4.06,109.88454929305324
4.07,111.05430358167894
4.08,112.23037189817092
4.09,113.41272956657384
4.1,114.60135191093224
4.11,115.79621425529076
4.12,116.99729192369368
4.13,118.20456024018569
4.14,119.41799452881128
4.15,120.63757011361513
4.16,121.86326231864147
4.17,123.09504646793512
4.18,124.33289788554046
4.19,125.5767918955022
4.2,126.82670382186464
4.21,128.08260898867238
4.22,129.34448271997
4.23,130.61230033980212
4.24,131.88603717221312
4.25,133.16566854124758
4.26,134.45116977095
4.27,135.74251618536505
4.28,137.03968310853722
4.29,138.3426458645109
4.3,139.65137977733073
4.31,140.9658601710412
4.32,142.28606236968704
4.33,143.61196169731252
4.34,144.94353347796223
4.35,146.2807530356808
4.36,147.62359569451277
4.37,148.97203677850257
4.38,150.32605161169477
4.39,151.6856155181339
4.4,153.0507038218646
4.41,154.4212918469313
4.42,155.79735491737844
4.43,157.1788683572507
4.44,158.56580749059276
4.45,159.95814764144876
4.46,161.3558641338635
4.47,162.75893229188142
4.48,164.16732743954728
4.49,165.58102490090522
4.5,167.0
4.51,168.4242670016405
4.52,169.8539959336932
4.53,171.28939576478885
4.54,172.73067546355804
4.55,174.1780439986317
4.56,175.63171033864057
4.57,177.09188345221557
4.58,178.55877230798714
4.59,180.03258587458632
4.6,181.5135331206437
4.61,183.00182301479032
4.62,184.4976645256567
4.63,186.0012666218736
4.64,187.5128382720719
4.65,189.0325884448825
4.66,190.560726108936
4.67,192.09746023286303
4.68,193.64299978529465
4.69,195.19755373486151
4.7,196.76133105019437
4.71,198.33454069992388
4.72,199.91739165268103
4.73,201.51009287709667
4.74,203.1128533418012
4.75,204.72588201542564
4.76,206.3493878666007
4.77,207.9835798639572
4.78,209.628666976126
4.79,211.2848581717376
4.8,212.95236241942288
4.81,214.63138868781277
4.82,216.32214594553795
4.83,218.02484316122903
4.84,219.73968930351705
4.85,221.46689334103252
4.86,223.20666424240653
4.87,224.9592109762695
4.88,226.72474251125243
4.89,228.50346781598597
4.9,230.29559585910116
4.91,232.10133560922827
4.92,233.9208960349985
4.93,235.7544861050424
4.94,237.60231478799105
4.95,239.4645910524747
4.96,241.34152386712452
4.97,243.2333222005712
4.98,245.14019502144555
4.99,247.0623512983782
5.0,249.0
5.01,250.95330678093876
5.02,252.9222640398104
5.03,254.90682086122797
5.04,256.9069263298042
5.05,258.92252953015213
5.06,260.9535795468849
5.07,263.00002546461536
5.08,265.0618163679563
5.09,267.1389013415208
5.1,269.23122946992186
5.11,271.33874983777264
5.12,273.4614115296856
5.13,275.59916363027395
5.14,277.7519552241506
5.15,279.9197353959288
5.16,282.1024532302212
5.17,284.3000578116406
5.18,286.5124982248004
5.19,288.7397235543134
5.2,290.9816828847923
5.21,293.23832530085025
5.22,295.5095998871002
5.23,297.7954557281553
5.24,300.0958419086281
5.25,302.41070751313185
5.26,304.7400016262793
5.27,307.0836733326837
5.28,309.4416717169579
5.29,311.81394586371465
5.3,314.2004448575671
5.31,316.6011177831281
5.32,319.0159137250108
5.33,321.4447817678279
5.34,323.8876709961925
5.35,326.3445304947175
5.36,328.8153093480161
5.37,331.2999566407008
5.38,333.79842145738485
5.39,336.31065288268115
5.4,338.8366000012029
5.41,341.37621189756254
5.42,343.9294376563734
5.43,346.4962263622482
5.44,349.07652709980044
5.45,351.6702889536423
5.46,354.2774610083871
5.47,356.8979923486479
5.48,359.5318320590377
5.49,362.1789292241692
5.5,364.83923292865546
5.51,367.5126922571095
5.52,370.1992562941441
5.53,372.89887412437264
5.54,375.6114948324075
5.55,378.3370675028618
5.56,381.0755412203489
5.57,383.8268650694816
5.58,386.5909881348724
5.59,389.3678595011346
5.6,392.1574282528812
5.61,394.9596434747253
5.62,397.77445425127945
5.63,400.6018096671567
5.64,403.44165880697017
5.65,406.293950755333
5.66,409.1586345968578
5.67,412.03565941615744
5.68,414.9249742978452
5.69,417.82652832653406
5.7,420.7402705868366
5.71,423.666150163366
5.72,426.60411614073513
5.73,429.5541176035574
5.74,432.51610363644505
5.75,435.49002332401153
5.76,438.4758257508696
5.77,441.473460001632
5.78,444.4828751609126
5.79,447.5040203133232
5.8,450.5368445434773
5.81,453.5812969359878
5.82,456.637326575468
5.83,459.7048825465303
5.84,462.7839139337877
5.85,465.8743698218536
5.86,468.9761992953408
5.87,472.0893514388619
5.88,475.2137753370301
5.89,478.34942007445846
5.9,481.4962347357601
5.91,484.6541684055474
5.92,487.8231701684336
5.93,491.00318910903167
5.94,494.194174311955
5.95,497.3960748618158
5.96,500.60883984322726
5.97,503.8324183408026
5.98,507.0667594391549
5.99,510.3118122228965
6.0,513.5675257766405
6.01,516.8338491850003
6.02,520.1107315325885
6.03,523.3981219040185
6.04,526.6959693839025
6.05,530.0042230568538
6.06,533.3228320074855
6.07,536.651745320411
6.08,539.9909120802422
6.09,543.3402813715927
6.1,546.6998022790751
6.11,550.0694238873033
6.12,553.4490952808889
6.13,556.8387655444457
6.14,560.2383837625865
6.15,563.6478990199245
6.16,567.0672604010721
6.17,570.4964169906425
6.18,573.9353178732488
6.19,577.3839121335039
6.2,580.8421488560207
6.21,584.3099771254119
6.22,587.7873460262908
6.23,591.2742046432705
6.24,594.7705020609637
6.25,598.2761873639834
6.26,601.7912096369424
6.27,605.3155179644536
6.28,608.8490614311308
6.29,612.3917891215859
6.3,615.9436501204324
6.31,619.5045935122829
6.32,623.074568381751
6.33,626.6535238134488
6.34,630.2414088919899
6.35,633.8381727019869
6.36,637.4437643280534
6.37,641.0581328548013
6.38,644.6812273668443
6.39,648.3129969487951
6.4,651.9533906852671
6.41,655.6023576608724
6.42,659.2598469602246
6.43,662.9258076679366
6.44,666.6001888686214
6.45,670.2829396468917
6.46,673.9740090873604
6.47,677.6733462746405
6.48,681.3809002933459
6.49,685.096620228088
6.5,688.8204551634806
6.51,692.5523541841364
6.52,696.2922663746688
6.53,700.0401408196906
6.54,703.7959266038143
6.55,707.5595728116532
6.56,711.3310285278201
6.57,715.1102428369287
6.58,718.8971648235909
6.59,722.69174357242
6.6,726.4939281680292
6.61,730.3036676950315
6.62,734.1209112380394
6.63,737.9456078816661
6.64,741.7777067105249
6.65,745.6171568092284
6.66,749.4639072623893
6.67,753.3179071546209
6.68,757.1791055705361
6.69,761.0474515947484
6.7,764.9228943118695
6.71,768.8053828065132
6.72,772.6948661632927
6.73,776.5912934668205
6.74,780.4946138017095
6.75,784.4047762525727
6.76,788.3217299040232
6.77,792.2454238406738
6.78,796.1758071471382
6.79,800.1128289080283
6.8,804.0564382079573
6.81,808.0065841315384
6.82,811.9632157633848
6.83,815.9262821881089
6.84,819.895732490324
6.85,823.8715157546428
6.86,827.8535810656788
6.87,831.8418775080443
6.88,835.8363541663523
6.89,839.8369601252161
6.9,843.843644469249
6.91,847.8563562830632
6.92,851.8750446512718
6.93,855.899658658488
6.94,859.9301473893249
6.95,863.966459928395
6.96,868.0085453603115
6.97,872.0563527696872
6.98,876.1098312411357
6.99,880.168929859269
7.0,884.2335977087004
7.01,888.3037838740432
7.02,892.3794374399099
7.03,896.4605074909141
7.04,900.5469431116682
7.05,904.638693386785
7.06,908.735707400878
7.07,912.83793423856
7.08,916.9453229844436
7.09,921.0578227231422
7.1,925.1753825392684
7.11,929.2979515174356
7.12,933.425478742256
7.13,937.5579132983432
7.14,941.69520427031
7.15,945.8373007427698
7.16,949.9841518003344
7.17,954.135706527618
7.18,958.2919140092326
7.19,962.4527233297922
7.2,966.6180835739084
7.21,970.7879438261956
7.22,974.9622531712656
7.23,979.140960693732
7.24,983.3240154782076
7.25,987.5113666093048
7.26,991.7029631716374
7.27,995.898754249818
7.28,1000.0986889284598
7.29,1004.3027162921752
7.3,1008.5107854255774
7.31,1012.7228454132796
7.32,1016.938845339895
7.33,1021.1587342900358
7.34,1025.382461348315
7.35,1029.6099755993464
7.36,1033.8412261277426
7.37,1038.0761620181158
7.38,1042.31473235508
7.39,1046.5568862232471
7.4,1050.802572707231
7.41,1055.0517408916446
7.42,1059.3043398611003
7.43,1063.560318700211
7.44,1067.8196264935907
7.45,1072.082212325851
7.46,1076.3480252816055
7.47,1080.6170144454677
7.48,1084.8891289020498
7.49,1089.164317735965
7.5,1093.4425300318258
7.51,1097.7237148742458
7.52,1102.0078213478378
7.53,1106.2947985372143
7.54,1110.5845955269897
7.55,1114.8771614017749
7.56,1119.172445246184
7.57,1123.4703961448304
7.58,1127.7709631823257
7.59,1132.0740954432838
7.6,1136.3797420123178
7.61,1140.6878519740403
7.62,1144.998374413064
7.63,1149.3112584140022
7.64,1153.6264530614678
7.65,1157.943907440074
7.66,1162.2635706344336
7.67,1166.585391729159
7.68,1170.909319808864
7.69,1175.2353039581612
7.7,1179.5632932616634
7.71,1183.8932368039834
7.72,1188.2250836697349
7.73,1192.5587829435303
7.74,1196.8942837099826
7.75,1201.2315350537046
7.76,1205.5704860593098
7.77,1209.9110858114109
7.78,1214.253283394621
7.79,1218.597027893552
7.8,1222.9422683928178
7.81,1227.2889539770315
7.82,1231.6370337308065
7.83,1235.9864567387544
7.84,1240.3371720854889
7.85,1244.6891288556226
7.86,1249.0422761337695
7.87,1253.3965630045411
7.88,1257.7519385525516
7.89,1262.1083518624127
7.9,1266.465752018739
7.91,1270.8240881061422
7.92,1275.183309209235
7.93,1279.5433644126315
7.94,1283.904202800944
7.95,1288.2657734587854
7.96,1292.628025470769
7.97,1296.9909079215067
7.98,1301.3543698956137
7.99,1305.7183604777006
8.0,1310.0828287523816
8.01,1314.4477238042696
8.02,1318.8129947179768
8.03,1323.1785905781169
8.04,1327.544460469303
8.05,1331.910553476148
8.06,1336.276818683264
8.07,1340.6432051752645
8.08,1345.0096620367624
8.09,1349.3761383523706
8.1,1353.7425832067026
8.11,1358.1089456843706
8.12,1362.475174869988
8.13,1366.8412198481683
8.14,1371.2070297035234
8.15,1375.5725535206664
8.16,1379.9377403842104
8.17,1384.302539378769
8.18,1388.6668995889545
8.19,1393.0307700993797
8.2,1397.3940999946576
8.21,1401.7568383594028
8.22,1406.1189342782257
8.23,1410.480336835741
8.24,1414.8409951165604
8.25,1419.200858205298
8.26,1423.5598751865657
8.27,1427.917995144977
8.28,1432.2751671651458
8.29,1436.6313403316833
8.3,1440.9864637292044
8.31,1445.3404864423203
8.32,1449.6933575556443
8.33,1454.04502615379
8.34,1458.39544132137
8.35,1462.7445521429972
8.36,1467.0923077032849
8.37,1471.4386570868458
8.38,1475.7835493782934
8.39,1480.1269336622393
8.4,1484.4687590232977
8.41,1488.808974546081
8.42,1493.1475293152016
8.43,1497.4843724152734
8.44,1501.8194529309094
8.45,1506.1527199467223
8.46,1510.4841225473256
8.47,1514.813609817331
8.48,1519.141130841352
8.49,1523.4666347040018
8.5,1527.790070489893
8.51,1532.111387283639
8.52,1536.4305341698523
8.53,1540.7474602331467
8.54,1545.0621145581342
8.55,1549.374446229429
8.56,1553.684404331642
8.57,1557.9919379493876
8.58,1562.2969961672788
8.59,1566.599528069928
8.6,1570.8994827419478
8.61,1575.1968092679526
8.62,1579.4914567325543
8.63,1583.7833742203668
8.64,1588.072510816001
8.65,1592.358815604072
8.66,1596.6422376691917
8.67,1600.9227260959733
8.68,1605.2002299690296
8.69,1609.4746983729738
8.7,1613.746080392419
8.71,1618.014325111978
8.72,1622.2793816162634
8.73,1626.5411989898882
8.74,1630.799726317466
8.75,1635.054912683609
8.76,1639.3067071729306
8.77,1643.5550588700437
8.78,1647.7999168595609
8.79,1652.0412302260956
8.8,1656.2789480542615
8.81,1660.5130194286698
8.82,1664.743393433935
8.83,1668.9700191546683
8.84,1673.1928456754845
8.85,1677.411822080995
8.86,1681.6268974558143
8.87,1685.838020884555
8.88,1690.0451414518295
8.89,1694.2482082422507
8.9,1698.4471703404315
8.91,1702.6419768309852
8.92,1706.832576798525
8.93,1711.0189193276633
8.94,1715.2009535030134
8.95,1719.378628409188
8.96,1723.551893130801
8.97,1727.7206967524637
8.98,1731.8849883587902
8.99,1736.044717034393
9.0,1740.1998318638855
9.01,1744.3502819318803
9.02,1748.4960163229907
9.03,1752.6369841218288
9.04,1756.7731344130084
9.05,1760.9044162811433
9.06,1765.0307788108444
9.07,1769.1521710867255
9.08,1773.2685421934
9.09,1777.3798412154806
9.1,1781.4860172375795
9.11,1785.587019344311
9.12,1789.6827966202875
9.13,1793.7732981501222
9.14,1797.8584730184273
9.15,1801.938270309816
9.16,1806.0126391089016
9.17,1810.0815285002968
9.18,1814.144887568615
9.19,1818.2026653984683
9.2,1822.2548110744704
9.21,1826.3012736812343
9.22,1830.342002303373
9.23,1834.3769460254985
9.24,1838.4060539322245
9.25,1842.429275108164
9.26,1846.4465586379288
9.27,1850.4578536061335
9.28,1854.463109097391
9.29,1858.462274196313
9.3,1862.4552979875143
9.31,1866.4421295556065
9.32,1870.4227179852012
9.33,1874.397012360914
9.34,1878.3649617673564
9.35,1882.3265152891415
9.36,1886.2816220108832
9.37,1890.230231017193
9.38,1894.1722913926856
9.39,1898.1077522219723
9.4,1902.0365625896663
9.41,1905.9586715803816
9.42,1909.8740282787303
9.43,1913.7825817693256
9.44,1917.68428113678
9.45,1921.5790754657075
9.46,1925.4669138407205
9.47,1929.347745346431
9.48,1933.2215190674533
9.49,1937.0881840884003
9.5,1940.9476894938844
9.51,1944.7999843685184
9.52,1948.645017796916
9.53,1952.4827388636888
9.54,1956.3130966534509
9.55,1960.136040250816
9.56,1963.951518740396
9.57,1967.759481206803
9.58,1971.559876734652
9.59,1975.3526544085537
9.6,1979.1377633131224
9.61,1982.9151525329717
9.62,1986.684771152713
9.63,1990.4465682569603
9.64,1994.2004929303264
9.65,1997.946494257424
9.66,2001.6845213228655
9.67,2005.4145232112653
9.68,2009.1364490072356
9.69,2012.850247795389
9.7,2016.5558686603383
9.71,2020.2532606866985
9.72,2023.9423729590796
9.73,2027.623154562096
9.74,2031.295554580361
9.75,2034.9595220984872
9.76,2038.6150062010877
9.77,2042.2619559727743
9.78,2045.900320498162
9.79,2049.530048861862
9.8,2053.151090148489
9.81,2056.763393442654
9.82,2060.3669078289718
9.83,2063.961582392052
9.84,2067.5473662165123
9.85,2071.124208386962
9.86,2074.692057988016
9.87,2078.250864104287
9.88,2081.800575820387
9.89,2085.34114222093
9.9,2088.8725123905283
9.91,2092.3946354137947
9.92,2095.907460375343
9.93,2099.4109363597854
9.94,2102.9050124517357
9.95,2106.389637735805
9.96,2109.864761296609
9.97,2113.3303322187585
9.98,2116.7862995868672
9.99,2120.232612485548
10.0,2123.669219999414
10.01,2127.0960712130777
10.02,2130.5131152111526
10.03,2133.920301078251
10.04,2137.317577898987
10.05,2140.704894757973
10.06,2144.082200739821
10.07,2147.449444929145
10.08,2150.8065764105586
10.09,2154.1535442686727
10.1,2157.4902975881014
10.11,2160.8167854534577
10.12,2164.1329569493555
10.13,2167.438761160406
10.14,2170.734147171224
10.15,2174.0190640664205
10.16,2177.2934609306094
10.17,2180.557286848404
10.18,2183.8104909044164
10.19,2187.05302218326
10.2,2190.284829769548
10.21,2193.505862747894
10.22,2196.7160702029087
10.23,2199.915401219207
10.24,2203.1038048814007
10.25,2206.2812302741045
10.26,2209.447626481929
10.27,2212.60294258949
10.28,2215.747127681398
10.29,2218.880130842266
10.3,2222.0019011567097
10.31,2225.1123877093382
10.32,2228.2115395847677
10.33,2231.299305867609
10.34,2234.375635642476
10.35,2237.4404779939814
10.36,2240.493782006739
10.37,2243.53549676536
10.38,2246.56557135446
10.39,2249.583954858648
10.4,2252.590596362542
10.41,2255.5854449507497
10.42,2258.568449707888
10.43,2261.5395597185684
10.44,2264.498724067404
10.45,2267.445891839007
10.46,2270.3810121179927
10.47,2273.3040339889712
10.48,2276.214906536557
10.49,2279.1135788453616
10.5,2282.0
10.51,2284.8740824802358
10.52,2287.735592346436
10.53,2290.584259054121
10.54,2293.4198120588103
10.55,2296.2419808160234
10.56,2299.050494781279
10.57,2301.845083410097
10.58,2304.6254761579976
10.59,2307.3914024804985
10.6,2310.1425918331206
10.61,2312.878773671383
10.62,2315.5996774508044
10.63,2318.3050326269054
10.64,2320.9945686552046
10.65,2323.6680149912218
10.66,2326.3251010904755
10.67,2328.9655564084865
10.68,2331.5891104007733
10.69,2334.195492522856
10.7,2336.784432230253
10.71,2339.3556589784857
10.72,2341.908902223071
10.73,2344.44389141953
10.74,2346.9603560233813
10.75,2349.458025490145
10.76,2351.93662927534
10.77,2354.3958968344864
10.78,2356.8355576231024
10.79,2359.2553410967093
10.8,2361.6549767108254
10.81,2364.0341939209698
10.82,2366.392722182662
10.83,2368.7302909514224
10.84,2371.0466296827685
10.85,2373.341467832222
10.86,2375.614534855301
10.87,2377.865560207525
10.88,2380.0942733444144
10.89,2382.300403721488
10.9,2384.4836807942647
10.91,2386.6438340182644
10.92,2388.780592849007
10.93,2390.8936867420102
10.94,2392.982845152796
10.95,2395.0477975368804
10.96,2397.088273349787
10.97,2399.1040020470327
10.98,2401.0947130841364
10.99,2403.0601359166194
11.0,2405.0
11.01,2406.914135375669
11.02,2408.802774428505
11.03,2410.666250129257
11.04,2412.504895448674
11.05,2414.319043357507
11.06,2416.109026826503
11.07,2417.875178826412
11.08,2419.6178323279846
11.09,2421.3373203019687
11.1,2423.0339757191146
11.11,2424.708131550171
11.12,2426.360120765887
11.13,2427.9902763370137
11.14,2429.5989312342986
11.15,2431.186418428493
11.16,2432.753070890344
11.17,2434.299221590602
11.18,2435.8252035000164
11.19,2437.3313495893367
11.2,2438.817992829312
11.21,2440.285466190692
11.22,2441.734102644225
11.23,2443.164235160662
11.24,2444.576196710751
11.25,2445.970320265242
11.26,2447.3469387948835
11.27,2448.706385270427
11.28,2450.04899266262
11.29,2451.375093942212
11.3,2452.685022079953
11.31,2453.979110046592
11.32,2455.2576908128776
11.33,2456.52109734956
11.34,2457.769662627389
11.35,2459.0037196171133
11.36,2460.2236012894828
11.37,2461.429640615246
11.38,2462.6221705651533
11.39,2463.8015241099533
11.4,2464.968034220395
11.41,2466.122033867229
11.42,2467.2638560212044
11.43,2468.393833653069
11.44,2469.512299733574
11.45,2470.6195872334674
11.46,2471.7160291235
11.47,2472.80195837442
11.48,2473.877707956977
11.49,2474.9436108419204
11.5,2476.0
11.51,2477.047144017087
11.52,2478.085053939542
11.53,2479.11367642885
11.54,2480.13295814649
11.55,2481.1428457539505
11.56,2482.1432859127103
11.57,2483.134225284254
11.58,2484.115610530066
11.59,2485.087388311627
11.6,2486.0495052904225
11.61,2487.0019081279333
11.62,2487.9445434856443
11.63,2488.8773580250386
11.64,2489.8002984075997
11.65,2490.713311294808
11.66,2491.616343348149
11.67,2492.509341229106
11.68,2493.3922515991608
11.69,2494.265021119798
11.7,2495.1275964525
11.71,2495.9799242587487
11.72,2496.821951200029
11.73,2497.653623937824
11.74,2498.474889133615
11.75,2499.2856934488877
11.76,2500.085983545124
11.77,2500.875706083806
11.78,2501.6548077264183
11.79,2502.423235134444
11.8,2503.1809349693654
11.81,2503.927853892666
11.82,2504.663938565829
11.83,2505.3891356503377
11.84,2506.1033918076746
11.85,2506.806653699324
11.86,2507.498867986767
11.87,2508.1799813314888
11.88,2508.849940394972
11.89,2509.5086918387
11.9,2510.1561823241545
11.91,2510.79235851282
11.92,2511.417167066179
11.93,2512.0305546457143
11.94,2512.6324679129107
11.95,2513.2228535292493
11.96,2513.801658156214
11.97,2514.368828455289
11.98,2514.924311087956
11.99,2515.4680527156984
12.0,2516.0
12.01,2516.5201285559824
12.02,2517.0285298133253
12.03,2517.525324155346
12.04,2518.0106319653623
12.05,2518.484573626694
12.06,2518.9472695226577
12.07,2519.3988400365715
12.08,2519.839405551754
12.09,2520.269086451524
12.1,2520.688003119198
12.11,2521.0962759380955
12.12,2521.494025291533
12.13,2521.881371562831
12.14,2522.258435135306
12.15,2522.6253363922765
12.16,2522.9821957170607
12.17,2523.329133492976
12.18,2523.6662701033406
12.19,2523.9937259314734
12.2,2524.311621360692
12.21,2524.6200767743144
12.22,2524.919212555659
12.23,2525.209149088045
12.24,2525.490006754788
12.25,2525.7619059392077
12.26,2526.0249670246217
12.27,2526.279310394349
12.28,2526.5250564317066
12.29,2526.7623255200133
12.3,2526.9912380425867
12.31,2527.2119143827454
12.32,2527.424474923808
12.33,2527.6290400490902
12.34,2527.825730141913
12.35,2528.0146655855924
12.36,2528.1959667634483
12.37,2528.369754058797
12.38,2528.536147854958
12.39,2528.695268535249
12.4,2528.847236482988
12.41,2528.992172081493
12.42,2529.130195714082
12.43,2529.2614277640737
12.44,2529.385988614786
12.45,2529.503998649536
12.46,2529.6155782516435
12.47,2529.7208478044254
12.48,2529.8199276912
12.49,2529.9129382952856
12.5,2530.0
12.51,2530.081237758983
12.52,2530.156794807157
12.53,2530.2268189497686
12.54,2530.29145799206
12.55,2530.350859739276
12.56,2530.405171996661
12.57,2530.4545425694605
12.58,2530.4991192629186
12.59,2530.539049882279
12.6,2530.574482232786
12.61,2530.605564119685
12.62,2530.63244334822
12.63,2530.655267723636
12.64,2530.6741850511767
12.65,2530.6893431360872
12.66,2530.700889783611
12.67,2530.7089727989933
12.68,2530.7137399874778
12.69,2530.71533915431
12.7,2530.713918104734
12.71,2530.7096246439933
12.72,2530.702606577334
12.73,2530.693011709999
12.74,2530.6809878472336
12.75,2530.6666827942827
12.76,2530.650244356389
12.77,2530.631820338799
12.78,2530.6115585467555
12.79,2530.589606785504
12.8,2530.5661128602887
12.81,2530.5412245763537
12.82,2530.5150897389435
12.83,2530.4878561533037
12.84,2530.459671624676
12.85,2530.430683958308
12.86,2530.401040959442
12.87,2530.3708904333234
12.88,2530.3403801851964
12.89,2530.309658020305
12.9,2530.278871743896
12.91,2530.2481691612106
12.92,2530.217698077495
12.93,2530.1876062979927
12.94,2530.158041627949
12.95,2530.129151872608
12.96,2530.1010848372143
12.97,2530.073988327013
12.98,2530.0480101472463
12.99,2530.023298103161
13.0,2530.0
13.01,2529.978232408086
13.02,2529.957986958045
13.03,2529.9392240455827
13.04,2529.9219040664007
13.05,2529.9059874162053
13.06,2529.8914344907
13.07,2529.878205685588
13.08,2529.866261396575
13.09,2529.855562019364
13.1,2529.84606794966
13.11,2529.837739583166
13.12,2529.8305373155863
13.13,2529.8244215426257
13.14,2529.8193526599885
13.15,2529.815291063378
13.16,2529.812197148499
13.17,2529.810031311055
13.18,2529.80875394675
13.19,2529.8083254512885
13.2,2529.808706220376
13.21,2529.8098566497138
13.22,2529.811737135007
13.23,2529.814308071961
13.24,2529.8175298562787
13.25,2529.8213628836647
13.26,2529.825767549823
13.27,2529.830704250458
13.28,2529.836133381273
13.29,2529.842015337973
13.3,2529.8483105162613
13.31,2529.8549793118427
13.32,2529.861982120421
13.33,2529.869279337701
13.34,2529.876831359385
13.35,2529.884598581179
13.36,2529.8925413987863
13.37,2529.9006202079117
13.38,2529.908795404257
13.39,2529.91702738353
13.4,2529.925276541432
13.41,2529.933503273668
13.42,2529.9416679759424
13.43,2529.9497310439583
13.44,2529.957652873422
13.45,2529.9653938600345
13.46,2529.972914399502
13.47,2529.980174887529
13.48,2529.9871357198176
13.49,2529.993757292073
13.5,2530.0
13.51,2530.005832608675
13.52,2530.011257360664
13.53,2530.016284867906
13.54,2530.0209257423408
13.55,2530.025190595907
13.56,2530.0290900405444
13.57,2530.03263468819
13.58,2530.0358351507857
13.59,2530.0387020402686
13.6,2530.041245968579
13.61,2530.043477547655
13.62,2530.045407389436
13.63,2530.047046105862
13.64,2530.048404308872
13.65,2530.0494926104034
13.66,2530.0503216223965
13.67,2530.0509019567908
13.68,2530.0512442255244
13.69,2530.0513590405376
13.7,2530.0512570137685
13.71,2530.050948757156
13.72,2530.05044488264
13.73,2530.04975600216
13.74,2530.0488927276533
13.75,2530.0478656710607
13.76,2530.0466854443207
13.77,2530.0453626593726
13.78,2530.043907928155
13.79,2530.042331862607
13.8,2530.040645074669
13.81,2530.038858176278
13.82,2530.036981779375
13.83,2530.035026495898
13.84,2530.033002937786
13.85,2530.0309217169797
13.86,2530.0287934454154
13.87,2530.026628735034
13.88,2530.0244381977755
13.89,2530.022232445578
13.9,2530.02002209038
13.91,2530.0178177441207
13.92,2530.01563001874
13.93,2530.013469526176
13.94,2530.0113468783693
13.95,2530.0092726872576
13.96,2530.0072575647805
13.97,2530.005312122877
13.98,2530.0034469734865
13.99,2530.0016727285483
14.0,2530.0
14.01,2529.9984371572164
14.02,2529.996983599301
14.03,2529.9956364827967
14.04,2529.994392964239
14.05,2529.9932502001707
14.06,2529.992205347129
14.07,2529.9912555616547
14.08,2529.9903980002878
14.09,2529.989629819565
14.1,2529.9889481760288
14.11,2529.9883502262173
14.12,2529.9878331266705
14.13,2529.987394033928
14.14,2529.9870301045275
14.15,2529.986738495012
14.16,2529.986516361917
14.17,2529.986360861785
14.18,2529.986269151155
14.19,2529.9862383865643
14.2,2529.9862657245544
14.21,2529.986348321665
14.22,2529.9864833344345
14.23,2529.9866679194038
14.24,2529.98689923311
14.25,2529.987174432094
14.26,2529.9874906728965
14.27,2529.987845112055
14.28,2529.98823490611
14.29,2529.9886572116006
14.3,2529.989109185067
14.31,2529.9895879830474
14.32,2529.9900907620827
14.33,2529.9906146787107
14.34,2529.9911568894727
14.35,2529.9917145509075
14.36,2529.992284819554
14.37,2529.992864851952
14.38,2529.9934518046416
14.39,2529.994042834161
14.4,2529.994635097052
14.41,2529.995225749852
14.42,2529.995811949101
14.43,2529.9963908513387
14.44,2529.9969596131045
14.45,2529.997515390938
14.46,2529.9980553413784
14.47,2529.998576620965
14.48,2529.999076386238
14.49,2529.9995517937364
14.5,2530.0
14.51,2530.000418762462
14.52,2530.000808242131
14.53,2530.001169200912
14.54,2530.0015024007043
14.55,2530.0018086034142
14.56,2530.002088570942
14.57,2530.0023430651927
14.58,2530.002572848069
14.59,2530.002778681473
14.6,2530.002961327308
14.61,2530.0031215474773
14.62,2530.003260103883
14.63,2530.003377758429
14.64,2530.0034752730176
14.65,2530.0035534095528
14.66,2530.003612929935
14.67,2530.00365459607
14.68,2530.00367916986
14.69,2530.0036874132065
14.7,2530.0036800880143
14.71,2530.003657956185
14.72,2530.003621779623
14.73,2530.00357232023
14.74,2530.003510339908
14.75,2530.003436600562
14.76,2530.0033518640957
14.77,2530.0032568924094
14.78,2530.003152447407
14.79,2530.003039290992
14.8,2530.0029181850664
14.81,2530.002789891534
14.82,2530.0026551722976
14.83,2530.00251478926
14.84,2530.0023695043246
14.85,2530.0022200793937
14.86,2530.00206727637
14.87,2530.001911857157
14.88,2530.001754583658
14.89,2530.0015962177754
14.9,2530.0014375214123
14.91,2530.001279256472
14.92,2530.0011221848563
14.93,2530.0009670684685
14.94,2530.000814669213
14.95,2530.000665748992
14.96,2530.0005210697072
14.97,2530.000381393263
14.98,2530.000247481561
14.99,2530.000120096506
15.0,2530.0
15.01,2529.9998877929365
15.02,2529.999783432173
15.03,2529.9996867135605
15.04,2529.9995974329445
15.05,2529.999515386176
15.06,2529.9994403691026
15.07,2529.999372177574
15.08,2529.9993106074376
15.09,2529.999255454544
15.1,2529.9992065147394
15.11,2529.9991635838737
15.12,2529.999126457797
15.13,2529.999094932357
15.14,2529.9990688034018
15.15,2529.9990478667805
15.16,2529.999031918341
15.17,2529.9990207539345
15.18,2529.9990141694075
15.19,2529.9990119606096
15.2,2529.9990139233887
15.21,2529.9990198535947
15.22,2529.999029547075
15.23,2529.99904279968
15.24,2529.999059407256
15.25,2529.999079165654
15.26,2529.999101870723
15.27,2529.999127318309
15.28,2529.999155304263
15.29,2529.9991856244337
15.3,2529.999218074668
15.31,2529.999252450817
15.32,2529.999288548728
15.33,2529.999326164249
15.34,2529.99936509323
15.35,2529.99940513152
15.36,2529.9994460749663
15.37,2529.9994877194185
15.38,2529.999529860725
15.39,2529.9995722947365
15.4,2529.9996148172986
15.41,2529.9996572242617
15.42,2529.999699311474
15.43,2529.9997408747845
15.44,2529.999781710043
15.45,2529.999821613096
15.46,2529.999860379793
15.47,2529.999897805984
15.48,2529.999933687516
15.49,2529.9999678202385
15.5,2530.0
15.51,2530.000030065792
15.52,2530.000058029174
15.53,2530.000083944849
15.54,2530.0001078675177
15.55,2530.0001298518832
15.56,2530.0001499526475
15.57,2530.0001682245124
15.58,2530.0001847221806
15.59,2530.000199500354
15.6,2530.000212613735
15.61,2530.000224117025
15.62,2530.000234064928
15.63,2530.0002425121443
15.64,2530.0002495133767
15.65,2530.000255123328
15.66,2530.0002593966988
15.67,2530.000262388193
15.68,2530.000264152511
15.69,2530.000264744357
15.7,2530.000264218432
15.71,2530.0002626294386
15.72,2530.0002600320777
15.73,2530.0002564810534
15.74,2530.000252031066
15.75,2530.0002467368195
15.76,2530.0002406530148
15.77,2530.0002338343543
15.78,2530.0002263355404
15.79,2530.0002182112758
15.8,2530.0002095162617
15.81,2530.0002003052
15.82,2530.0001906327943
15.83,2530.000180553746
15.84,2530.000170122756
15.85,2530.0001593945294
15.86,2530.000148423765
15.87,2530.000137265168
15.88,2530.000125973439
15.89,2530.00011460328
15.9,2530.000103209394
15.91,2530.0000918464825
15.92,2530.000080569248
15.93,2530.0000694323926
15.94,2530.000058490618
15.95,2530.0000477986277
15.96,2530.000037411122
15.97,2530.0000273828045
15.98,2530.0000177683764
15.99,2530.000008622541
16.0,2530.0
16.01,2529.999991943895
16.02,2529.9999844511294
16.03,2529.999977507045
16.04,2529.999971096985
16.05,2529.999965206293
16.06,2529.999959820309
16.07,2529.999954924378
16.08,2529.999950503841
16.09,2529.999946544041
16.1,2529.999943030321
16.11,2529.999939948024
16.12,2529.9999372824914
16.13,2529.9999350190665
16.14,2529.999933143092
16.15,2529.99993163991
16.16,2529.999930494864
16.17,2529.999929693296
16.18,2529.9999292205484
16.19,2529.9999290619635
16.2,2529.9999292028847
16.21,2529.9999296286537
16.22,2529.999930324615
16.23,2529.999931276109
16.24,2529.999932468479
16.25,2529.999933887068
16.26,2529.9999355172185
16.27,2529.999937344274
16.28,2529.9999393535745
16.29,2529.9999415304646
16.3,2529.9999438602867
16.31,2529.9999463283834
16.32,2529.9999489200973
16.33,2529.99995162077
16.34,2529.999954415745
16.35,2529.9999572903644
16.36,2529.999960229972
16.37,2529.999963219909
16.38,2529.999966245519
16.39,2529.999969292144
16.4,2529.999972345126
16.41,2529.999975389809
16.42,2529.999978411535
16.43,2529.9999813956465
16.44,2529.9999843274863
16.45,2529.999987192397
16.46,2529.9999899757204
16.47,2529.9999926628
16.48,2529.999995238978
16.49,2529.999997689597
16.5,2530.0
16.51,2530.000002158627
16.52,2530.000004166308
16.53,2530.000006026969
16.54,2530.00000774454
16.55,2530.0000093229464
16.56,2530.000010766116
16.57,2530.000012077977
16.58,2530.0000132624564
16.59,2530.000014323481
16.6,2530.0000152649795
16.61,2530.0000160908794
16.62,2530.0000168051065
16.63,2530.0000174115894
16.64,2530.000017914255
16.65,2530.000018317031
16.66,2530.0000186238462
16.67,2530.000018838625
16.68,2530.0000189652983
16.69,2530.000019007791
16.7,2530.000018970031
16.71,2530.000018855946
16.72,2530.000018669464
16.73,2530.0000184145124
16.74,2530.000018095017
16.75,2530.0000177149072
16.76,2530.0000172781097
16.77,2530.000016788553
16.78,2530.000016250161
16.79,2530.000015666866
16.8,2530.000015042592
16.81,2530.000014381267
16.82,2530.00001368682
16.83,2530.000012963177
16.84,2530.0000122142656
16.85,2530.0000114440127
16.86,2530.0000106563475
16.87,2530.000009855197
16.88,2530.000009044487
16.89,2530.0000082281463
16.9,2530.0000074101013
16.91,2530.000006594282
16.92,2530.0000057846128
16.93,2530.0000049850223
16.94,2530.000004199438
16.95,2530.000003431788
16.96,2530.0000026859984
16.97,2530.000001965998
16.98,2530.0000012757123
16.99,2530.000000619071
17.0,2530.0
17.01,2529.9999994215977
17.02,2529.999998883641
17.03,2529.9999983850785
17.04,2529.999997924857
17.05,2529.999997501924
17.06,2529.9999971152274
17.07,2529.9999967637154
17.08,2529.999996446335
17.09,2529.999996162034
17.1,2529.99999590976
17.11,2529.999995688461
17.12,2529.9999954970845
17.13,2529.9999953345778
17.14,2529.9999951998884
17.15,2529.9999950919646
17.16,2529.9999950097545
17.17,2529.9999949522044
17.18,2529.9999949182625
17.19,2529.9999949068765
17.2,2529.999994916994
17.21,2529.9999949475628
17.22,2529.999994997531
17.23,2529.9999950658444
17.24,2529.9999951514524
17.25,2529.9999952533026
17.26,2529.999995370342
17.27,2529.999995501519
17.28,2529.99999564578
17.29,2529.999995802073
17.3,2529.999995969348
17.31,2529.9999961465487
17.32,2529.9999963326254
17.33,2529.999996526525
17.34,2529.999996727196
17.35,2529.999996933583
17.36,2529.999997144638
17.37,2529.999997359306
17.38,2529.999997576535
17.39,2529.999997795273
17.4,2529.999998014467
17.41,2529.999998233066
17.42,2529.9999984500164
17.43,2529.999998664266
17.44,2529.9999988747627
17.45,2529.9999990804545
17.46,2529.999999280288
17.47,2529.9999994732125
17.48,2529.9999996581737
17.49,2529.9999998341204
17.5,2530.0
17.51,2530.000000154983
17.52,2530.0000002991287
17.53,2530.0000004327185
17.54,2530.0000005560346
17.55,2530.0000006693595
17.56,2530.0000007729745
17.57,2530.0000008671623
17.58,2530.0000009522046
17.59,2530.0000010283834
17.6,2530.00000109598
17.61,2530.000001155277
17.62,2530.000001206557
17.63,2530.0000012501014
17.64,2530.000001286191
17.65,2530.0000013151093
17.66,2530.000001337138
17.67,2530.000001352559
17.68,2530.0000013616545
17.69,2530.000001364706
17.7,2530.000001361995
17.71,2530.000001353804
17.72,2530.000001340416
17.73,2530.000001322111
17.74,2530.0000012991727
17.75,2530.000001271882
17.76,2530.0000012405217
17.77,2530.000001205374
17.78,2530.000001166719
17.79,2530.0000011248403
17.8,2530.0000010800195
17.81,2530.0000010325384
17.82,2530.00000098268
17.83,2530.000000930724
17.84,2530.000000876955
17.85,2530.0000008216525
17.86,2530.0000007651006
17.87,2530.000000707581
17.88,2530.0000006493738
17.89,2530.000000590763
17.9,2530.0000005320294
17.91,2530.000000473456
17.92,2530.000000415324
17.93,2530.000000357915
17.94,2530.000000301512
17.95,2530.0000002463967
17.96,2530.00000019285
17.97,2530.000000141156
17.98,2530.0000000915948
17.99,2530.000000044449
18.0,2530.0
18.01,2529.999999958472
18.02,2529.999999919847
18.03,2529.999999884051
18.04,2529.9999998510066
18.05,2529.9999998206404
18.06,2529.999999792875
18.07,2529.9999997676364
18.08,2529.999999744848
18.09,2529.999999724435
18.1,2529.99999970632
18.11,2529.9999996904303
18.12,2529.9999996766883
18.13,2529.9999996650195
18.14,2529.999999655348
18.15,2529.999999647597
18.16,2529.9999996416936
18.17,2529.9999996375604
18.18,2529.9999996351225
18.19,2529.9999996343035
18.2,2529.9999996350284
18.21,2529.999999637222
18.22,2529.9999996408087
18.23,2529.9999996457123
18.24,2529.9999996518573
18.25,2529.9999996591687
18.26,2529.9999996675715
18.27,2529.9999996769893
18.28,2529.9999996873457
18.29,2529.999999698567
18.3,2529.999999710577
18.31,2529.999999723299
18.32,2529.999999736659
18.33,2529.9999997505806
18.34,2529.9999997649884
18.35,2529.999999779807
18.36,2529.999999794961
18.37,2529.999999810374
18.38,2529.999999825972
18.39,2529.999999841677
18.4,2529.9999998574167
18.41,2529.999999873113
18.42,2529.999999888691
18.43,2529.999999904076
18.44,2529.9999999191914
18.45,2529.9999999339625
18.46,2529.9999999483125
18.47,2529.999999962168
18.48,2529.9999999754505
18.49,2529.999999988087
18.5,2530.0
18.51,2530.000000011132
18.52,2530.000000021486
18.53,2530.000000031082
18.54,2530.000000039941
18.55,2530.0000000480827
18.56,2530.000000055527
18.57,2530.000000062295
18.58,2530.0000000684063
18.59,2530.000000073881
18.6,2530.0000000787404
18.61,2530.000000083004
18.62,2530.000000086691
18.63,2530.0000000898235
18.64,2530.00000009242
18.65,2530.000000094502
18.66,2530.000000096089
18.67,2530.000000097202
18.68,2530.00000009786
18.69,2530.0000000980835
18.7,2530.000000097894
18.71,2530.0000000973096
18.72,2530.000000096353
18.73,2530.0000000950427
18.74,2530.0000000933987
18.75,2530.000000091443
18.76,2530.0000000891937
18.77,2530.000000086673
18.78,2530.000000083899
18.79,2530.0000000808936
18.8,2530.0000000776763
18.81,2530.000000074268
18.82,2530.000000070688
18.83,2530.000000066957
18.84,2530.000000063095
18.85,2530.0000000591217
18.86,2530.000000055059
18.87,2530.0000000509253
18.88,2530.000000046742
18.89,2530.000000042529
18.9,2530.0000000383066
18.91,2530.0000000340942
18.92,2530.0000000299133
18.93,2530.0000000257837
18.94,2530.000000021724
18.95,2530.000000017757
18.96,2530.000000013901
18.97,2530.0000000101777
18.98,2530.000000006606
18.99,2530.000000003207
19.0,2530.0
19.01,2529.9999999970023
19.02,2529.9999999942115
19.03,2529.999999991624
19.04,2529.999999989232
19.05,2529.9999999870315
19.06,2529.9999999850183
19.07,2529.9999999831853
19.08,2529.999999981528
19.09,2529.999999980041
19.1,2529.999999978719
19.11,2529.9999999775564
19.12,2529.9999999765487
19.13,2529.999999975689
19.14,2529.999999974973
19.15,2529.999999974396
19.16,2529.999999973952
19.17,2529.999999973635
19.18,2529.9999999734414
19.19,2529.999999973364
19.2,2529.999999973398
19.21,2529.99999997354
19.22,2529.999999973781
19.23,2529.99999997412
19.24,2529.999999974548
19.25,2529.999999975061
19.26,2529.999999975654
19.27,2529.9999999763218
19.28,2529.999999977059
19.29,2529.99999997786
19.3,2529.9999999787187
19.31,2529.9999999796314
19.32,2529.9999999805914
19.33,2529.999999981594
19.34,2529.999999982634
19.35,2529.9999999837064
19.36,2529.999999984805
19.37,2529.9999999859256
19.38,2529.999999987061
19.39,2529.999999988208
19.4,2529.99999998936
19.41,2529.999999990511
19.42,2529.999999991657
19.43,2529.9999999927936
19.44,2529.9999999939137
19.45,2529.999999995013
19.46,2529.999999996084
19.47,2529.9999999971246
19.48,2529.999999998127
19.49,2529.999999999088
19.5,2530.0
19.51,2530.00000000086
19.52,2530.000000001668
19.53,2530.000000002425
19.54,2530.0000000031323
19.55,2530.000000003791
19.56,2530.000000004401
19.57,2530.000000004964
19.58,2530.000000005482
19.59,2530.0000000059545
19.6,2530.0000000063847
19.61,2530.0000000067707
19.62,2530.0000000071163
19.63,2530.000000007421
19.64,2530.000000007686
19.65,2530.000000007913
19.66,2530.000000008104
19.67,2530.0000000082578
19.68,2530.000000008376
19.69,2530.000000008461
19.7,2530.000000008512
19.71,2530.000000008532
19.72,2530.000000008521
19.73,2530.00000000848
19.74,2530.00000000841
19.75,2530.000000008313
19.76,2530.000000008189
19.77,2530.000000008039
19.78,2530.0000000078658
19.79,2530.000000007668
19.8,2530.000000007448
19.81,2530.0000000072077
19.82,2530.000000006946
19.83,2530.000000006666
19.84,2530.000000006368
19.85,2530.000000006052
19.86,2530.0000000057203
19.87,2530.0000000053737
19.88,2530.000000005013
19.89,2530.000000004641
19.9,2530.0000000042564
19.91,2530.000000003861
19.92,2530.000000003456
19.93,2530.0000000030423
19.94,2530.000000002621
19.95,2530.000000002194
19.96,2530.000000001762
19.97,2530.000000001325
19.98,2530.0000000008854
19.99,2530.000000000443
20.0,2530.0
20.01,2529.9999999995566
20.02,2529.9999999991146
20.03,2529.999999998675
20.04,2529.999999998238
20.05,2529.9999999978054
20.06,2529.9999999973784
20.07,2529.9999999969573
20.08,2529.9999999965435
20.09,2529.999999996139
20.1,2529.999999995744
20.11,2529.999999995359
20.12,2529.999999994986
20.13,2529.999999994626
20.14,2529.9999999942797
20.15,2529.999999993948
20.16,2529.9999999936326
20.17,2529.9999999933343
20.18,2529.9999999930537
20.19,2529.9999999927927
20.2,2529.999999992552
20.21,2529.999999992332
20.22,2529.9999999921347
20.23,2529.9999999919605
20.24,2529.999999991811
20.25,2529.999999991687
20.26,2529.999999991589
20.27,2529.99999999152
20.28,2529.9999999914794
20.29,2529.999999991468
20.3,2529.999999991487
20.31,2529.999999991539
20.32,2529.999999991624
20.33,2529.9999999917422
20.34,2529.999999991896
20.35,2529.9999999920856
20.36,2529.999999992313
20.37,2529.9999999925785
20.38,2529.999999992883
20.39,2529.999999993229
20.4,2529.999999993616
20.41,2529.9999999940446
20.42,2529.999999994518
20.43,2529.9999999950355
20.44,2529.9999999955985
20.45,2529.999999996209
20.46,2529.999999996868
20.47,2529.999999997575
20.48,2529.9999999983315
20.49,2529.99999999914
20.5,2530.0
20.51,0.0
20.52,0.0
20.53,0.0
20.54,0.0
20.55,0.0
20.56,0.0
20.57,0.0
20.58,0.0
20.59,0.0
20.6,0.0
20.61,0.0
20.62,0.0
20.63,0.0
20.64,0.0
20.65,0.0
20.66,0.0
20.67,0.0
20.68,0.0
20.69,0.0
20.7,0.0
20.71,0.0
20.72,0.0
20.73,0.0
20.74,0.0
20.75,0.0
20.76,0.0
20.77,0.0
20.78,0.0
20.79,0.0
20.8,0.0
20.81,0.0
20.82,0.0
20.83,0.0
20.84,0.0
20.85,0.0
20.86,0.0
20.87,0.0
20.88,0.0
20.89,0.0
20.9,0.0
20.91,0.0
20.92,0.0
20.93,0.0
20.94,0.0
20.95,0.0
20.96,0.0
20.97,0.0
20.98,0.0
20.99,0.0
21.0,0.0
