wind_speed,Hummer H25.0-100KW
1.0,0.0
1.01,0.0560955619210572
1.02,0.11200733805555
1.03,0.1677371848255647
1.04,0.2232869586531879
1.05,0.2786585159605061
1.06,0.3338537131696058
1.07,0.3888744067025735
1.08,0.4437224529814957
1.09,0.4983997084284591
1.1,0.55290802946555
1.11,0.6072492725148547
1.12,0.6614252939984602
1.13,0.7154379503384514
1.14,0.7692890979569176
1.15,0.8229805932759436
1.16,0.8765142927176165
1.17,0.9298920527040224
1.18,0.983115729657248
1.19,1.0361871799993796
1.2,1.089108260152504
1.21,1.1418808265387077
1.22,1.1945067355800767
1.23,1.246987843698698
1.24,1.299326007316658
1.25,1.3515230828560432
1.26,1.4035809267389403
1.27,1.4555013953874356
1.28,1.507286345223615
1.29,1.5589376326695663
1.3,1.6104571141473754
1.31,1.6618466460791286
1.32,1.7131080848869122
1.33,1.764243286992814
1.34,1.815254108818919
1.35,1.8661424067873145
1.36,1.9169100373200856
1.37,1.9675588568393216
1.38,2.018090721767106
1.39,2.0685074885255275
1.4,2.118811013536672
1.41,2.1690031532226253
1.42,2.2190857640054755
1.43,2.2690607023073075
1.44,2.3189298245502084
1.45,2.3686949871562653
1.46,2.418358046547564
1.47,2.46792085914619
1.48,2.5173852813742323
1.49,2.5667531696537758
1.5,2.6160263804069066
1.51,2.665206770055712
1.52,2.7142961950222797
1.53,2.7632965117286923
1.54,2.8122095765970405
1.55,2.86103724604941
1.56,2.909781376507885
1.57,2.9584438243945543
1.58,3.007026446131504
1.59,3.05553109814082
1.6,3.1039596368445888
1.61,3.1523139186648965
1.62,3.2005958000238315
1.63,3.2488071373434777
1.64,3.296949787045924
1.65,3.345025605553256
1.66,3.39303644928756
1.67,3.440984174670923
1.68,3.48887063812543
1.69,3.5366976960731704
1.7,3.584467204936228
1.71,3.6321810211366894
1.72,3.679841001096644
1.73,3.727449001238175
1.74,3.77500687798337
1.75,3.8225164877543167
1.76,3.869979686973101
1.77,3.917398332061807
1.78,3.964774279442524
1.79,4.012109385537339
1.8,4.059405506768336
1.81,4.106664499557604
1.82,4.153888220327228
1.83,4.201078525499294
1.84,4.24823727149589
1.85,4.295366314739102
1.86,4.342467511651015
1.87,4.3895427186537175
1.88,4.436593792169294
1.89,4.483622588619835
1.9,4.530630964427423
1.91,4.577620776014145
1.92,4.624593879802092
1.93,4.671552132213344
1.94,4.718497389669991
1.95,4.7654315085941175
1.96,4.812356345407814
1.97,4.859273756533163
1.98,4.906185598392254
1.99,4.95309372740717
2.0,5.0
2.01,5.04690627259283
2.02,5.093814401607747
2.03,5.140726243466836
2.04,5.187643654592186
2.05,5.234568491405882
2.06,5.281502610330009
2.07,5.328447867786656
2.08,5.37540612019791
2.09,5.422379223985852
2.1,5.469369035572577
2.11,5.516377411380165
2.12,5.563406207830705
2.13,5.610457281346283
2.14,5.657532488348986
2.15,5.704633685260899
2.16,5.751762728504112
2.17,5.798921474500707
2.18,5.846111779672775
2.19,5.893335500442396
2.2,5.940594493231666
2.21,5.9878906144626605
2.22,6.035225720557477
2.23,6.082601667938193
2.24,6.130020313026901
2.25,6.177483512245684
2.26,6.224993122016628
2.27,6.272550998761825
2.28,6.320158998903356
2.29,6.36781897886331
2.3,6.415532795063772
2.31,6.46330230392683
2.32,6.511129361874568
2.33,6.559015825329077
2.34,6.606963550712439
2.35,6.654974394446745
2.36,6.703050212954075
2.37,6.751192862656522
2.38,6.799404199976169
2.39,6.847686081335104
2.4,6.896040363155411
2.41,6.944468901859181
2.42,6.992973553868497
2.43,7.041556175605448
2.44,7.090218623492114
2.45,7.138962753950594
2.46,7.187790423402959
2.47,7.236703488271308
2.48,7.285703804977722
2.49,7.334793229944289
2.5,7.383973619593093
2.51,7.433246830346224
2.52,7.48261471862577
2.53,7.532079140853808
2.54,7.581641953452436
2.55,7.631305012843734
2.56,7.681070175449792
2.57,7.730939297692692
2.58,7.780914235994526
2.59,7.8309968467773725
2.6,7.881188986463329
2.61,7.93149251147447
2.62,7.981909278232893
2.63,8.03244114316068
2.64,8.083089962679916
2.65,8.133857593212685
2.66,8.184745891181084
2.67,8.235756713007186
2.68,8.28689191511309
2.69,8.338153353920871
2.7,8.389542885852627
2.71,8.441062367330433
2.72,8.492713654776384
2.73,8.544498604612565
2.74,8.596419073261062
2.75,8.648476917143958
2.76,8.700673992683342
2.77,8.753012156301303
2.78,8.805493264419923
2.79,8.858119173461294
2.8,8.910891739847496
2.81,8.963812820000621
2.82,9.01688427034275
2.83,9.070107947295975
2.84,9.123485707282384
2.85,9.177019406724057
2.86,9.230710902043084
2.87,9.284562049661549
2.88,9.33857470600154
2.89,9.392750727485144
2.9,9.447091970534451
2.91,9.501600291571544
2.92,9.556277547018508
2.93,9.61112559329743
2.94,9.666146286830395
2.95,9.721341484039495
2.96,9.776713041346811
2.97,9.832262815174436
2.98,9.88799266194445
2.99,9.943904438078944
3.0,10.0
3.01,10.056281347707625
3.02,10.112751055513462
3.03,10.169411841307088
3.04,10.226266422978073
3.05,10.283317518415966
3.06,10.340567845510355
3.07,10.3980201221508
3.08,10.455677066226867
3.09,10.513541395628128
3.1,10.571615828244145
3.11,10.629903081964486
3.12,10.688405874678718
3.13,10.747126924276415
3.14,10.806068948647138
3.15,10.865234665680456
3.16,10.924626793265942
3.17,10.98424804929315
3.18,11.04410115165166
3.19,11.104188818231034
3.2,11.16451376692084
3.21,11.22507871561065
3.22,11.285886382190023
3.23,11.346939484548528
3.24,11.408240740575744
3.25,11.469792868161225
3.26,11.53159858519454
3.27,11.593660609565267
3.28,11.65598165916296
3.29,11.718564451877196
3.3,11.781411705597534
3.31,11.844526138213553
3.32,11.907910467614812
3.33,11.97156741169088
3.34,12.035499688331324
3.35,12.099710015425716
3.36,12.164201110863614
3.37,12.228975692534595
3.38,12.294036478328218
3.39,12.35938618613406
3.4,12.425027533841682
3.41,12.490963239340651
3.42,12.55719602052054
3.43,12.623728595270912
3.44,12.690563681481333
3.45,12.757703997041377
3.46,12.825152259840598
3.47,12.892911187768584
3.48,12.960983498714883
3.49,13.029371910569074
3.5,13.09807914122072
3.51,13.167107908559387
3.52,13.23646093047465
3.53,13.30614092485607
3.54,13.376150609593218
3.55,13.44649270257565
3.56,13.51716992169295
3.57,13.588184984834678
3.58,13.6595406098904
3.59,13.731239514749683
3.6,13.803284417302104
3.61,13.875678035437216
3.62,13.948423087044596
3.63,14.021522290013808
3.64,14.09497836223442
3.65,14.168794021595998
3.66,14.242971985988111
3.67,14.31751497330033
3.68,14.39242570142222
3.69,14.467706888243343
3.7,14.543361251653277
3.71,14.619391509541575
3.72,14.695800379797818
3.73,14.772590580311569
3.74,14.849764828972395
3.75,14.927325843669855
3.76,15.005276342293532
3.77,15.08361904273299
3.78,15.162356662877784
3.79,15.241491920617497
3.8,15.32102753384168
3.81,15.400966220439916
3.82,15.481310698301767
3.83,15.5620636853168
3.84,15.64322789937458
3.85,15.724806058364678
3.86,15.80680088017666
3.87,15.889215082700096
3.88,15.972051383824544
3.89,16.055312501439584
3.9,16.139001153434773
3.91,16.223120057699692
3.92,16.307671932123895
3.93,16.392659494596952
3.94,16.478085463008433
3.95,16.56395255524791
3.96,16.65026348920494
3.97,16.7370209827691
3.98,16.82422775382995
3.99,16.91188652027706
4.0,17.0
4.01,17.08857019286343
4.02,17.177596226632403
4.03,17.267076511047062
4.04,17.357009455847535
4.05,17.44739347077398
4.06,17.53822696556654
4.07,17.62950834996536
4.08,17.72123603371057
4.09,17.813408426542324
4.1,17.90602393820076
4.11,17.999080978426026
4.12,18.092577956958262
4.13,18.18651328353761
4.14,18.28088536790421
4.15,18.375692619798222
4.16,18.470933448959777
4.17,18.56660626512901
4.18,18.66270947804608
4.19,18.75924149745112
4.2,18.85620073308427
4.21,18.953585594685684
4.22,19.0513944919955
4.23,19.14962583475387
4.24,19.248278032700917
4.25,19.3473494955768
4.26,19.44683863312165
4.27,19.546743855075626
4.28,19.64706357117887
4.29,19.747796191171503
4.3,19.8489401247937
4.31,19.95049378178558
4.32,20.052455571887297
4.33,20.154823904838988
4.34,20.2575971903808
4.35,20.36077383825287
4.36,20.46435225819536
4.37,20.56833085994839
4.38,20.672708053252112
4.39,20.777482247846667
4.4,20.88265185347222
4.41,20.98821527986889
4.42,21.09417093677681
4.43,21.200517233936147
4.44,21.30725258108704
4.45,21.41437538796962
4.46,21.521884064324045
4.47,21.62977701989045
4.48,21.738052664408983
4.49,21.846709407619784
4.5,21.955745659262988
4.51,22.06515982907876
4.52,22.174950326807213
4.53,22.28511556218852
4.54,22.39565394496281
4.55,22.50656388487021
4.56,22.61784379165089
4.57,22.729492075045
4.58,22.841507144792647
4.59,22.953887410634
4.6,23.066631282309192
4.61,23.17973716955838
4.62,23.293203482121687
4.63,23.40702862973927
4.64,23.521211022151267
4.65,23.635749069097827
4.66,23.75064118031908
4.67,23.865885765555184
4.68,23.981481234546276
4.69,24.097425997032506
4.7,24.213718462754
4.71,24.33035704145091
4.72,24.447340142863386
4.73,24.56466617673157
4.74,24.682333552795598
4.75,24.80034068079561
4.76,24.91868597047176
4.77,25.037367831564183
4.78,25.156384673813044
4.79,25.27573490695845
4.8,25.395416940740564
4.81,25.515429184899528
4.82,25.63577004917549
4.83,25.756437943308587
4.84,25.877431277038955
4.85,25.998748460106757
4.86,26.12038790225212
4.87,26.242348013215185
4.88,26.364627202736106
4.89,26.48722388055501
4.9,26.610136456412075
4.91,26.733363340047404
4.92,26.856902941201163
4.93,26.980753669613485
4.94,27.10491393502453
4.95,27.229382147174416
4.96,27.3541567158033
4.97,27.47923605065133
4.98,27.604618561458647
4.99,27.73030265796538
5.0,27.85628674991169
5.01,27.9825692470377
5.02,28.10914855908357
5.03,28.236023095789456
5.04,28.36319126689547
5.05,28.49065148214177
5.06,28.618402151268494
5.07,28.746441684015807
5.08,28.87476849012382
5.09,29.003380979332697
5.1,29.13227756138257
5.11,29.2614566460136
5.12,29.390916642965905
5.13,29.52065596197964
5.14,29.65067301279495
5.15,29.78096620515199
5.16,29.911533948790883
5.17,30.04237465345177
5.18,30.17348672887481
5.19,30.304868584800147
5.2,30.43651863096791
5.21,30.568435277118247
5.22,30.700616932991306
5.23,30.833062008327232
5.24,30.96576891286616
5.25,31.09873605634823
5.26,31.23196184851361
5.27,31.3654446991024
5.28,31.49918301785479
5.29,31.63317521451089
5.3,31.76741969881085
5.31,31.901914880494832
5.32,32.036659169302965
5.33,32.17165097497539
5.34,32.306888707252234
5.35,32.44237077587368
5.36,32.57809559057984
5.37,32.714061561110874
5.38,32.85026709720691
5.39,32.9867106086081
5.4,33.1233905050546
5.41,33.260305196286524
5.42,33.39745309204403
5.43,33.53483260206727
5.44,33.67244213609638
5.45,33.8102801038715
5.46,33.94834491513277
5.47,34.08663497962035
5.48,34.22514870707437
5.49,34.363884507234964
5.5,34.50284078984228
5.51,34.64201596463648
5.52,34.7814084413577
5.53,34.92101662974608
5.54,35.060838939541746
5.55,35.20087378048485
5.56,35.341119562315555
5.57,35.481574694774
5.58,35.6222375876003
5.59,35.76310665053461
5.6,35.9041802933171
5.61,36.04545692568789
5.62,36.18693495738712
5.63,36.328612798154936
5.64,36.47048885773148
5.65,36.61256154585693
5.66,36.75482927227137
5.67,36.89729044671499
5.68,37.03994347892789
5.69,37.18278677865026
5.7,37.325818755622215
5.71,37.4690378195839
5.72,37.61244238027547
5.73,37.75603084743706
5.74,37.89980163080882
5.75,38.04375314013087
5.76,38.18788378514338
5.77,38.33219197558647
5.78,38.47667612120032
5.79,38.62133463172504
5.8,38.76616591690078
5.81,38.911168386467686
5.82,39.056340450165926
5.83,39.20168051773559
5.84,39.34718699891685
5.85,39.49285830344986
5.86,39.63869284107476
5.87,39.78468902153166
5.88,39.93084525456074
5.89,40.07715994990214
5.9,40.22363151729599
5.91,40.370258366482446
5.92,40.51703890720162
5.93,40.6639715491937
5.94,40.81105470219881
5.95,40.95828677595708
5.96,41.10566618020866
5.97,41.2531913246937
5.98,41.400860619152354
5.99,41.548672473324736
6.0,41.696625296951005
6.01,41.8447174997713
6.02,41.992947491525776
6.03,42.14131368195458
6.04,42.28981448079783
6.05,42.43844829779568
6.06,42.58721354268826
6.07,42.73610862521576
6.08,42.88513195511828
6.09,43.03428194213597
6.1,43.18355699600898
6.11,43.33295552647746
6.12,43.48247594328154
6.13,43.63211665616137
6.14,43.78187607485708
6.15,43.93175260910884
6.16,44.08174466865677
6.17,44.231850663241005
6.18,44.38206900260173
6.19,44.53239809647905
6.2,44.68283635461312
6.21,44.83338218674408
6.22,44.98403400261208
6.23,45.13479021195727
6.24,45.285649224519766
6.25,45.436609450039725
6.26,45.58766929825729
6.27,45.738827178912615
6.28,45.890081501745854
6.29,46.0414306764971
6.3,46.19287311290656
6.31,46.34440722071432
6.32,46.49603140966056
6.33,46.64774408948541
6.34,46.799543669929
6.35,46.9514285607315
6.36,47.10339717163305
6.37,47.255447912373775
6.38,47.40757919269382
6.39,47.55978942233333
6.4,47.71207701103248
6.41,47.86444036853136
6.42,48.01687790457015
6.43,48.16938802888898
6.44,48.321969151228
6.45,48.47461968132736
6.46,48.62733802892718
6.47,48.78012260376761
6.48,48.932971815588814
6.49,49.0858840741309
6.5,49.23885778913403
6.51,49.39189137033837
6.52,49.544983227484025
6.53,49.69813177031117
6.54,49.851335408559926
6.55,50.00459255197043
6.56,50.157901610282856
6.57,50.311260993237326
6.58,50.46466911057398
6.59,50.61812437203296
6.6,50.77162518735443
6.61,50.92516996627853
6.62,51.078757118545376
6.63,51.23238505389513
6.64,51.38605218206793
6.65,51.539756912803945
6.66,51.69349765584328
6.67,51.84727282092608
6.68,52.00108081779251
6.69,52.15492005618273
6.7,52.30878894583682
6.71,52.46268589649498
6.72,52.61660931789734
6.73,52.77055761978403
6.74,52.92452921189522
6.75,53.078522503970994
6.76,53.232535905751575
6.77,53.38656782697704
6.78,53.54061667738758
6.79,53.6946808667233
6.8,53.84875880472436
6.81,54.00284890113092
6.82,54.1569495656831
6.83,54.31105920812104
6.84,54.4651762381849
6.85,54.61929906561481
6.86,54.77342610015093
6.87,54.92755575153339
6.88,55.08168642950232
6.89,55.23581654379789
6.9,55.38994450416025
6.91,55.5440687203295
6.92,55.69818760204582
6.93,55.85229955904933
6.94,56.0064030010802
6.95,56.16049633787855
6.96,56.31457797918452
6.97,56.46864633473828
6.98,56.62269981427996
6.99,56.77673682754969
7.0,56.93075578428762
7.01,57.0847550942339
7.02,57.23873316712866
7.03,57.39268841271208
7.04,57.54661924072426
7.05,57.700524060905344
7.06,57.85440128299552
7.07,58.00824931673489
7.08,58.16206657186361
7.09,58.31585145812181
7.1,58.46960238524966
7.11,58.62331776298728
7.12,58.77699600107484
7.13,58.93063550925244
7.14,59.08423469726024
7.15,59.23779197483844
7.16,59.39130575172708
7.17,59.54477443766639
7.18,59.69819644239646
7.19,59.85157017565748
7.2,60.00489404718954
7.21,60.15816646673282
7.22,60.31138584402746
7.23,60.4645505888136
7.24,60.61765911083136
7.25,60.77070981982092
7.26,60.92370112552239
7.27,61.07663143767594
7.28,61.22949916602171
7.29,61.38230272029983
7.3,61.535040510250425
7.31,61.68771094561369
7.32,61.840312436129736
7.33,61.9928433915387
7.34,62.14530222158074
7.35,62.29768733599599
7.36,62.449997144524616
7.37,62.60223005690673
7.38,62.754384482882486
7.39,62.906458832192016
7.4,63.05845151457552
7.41,63.21036093977306
7.42,63.362185517524814
7.43,63.51392365757094
7.44,63.66557376965158
7.45,63.81713426350685
7.46,63.96860354887691
7.47,64.11998003550191
7.48,64.27126213312198
7.49,64.42244825147726
7.5,64.57353680030792
7.51,64.72452618935407
7.52,64.87541482835587
7.53,65.0262011270535
7.54,65.17688349518701
7.55,65.32746034249662
7.56,65.47793007872245
7.57,65.62829111360466
7.58,65.77854185688335
7.59,65.9286807182987
7.6,66.07870610759085
7.61,66.22861643449994
7.62,66.37841010876612
7.63,66.5280855401295
7.64,66.67764113833024
7.65,66.82707531310851
7.66,66.97638647420443
7.67,67.12557303135813
7.68,67.27463339430979
7.69,67.42356597279954
7.7,67.57236917656746
7.71,67.7210414153538
7.72,67.86958109889864
7.73,68.01798663694215
7.74,68.16625643922443
7.75,68.31438891548567
7.76,68.46238247546597
7.77,68.6102355289055
7.78,68.75794648554444
7.79,68.90551375512287
7.8,69.05293574738096
7.81,69.20021087205883
7.82,69.34733753889668
7.83,69.4943141576346
7.84,69.64113913801273
7.85,69.78781088977125
7.86,69.9343278226503
7.87,70.08068834638999
7.88,70.2268908707305
7.89,70.37293380541192
7.9,70.51881556017447
7.91,70.66453454475823
7.92,70.81008916890337
7.93,70.95547784235004
7.94,71.10069897483835
7.95,71.24575097610847
7.96,71.39063225590054
7.97,71.53534122395469
7.98,71.67987629001111
7.99,71.82423586380988
8.0,71.96841835509116
8.01,72.11242217359514
8.02,72.25624572906189
8.03,72.3998874312316
8.04,72.5433456898444
8.05,72.68661891464048
8.06,72.8297055153599
8.07,72.97260390174283
8.08,73.11531248352945
8.09,73.25782967045986
8.1,73.40015387227423
8.11,73.54228349871269
8.12,73.6842169595154
8.13,73.82595266442252
8.14,73.96748902317414
8.15,74.10882444551041
8.16,74.2499573411715
8.17,74.39088611989754
8.18,74.53160919142869
8.19,74.67212496550506
8.2,74.81243185186683
8.21,74.95252826025414
8.22,75.09241260040712
8.23,75.23208328206589
8.24,75.37153871497063
8.25,75.51077730886145
8.26,75.64979747347854
8.27,75.788597618562
8.28,75.92717615385199
8.29,76.06553148908864
8.3,76.20366203401215
8.31,76.3415661983626
8.32,76.47924239188013
8.33,76.61668902430492
8.34,76.75390450537711
8.35,76.8908872448368
8.36,77.02763565242418
8.37,77.16414813787938
8.38,77.30042311094257
8.39,77.43645898135382
8.4,77.57225415885334
8.41,77.70780705318123
8.42,77.84311607407767
8.43,77.97817963128279
8.44,78.11299613453671
8.45,78.2475639935796
8.46,78.38188161815162
8.47,78.51594741799289
8.48,78.64975980284353
8.49,78.7833171824437
8.5,78.91661796653355
8.51,79.04966056485326
8.52,79.18244338714288
8.53,79.31496484314265
8.54,79.44722334259265
8.55,79.57921729523306
8.56,79.710945110804
8.57,79.84240519904563
8.58,79.97359596969807
8.59,80.10451583250149
8.6,80.235163197196
8.61,80.36553647352179
8.62,80.49563407121894
8.63,80.62545440002768
8.64,80.75499586968809
8.65,80.8842568899403
8.66,81.0132358705245
8.67,81.14193122118081
8.68,81.27034135164936
8.69,81.39846467167033
8.7,81.52629959098383
8.71,81.65384451933004
8.72,81.78109786644904
8.73,81.90805804208104
8.74,82.03472345596616
8.75,82.1610925178445
8.76,82.28716363745627
8.77,82.4129352245416
8.78,82.53840568884057
8.79,82.66357344009342
8.8,82.78843688804022
8.81,82.91299444242114
8.82,83.03724451297632
8.83,83.16118550944591
8.84,83.28481584157004
8.85,83.40813391908884
8.86,83.5311381517425
8.87,83.65382694927112
8.88,83.77619872141489
8.89,83.89825187791389
8.9,84.01998482850831
8.91,84.14139598293828
8.92,84.26248375094394
8.93,84.38324654226543
8.94,84.50368276664291
8.95,84.6237908338165
8.96,84.74356915352638
8.97,84.86301613551262
8.98,84.98213018951546
8.99,85.10090972527496
9.0,85.21935315253131
9.01,85.33745888102465
9.02,85.45522532049509
9.03,85.5726508806828
9.04,85.68973397132794
9.05,85.80647300217065
9.06,85.92286638295103
9.07,86.03891252340927
9.08,86.15460983328543
9.09,86.26995672231978
9.1,86.38495160025236
9.11,86.49959287682339
9.12,86.61387896177294
9.13,86.72780826484123
9.14,86.84137919576833
9.15,86.95459016429443
9.16,87.06743958015964
9.17,87.17992585310412
9.18,87.29204739286803
9.19,87.4038026091915
9.2,87.51518991181464
9.21,87.62620771047769
9.22,87.73685441492069
9.23,87.84712843488379
9.24,87.9570281801072
9.25,88.066552060331
9.26,88.17569848529538
9.27,88.28446586474047
9.28,88.39285260840637
9.29,88.5008571260333
9.3,88.60847782736137
9.31,88.71571312213068
9.32,88.82256142008143
9.33,88.92902113095373
9.34,89.03509066448771
9.35,89.1407684304236
9.36,89.24605283850144
9.37,89.35094229846143
9.38,89.4554352200437
9.39,89.55953001298839
9.4,89.66322508703564
9.41,89.76651885192557
9.42,89.86940971739838
9.43,89.97189609319416
9.44,90.07397638905312
9.45,90.17564901471532
9.46,90.27691237992096
9.47,90.37776489441018
9.48,90.47820496792312
9.49,90.57823101019986
9.5,90.67784143098062
9.51,90.77703464000552
9.52,90.87580904701473
9.53,90.97416306174831
9.54,91.0720950939465
9.55,91.1696035533494
9.56,91.26668684969717
9.57,91.36334339272987
9.58,91.4595715921878
9.59,91.55536985781094
9.6,91.65073659933957
9.61,91.74567022651368
9.62,91.8401691490736
9.63,91.93423177675936
9.64,92.02785651931109
9.65,92.12104178646896
9.66,92.21378598797313
9.67,92.30608753356373
9.68,92.3979448329809
9.69,92.48935629596478
9.7,92.58032033225552
9.71,92.6708353515933
9.72,92.7608997637182
9.73,92.85051197837038
9.74,92.93967040529
9.75,93.0283734542172
9.76,93.11661953489208
9.77,93.20440705705484
9.78,93.29173443044564
9.79,93.37860006480454
9.8,93.4650023698718
9.81,93.55093975538745
9.82,93.63641063109164
9.83,93.72141340672462
9.84,93.80594649202642
9.85,93.89000829673724
9.86,93.9735972305972
9.87,94.05671170334644
9.88,94.13935012472518
9.89,94.22151090447343
9.9,94.30319245233144
9.91,94.38439317803932
9.92,94.4651114913372
9.93,94.54534580196524
9.94,94.62509451966352
9.95,94.70435605417232
9.96,94.78312881523163
9.97,94.86141121258171
9.98,94.93920165596266
9.99,95.0164985551146
10.0,95.09330031977773
10.01,95.16960535969211
10.02,95.24541208459794
10.03,95.32071890423536
10.04,95.39552422834451
10.05,95.46982646666557
10.06,95.54362402893858
10.07,95.61691532490376
10.08,95.68969876430126
10.09,95.7619727568712
10.1,95.8337357123537
10.11,95.90498604048898
10.12,95.9757221510171
10.13,96.04594245367824
10.14,96.11564535821256
10.15,96.18482927436014
10.16,96.25349261186118
10.17,96.3216337804558
10.18,96.38925118988416
10.19,96.4563432498864
10.2,96.52290837020269
10.21,96.58894496057307
10.22,96.6544514307378
10.23,96.71942619043698
10.24,96.78386764941072
10.25,96.84777421739922
10.26,96.9111443041426
10.27,96.97397631938097
10.28,97.03626867285452
10.29,97.09801977430338
10.3,97.15922803346773
10.31,97.2198918600876
10.32,97.28000966390324
10.33,97.33957985465476
10.34,97.3986008420823
10.35,97.457071035926
10.36,97.514988845926
10.37,97.57235268182248
10.38,97.62916095335554
10.39,97.68541207026531
10.4,97.741104442292
10.41,97.79623647917572
10.42,97.8508065906566
10.43,97.90481318647475
10.44,97.9582546763704
10.45,98.01112947008365
10.46,98.06343597735464
10.47,98.11517260792344
10.48,98.16633777153037
10.49,98.2169298779154
10.5,98.26694733681876
10.51,98.3163885579806
10.52,98.365251951141
10.53,98.41353592604015
10.54,98.4612388924182
10.55,98.50835926001528
10.56,98.55489543857152
10.57,98.60084583782712
10.58,98.64620886752212
10.59,98.69098293739674
10.6,98.7351664571911
10.61,98.77875783664535
10.62,98.82175548549964
10.63,98.86415781349412
10.64,98.90596323036893
10.65,98.94717014586412
10.66,98.98777696971996
10.67,99.02778211167656
10.68,99.06718398147405
10.69,99.10598098885256
10.7,99.14417154355225
10.71,99.18175405531326
10.72,99.21872693387571
10.73,99.2550885889798
10.74,99.29083743036564
10.75,99.32597186777336
10.76,99.3604903109431
10.77,99.39439116961503
10.78,99.42767285352927
10.79,99.460333772426
10.8,99.49237233604532
10.81,99.5237869541274
10.82,99.5545760364124
10.83,99.58473799264036
10.84,99.61427123255156
10.85,99.64317416588608
10.86,99.67144520238406
10.87,99.69908275178564
10.88,99.72608522383098
10.89,99.75245102826024
10.9,99.77817857481352
10.91,99.80326627323096
10.92,99.82771253325276
10.93,99.85151576461902
10.94,99.87467437706992
10.95,99.89718678034552
10.96,99.91905138418603
10.97,99.94026659833162
10.98,99.96083083252236
10.99,99.98074249649844
11.0,100.0
11.01,100.01860340357484
11.02,100.0365593710014
11.03,100.05387621686585
11.04,100.07056225575424
11.05,100.08662580225278
11.06,100.10207517094754
11.07,100.11691867642472
11.08,100.13116463327034
11.09,100.14482135607058
11.1,100.15789715941156
11.11,100.17040035787942
11.12,100.18233926606028
11.13,100.1937221985402
11.14,100.20455746990538
11.15,100.21485339474197
11.16,100.22461828763598
11.17,100.23386046317364
11.18,100.24258823594104
11.19,100.25080992052428
11.2,100.25853383150954
11.21,100.26576828348291
11.22,100.27252159103053
11.23,100.27880206873849
11.24,100.28461803119296
11.25,100.28997779298
11.26,100.2948896686858
11.27,100.29936197289648
11.28,100.30340302019816
11.29,100.30702112517692
11.3,100.31022460241893
11.31,100.31302176651027
11.32,100.31542093203716
11.33,100.31743041358564
11.34,100.31905852574182
11.35,100.32031358309192
11.36,100.321203900222
11.37,100.32173779171814
11.38,100.32192357216655
11.39,100.32176955615336
11.4,100.32128405826464
11.41,100.32047539308653
11.42,100.31935187520511
11.43,100.3179218192066
11.44,100.31619353967707
11.45,100.31417535120266
11.46,100.3118755683695
11.47,100.30930250576364
11.48,100.30646447797136
11.49,100.30336979957862
11.5,100.30002678517164
11.51,100.29644374933652
11.52,100.2926290066594
11.53,100.28859087172638
11.54,100.2843376591236
11.55,100.2798776834372
11.56,100.27521925925323
11.57,100.27037070115794
11.58,100.26534032373736
11.59,100.26013644157766
11.6,100.25476736926494
11.61,100.24924142138532
11.62,100.24356691252494
11.63,100.23775215726992
11.64,100.2318054702064
11.65,100.22573516592048
11.66,100.21954955899832
11.67,100.213256964026
11.68,100.20686569558966
11.69,100.2003840682754
11.7,100.19382039666944
11.71,100.18718299535782
11.72,100.18048017892669
11.73,100.17372026196216
11.74,100.1669115590504
11.75,100.16006238477746
11.76,100.15318105372954
11.77,100.14627588049268
11.78,100.13935517965312
11.79,100.13242726579688
11.8,100.12550045351016
11.81,100.118583057379
11.82,100.11168339198966
11.83,100.10480977192807
11.84,100.09797051178056
11.85,100.09117392613314
11.86,100.08442832957194
11.87,100.07774203668312
11.88,100.07112336205276
11.89,100.06458062026702
11.9,100.058122125912
11.91,100.05175619357388
11.92,100.04549113783872
11.93,100.0393352732927
11.94,100.03329691452188
11.95,100.02738437611242
11.96,100.02160597265048
11.97,100.01597001872211
11.98,100.01048482891352
11.99,100.0051587178108
12.0,100.0
12.01,99.9950152329886
12.02,99.99020394596867
12.03,99.9855639110538
12.04,99.98109290035732
12.05,99.97678868599272
12.06,99.9726490400734
12.07,99.96867173471284
12.08,99.96485454202448
12.09,99.96119523412167
12.1,99.95769158311796
12.11,99.95434136112674
12.12,99.95114234026148
12.13,99.94809229263556
12.14,99.94518899036242
12.15,99.94243020555555
12.16,99.9398137103284
12.17,99.93733727679437
12.18,99.93499867706689
12.19,99.9327956832594
12.2,99.93072606748532
12.21,99.92878760185816
12.22,99.92697805849129
12.23,99.9252952094982
12.24,99.9237368269923
12.25,99.922300683087
12.26,99.9209845498958
12.27,99.91978619953208
12.28,99.91870340410934
12.29,99.91773393574094
12.3,99.9168755665404
12.31,99.91612606862113
12.32,99.9154832140965
12.33,99.91494477508004
12.34,99.91450852368516
12.35,99.91417223202528
12.36,99.91393367221389
12.37,99.91379061636434
12.38,99.91374083659016
12.39,99.91378210500469
12.4,99.91391219372149
12.41,99.9141288748539
12.42,99.9144299205154
12.43,99.91481310281942
12.44,99.91527619387938
12.45,99.91581696580874
12.46,99.91643319072097
12.47,99.91712264072945
12.48,99.91788308794764
12.49,99.91871230448898
12.5,99.9196080624669
12.51,99.92056813399486
12.52,99.92159029118628
12.53,99.9226723061546
12.54,99.92381195101328
12.55,99.92500699787573
12.56,99.92625521885536
12.57,99.92755438606572
12.58,99.9289022716201
12.59,99.93029664763206
12.6,99.931735286215
12.61,99.9332159594823
12.62,99.93473643954746
12.63,99.93629449852394
12.64,99.93788790852514
12.65,99.93951444166449
12.66,99.94117187005544
12.67,99.9428579658114
12.68,99.94457050104587
12.69,99.94630724787228
12.7,99.94806597840402
12.71,99.94984446475452
12.72,99.9516404790373
12.73,99.95345179336572
12.74,99.95527617985329
12.75,99.95711141061334
12.76,99.9589552577594
12.77,99.96080549340492
12.78,99.96265988966329
12.79,99.96451621864792
12.8,99.96637225247233
12.81,99.96822576324988
12.82,99.97007452309408
12.83,99.97191630411828
12.84,99.97374887843604
12.85,99.97557001816068
12.86,99.97737749540568
12.87,99.97916908228451
12.88,99.9809425509106
12.89,99.98269567339732
12.9,99.9844262218582
12.91,99.98613196840662
12.92,99.98781068515606
12.93,99.98946014421992
12.94,99.99107811771168
12.95,99.99266237774472
12.96,99.99421069643252
12.97,99.99572084588851
12.98,99.99719059822613
12.99,99.9986177255588
13.0,100.0
13.01,100.0013356644709
13.02,100.00262484512388
13.03,100.00386813891905
13.04,100.00506614281652
13.05,100.0062194537764
13.06,100.00732866875887
13.07,100.00839438472396
13.08,100.00941719863192
13.09,100.01039770744272
13.1,100.01133650811656
13.11,100.0122341976136
13.12,100.01309137289392
13.13,100.01390863091764
13.14,100.01468656864486
13.15,100.01542578303577
13.16,100.01612687105045
13.17,100.01679042964896
13.18,100.01741705579154
13.19,100.01800734643822
13.2,100.01856189854917
13.21,100.0190813090845
13.22,100.01956617500431
13.23,100.02001709326878
13.24,100.02043466083796
13.25,100.020819474672
13.26,100.02117213173106
13.27,100.02149322897522
13.28,100.0217833633646
13.29,100.02204313185932
13.3,100.02227313141954
13.31,100.02247395900534
13.32,100.02264621157688
13.33,100.02279048609424
13.34,100.02290737951756
13.35,100.02299748880694
13.36,100.02306141092257
13.37,100.02309974282448
13.38,100.02311308147289
13.39,100.02310202382785
13.4,100.02306716684949
13.41,100.02300910749793
13.42,100.02292844273332
13.43,100.0228257695158
13.44,100.0227016848054
13.45,100.02255678556234
13.46,100.0223916687467
13.47,100.0222069313186
13.48,100.02200317023816
13.49,100.0217809824655
13.5,100.02154096496076
13.51,100.02128371468406
13.52,100.02100982859552
13.53,100.02071990365522
13.54,100.02041453682337
13.55,100.02009432505996
13.56,100.01975986532528
13.57,100.0194117545793
13.58,100.0190505897822
13.59,100.01867696789417
13.6,100.0182914858752
13.61,100.0178947406855
13.62,100.01748732928516
13.63,100.01706984863436
13.64,100.01664289569314
13.65,100.01620706742165
13.66,100.01576296078004
13.67,100.0153111727284
13.68,100.01485230022683
13.69,100.01438694023553
13.7,100.01391568971457
13.71,100.01343914562403
13.72,100.01295790492414
13.73,100.01247256457492
13.74,100.01198372153657
13.75,100.01149197276912
13.76,100.01099791523278
13.77,100.01050214588764
13.78,100.0100052616938
13.79,100.00950785961145
13.8,100.0090105366006
13.81,100.00851388962148
13.82,100.00801851563416
13.83,100.00752501159874
13.84,100.0070339744754
13.85,100.00654600122422
13.86,100.00606168880532
13.87,100.00558163417888
13.88,100.00510643430492
13.89,100.00463668614364
13.9,100.00417298665516
13.91,100.00371593279957
13.92,100.00326612153702
13.93,100.0028241498276
13.94,100.00239061463144
13.95,100.00196611290868
13.96,100.00155124161944
13.97,100.00114659772382
13.98,100.00075277818196
13.99,100.00037037995398
14.0,100.0
14.01,99.9996421091278
14.02,99.99929667353578
14.03,99.99896353327004
14.04,99.99864252837666
14.05,99.99833349890169
14.06,99.9980362848912
14.07,99.99775072639127
14.08,99.997476663448
14.09,99.99721393610746
14.1,99.99696238441568
14.11,99.9967218484188
14.12,99.99649216816285
14.13,99.9962731836939
14.14,99.99606473505804
14.15,99.99586666230137
14.16,99.99567880546992
14.17,99.99550100460978
14.18,99.99533309976704
14.19,99.99517493098772
14.2,99.99502633831798
14.21,99.99488716180385
14.22,99.9947572414914
14.23,99.9946364174267
14.24,99.99452452965586
14.25,99.99442141822492
14.26,99.99432692317995
14.27,99.99424088456703
14.28,99.99416314243228
14.29,99.99409353682172
14.3,99.99403190778143
14.31,99.99397809535752
14.32,99.99393193959604
14.33,99.99389328054306
14.34,99.99386195824466
14.35,99.99383781274692
14.36,99.99382068409592
14.37,99.99381041233768
14.38,99.99380683751832
14.39,99.99380979968396
14.4,99.99381913888062
14.41,99.99383469515436
14.42,99.9938563085513
14.43,99.99388381911749
14.44,99.993917066899
14.45,99.99395589194188
14.46,99.99400013429226
14.47,99.9940496339962
14.48,99.99410423109975
14.49,99.994163765649
14.5,99.99422807769
14.51,99.9942970072689
14.52,99.9943703944317
14.53,99.99444807922448
14.54,99.99452990169335
14.55,99.99461570188438
14.56,99.9947053198436
14.57,99.99479859561714
14.58,99.99489536925104
14.59,99.99499548079136
14.6,99.99509877028424
14.61,99.99520507777568
14.62,99.9953142433118
14.63,99.99542610693868
14.64,99.99554050870236
14.65,99.99565728864894
14.66,99.9957762868245
14.67,99.99589734327508
14.68,99.99602029804676
14.69,99.99614499118564
14.7,99.99627126273782
14.71,99.99639895274927
14.72,99.9965279012662
14.73,99.9966579483346
14.74,99.99678893400052
14.75,99.99692069831012
14.76,99.99705308130945
14.77,99.99718592304453
14.78,99.99731906356146
14.79,99.99745234290634
14.8,99.99758560112524
14.81,99.9977186782642
14.82,99.99785141436936
14.83,99.99798364948671
14.84,99.9981152236624
14.85,99.99824597694248
14.86,99.998375749373
14.87,99.99850438100005
14.88,99.9986317118697
14.89,99.99875758202803
14.9,99.99888183152112
14.91,99.99900430039504
14.92,99.9991248286959
14.93,99.9992432564697
14.94,99.99935942376256
14.95,99.99947317062052
14.96,99.99958433708971
14.97,99.9996927632162
14.98,99.999798289046
14.99,99.99990075462526
15.0,100.0
15.01,100.00009589901792
15.02,100.000188460733
15.03,100.00027772800075
15.04,100.00036374367689
15.05,100.0004465506169
15.06,100.00052619167636
15.07,100.00060270971092
15.08,100.0006761475761
15.09,100.00074654812748
15.1,100.00081395422066
15.11,100.00087840871122
15.12,100.00093995445476
15.13,100.00099863430678
15.14,100.00105449112296
15.15,100.00110756775882
15.16,100.00115790706997
15.17,100.00120555191197
15.18,100.00125054514038
15.19,100.00129292961084
15.2,100.0013327481789
15.21,100.00137004370008
15.22,100.00140485903007
15.23,100.00143723702438
15.24,100.0014672205386
15.25,100.00149485242832
15.26,100.00152017554912
15.27,100.0015432327566
15.28,100.00156406690628
15.29,100.00158272085378
15.3,100.00159923745468
15.31,100.00161365956455
15.32,100.001626030039
15.33,100.00163639173358
15.34,100.00164478750384
15.35,100.00165126020543
15.36,100.0016558526939
15.37,100.0016586078248
15.38,100.00165956845376
15.39,100.00165877743632
15.4,100.0016562776281
15.41,100.00165211188462
15.42,100.00164632306156
15.43,100.00163895401435
15.44,100.00163004759872
15.45,100.00161964667018
15.46,100.0016077940843
15.47,100.00159453269669
15.48,100.0015799053629
15.49,100.00156395493852
15.5,100.00154672427917
15.51,100.00152825624036
15.52,100.00150859367773
15.53,100.00148777944682
15.54,100.00146585640324
15.55,100.00144286740256
15.56,100.00141885530036
15.57,100.0013938629522
15.58,100.00136793321369
15.59,100.00134110894038
15.6,100.0013134329879
15.61,100.00128494821176
15.62,100.00125569746756
15.63,100.00122572361096
15.64,100.00119506949744
15.65,100.00116377798264
15.66,100.00113189192209
15.67,100.0010994541714
15.68,100.00106650758616
15.69,100.00103309502192
15.7,100.00099925933432
15.71,100.00096504337884
15.72,100.00093049001116
15.73,100.0008956420868
15.74,100.00086054246135
15.75,100.0008252339904
15.76,100.00078975952954
15.77,100.00075416193434
15.78,100.00071848406034
15.79,100.0006827687632
15.8,100.00064705889844
15.81,100.00061139732166
15.82,100.00057582688844
15.83,100.00054039045436
15.84,100.000505130875
15.85,100.00047009100592
15.86,100.00043531370274
15.87,100.000400841821
15.88,100.0003667182163
15.89,100.0003329857442
15.9,100.00029968726034
15.91,100.00026686562023
15.92,100.00023456367953
15.93,100.0002028242937
15.94,100.0001716903184
15.95,100.0001412046092
15.96,100.00011141002167
15.97,100.00008234941144
15.98,100.000054065634
15.99,100.000026601545
16.0,100.0
16.01,99.9999742948006
16.02,99.99994948353236
16.03,99.99992555472689
16.04,99.99990249691584
16.05,99.9998802986308
16.06,99.99985894840336
16.07,99.99983843476512
16.08,99.99981874624768
16.09,99.99979987138268
16.1,99.99978179870168
16.11,99.99976451673636
16.12,99.99974801401824
16.13,99.99973227907898
16.14,99.99971730045016
16.15,99.9997030666634
16.16,99.99968956625032
16.17,99.99967678774242
16.18,99.99966471967149
16.19,99.99965335056898
16.2,99.99964266896654
16.21,99.9996326633958
16.22,99.99962332238836
16.23,99.99961463447582
16.24,99.99960658818976
16.25,99.9995991720618
16.26,99.9995923746236
16.27,99.99958618440668
16.28,99.99958058994268
16.29,99.99957557976322
16.3,99.99957114239989
16.31,99.99956726638428
16.32,99.99956394024804
16.33,99.99956115252272
16.34,99.99955889174
16.35,99.99955714643144
16.36,99.9995559051286
16.37,99.99955515636312
16.38,99.99955488866664
16.39,99.99955509057077
16.4,99.99955575060706
16.41,99.99955685730714
16.42,99.9995583992026
16.43,99.99956036482511
16.44,99.9995627427062
16.45,99.9995655213775
16.46,99.99956868937063
16.47,99.99957223521716
16.48,99.99957614744876
16.49,99.99958041459698
16.5,99.9995850251934
16.51,99.99958996776972
16.52,99.99959523085744
16.53,99.99960080298824
16.54,99.99960667269372
16.55,99.99961282850543
16.56,99.99961925895506
16.57,99.99962595257416
16.58,99.9996328978943
16.59,99.99964008344716
16.6,99.9996474977643
16.61,99.99965512937736
16.62,99.9996629668179
16.63,99.99967099861756
16.64,99.99967921330791
16.65,99.9996875994206
16.66,99.99969614548723
16.67,99.99970484003936
16.68,99.99971367160865
16.69,99.99972262872669
16.7,99.99973169992504
16.71,99.99974087373536
16.72,99.99975013868924
16.73,99.99975948331831
16.74,99.99976889615412
16.75,99.99977836572828
16.76,99.99978788057246
16.77,99.99979742921823
16.78,99.99980700019714
16.79,99.99981658204088
16.8,99.99982616328104
16.81,99.99983573244916
16.82,99.99984527807692
16.83,99.99985478869588
16.84,99.99986425283768
16.85,99.9998736590339
16.86,99.99988299581617
16.87,99.99989225171603
16.88,99.99990141526516
16.89,99.99991047499512
16.9,99.99991941943756
16.91,99.99992823712404
16.92,99.99993691658622
16.93,99.99994544635562
16.94,99.99995381496394
16.95,99.99996201094272
16.96,99.99997002282358
16.97,99.99997783913814
16.98,99.999985448418
16.99,99.99999283919476
17.0,100.0
17.01,100.0000069217798
17.02,100.00001360513768
17.03,100.00002005309167
17.04,100.00002626865977
17.05,100.00003225485996
17.06,100.00003801471028
17.07,100.00004355122871
17.08,100.00004886743324
17.09,100.00005396634184
17.1,100.00005885097258
17.11,100.0000635243434
17.12,100.00006798947231
17.13,100.00007224937734
17.14,100.00007630707644
17.15,100.00008016558763
17.16,100.00008382792892
17.17,100.00008729711834
17.18,100.00009057617378
17.19,100.00009366811337
17.2,100.00009657595498
17.21,100.00009930271672
17.22,100.00010185141656
17.23,100.00010422507243
17.24,100.0001064267024
17.25,100.00010845932444
17.26,100.00011032595658
17.27,100.0001120296168
17.28,100.00011357332308
17.29,100.00011496009344
17.3,100.00011619294584
17.31,100.00011727489836
17.32,100.00011820896891
17.33,100.00011899817557
17.34,100.00011964553626
17.35,100.000120154069
17.36,100.00012052679185
17.37,100.00012076672272
17.38,100.00012087687968
17.39,100.00012086028067
17.4,100.00012071994374
17.41,100.00012045888688
17.42,100.00012008012806
17.43,100.00011958668529
17.44,100.00011898157656
17.45,100.00011826781989
17.46,100.00011744843329
17.47,100.00011652643472
17.48,100.00011550484216
17.49,100.00011438667369
17.5,100.00011317494724
17.51,100.00011187268086
17.52,100.00011048289252
17.53,100.00010900860022
17.54,100.00010745282192
17.55,100.00010581857568
17.56,100.00010410887948
17.57,100.00010232675132
17.58,100.00010047520918
17.59,100.00009855727107
17.6,100.000096575955
17.61,100.00009453427892
17.62,100.00009243526092
17.63,100.00009028191892
17.64,100.00008807727096
17.65,100.00008582433502
17.66,100.00008352612907
17.67,100.00008118567118
17.68,100.00007880597926
17.69,100.00007639007138
17.7,100.00007394096552
17.71,100.00007146167968
17.72,100.00006895523184
17.73,100.00006642464004
17.74,100.00006387292224
17.75,100.00006130309642
17.76,100.00005871818064
17.77,100.00005612119284
17.78,100.00005351515108
17.79,100.00005090307326
17.8,100.00004828797748
17.81,100.0000456728817
17.82,100.00004306080392
17.83,100.00004045476216
17.84,100.00003785777436
17.85,100.00003527285855
17.86,100.00003270303276
17.87,100.00003015131496
17.88,100.00002762072312
17.89,100.0000251142753
17.9,100.00002263498946
17.91,100.0000201858836
17.92,100.00001776997571
17.93,100.00001539028382
17.94,100.00001304982592
17.95,100.00001075161998
17.96,100.00000849868402
17.97,100.00000629403608
17.98,100.00000414069407
17.99,100.00000204167604
18.0,100.0
18.01,99.9999980180803
18.02,99.99999609591704
18.03,99.99999423290647
18.04,99.99999242844513
18.05,99.99999068192936
18.06,99.99998899275552
18.07,99.99998736032008
18.08,99.99998578401942
18.09,99.99998426324991
18.1,99.999982797408
18.11,99.99998138589008
18.12,99.99998002809252
18.13,99.9999787234117
18.14,99.9999774712441
18.15,99.99997627098608
18.16,99.999975122034
18.17,99.9999740237843
18.18,99.9999729756334
18.19,99.99997197697768
18.2,99.99997102721348
18.21,99.99997012573732
18.22,99.99996927194552
18.23,99.99996846523452
18.24,99.99996770500069
18.25,99.9999669906404
18.26,99.9999663215501
18.27,99.9999656971262
18.28,99.99996511676504
18.29,99.99996457986312
18.3,99.99996408581674
18.31,99.99996363402236
18.32,99.99996322387636
18.33,99.9999628547751
18.34,99.99996252611504
18.35,99.9999622372926
18.36,99.99996198770413
18.37,99.99996177674602
18.38,99.99996160381468
18.39,99.99996146830658
18.4,99.999961369618
18.41,99.99996130714544
18.42,99.99996128028523
18.43,99.99996128843384
18.44,99.99996133098762
18.45,99.999961407343
18.46,99.99996151689636
18.47,99.99996165904406
18.48,99.99996183318258
18.49,99.99996203870828
18.5,99.99996227501758
18.51,99.99996254150686
18.52,99.99996283757253
18.53,99.99996316261095
18.54,99.9999635160186
18.55,99.99996389719182
18.56,99.99996430552704
18.57,99.99996474042062
18.58,99.999965201269
18.59,99.9999656874686
18.6,99.99996619841576
18.61,99.99996673350692
18.62,99.99996729213844
18.63,99.99996787370678
18.64,99.99996847760828
18.65,99.9999691032394
18.66,99.99996974999648
18.67,99.99997041727596
18.68,99.99997110447428
18.69,99.99997181098774
18.7,99.9999725362128
18.71,99.99997327954586
18.72,99.99997404038332
18.73,99.99997481812156
18.74,99.99997561215696
18.75,99.999976421886
18.76,99.999977246705
18.77,99.99997808601044
18.78,99.9999789391986
18.79,99.999979805666
18.8,99.999980684809
18.81,99.999981576024
18.82,99.99998247870738
18.83,99.99998339225556
18.84,99.99998431606492
18.85,99.99998524953186
18.86,99.99998619205284
18.87,99.9999871430242
18.88,99.99998810184236
18.89,99.9999890679037
18.9,99.99999004060464
18.91,99.99999101934158
18.92,99.99999200351093
18.93,99.99999299250906
18.94,99.9999939857324
18.95,99.99999498257736
18.96,99.99999598244028
18.97,99.9999969847176
18.98,99.99999798880576
18.99,99.99999899410108
19.0,100.0
19.01,100.00000100589894
19.02,100.00000201119424
19.03,100.0000030152824
19.04,100.00000401755976
19.05,100.00000501742268
19.06,100.0000060142676
19.07,100.00000700749092
19.08,100.00000799648907
19.09,100.00000898065844
19.1,100.00000995939536
19.11,100.0000109320963
19.12,100.00001189815764
19.13,100.0000128569758
19.14,100.00001380794716
19.15,100.00001475046813
19.16,100.0000156839351
19.17,100.00001660774448
19.18,100.00001752129263
19.19,100.00001842397604
19.2,100.000019315191
19.21,100.00002019433398
19.22,100.0000210608014
19.23,100.00002191398958
19.24,100.000022753295
19.25,100.00002357811402
19.26,100.00002438784304
19.27,100.00002518187848
19.28,100.0000259596167
19.29,100.00002672045414
19.3,100.0000274637872
19.31,100.00002818901228
19.32,100.00002889552572
19.33,100.000029582724
19.34,100.0000302500035
19.35,100.00003089676062
19.36,100.00003152239172
19.37,100.00003212629323
19.38,100.00003270786156
19.39,100.00003326649308
19.4,100.00003380158424
19.41,100.0000343125314
19.42,100.00003479873098
19.43,100.0000352595794
19.44,100.00003569447298
19.45,100.0000361028082
19.46,100.0000364839814
19.47,100.00003683738905
19.48,100.00003716242747
19.49,100.00003745849315
19.5,100.00003772498242
19.51,100.00003796129172
19.52,100.00003816681742
19.53,100.00003834095594
19.54,100.00003848310368
19.55,100.000038592657
19.56,100.00003866901238
19.57,100.00003871156616
19.58,100.00003871971477
19.59,100.00003869285456
19.6,100.000038630382
19.61,100.00003853169343
19.62,100.0000383961853
19.63,100.000038223254
19.64,100.00003801229587
19.65,100.0000377627074
19.66,100.00003747388492
19.67,100.0000371452249
19.68,100.00003677612366
19.69,100.00003636597766
19.7,100.00003591418326
19.71,100.0000354201369
19.72,100.00003488323496
19.73,100.0000343028738
19.74,100.00003367844992
19.75,100.0000330093596
19.76,100.00003229499936
19.77,100.00003153476553
19.78,100.0000307280545
19.79,100.00002987426268
19.8,100.00002897278652
19.81,100.00002802302234
19.82,100.0000270243666
19.83,100.0000259762157
19.84,100.000024877966
19.85,100.00002372901396
19.86,100.0000225287559
19.87,100.00002127658828
19.88,100.00001997190748
19.89,100.00001861410992
19.9,100.000017202592
19.91,100.00001573675006
19.92,100.00001421598058
19.93,100.00001263967992
19.94,100.00001100724448
19.95,100.00000931807064
19.96,100.00000757155487
19.97,100.00000576709353
19.98,100.00000390408296
19.99,100.00000198191968
20.0,100.0
20.01,0.0
20.02,0.0
20.03,0.0
20.04,0.0
20.05,0.0
20.06,0.0
20.07,0.0
20.08,0.0
20.09,0.0
20.1,0.0
20.11,0.0
20.12,0.0
20.13,0.0
20.14,0.0
20.15,0.0
20.16,0.0
20.17,0.0
20.18,0.0
20.19,0.0
20.2,0.0
20.21,0.0
20.22,0.0
20.23,0.0
20.24,0.0
20.25,0.0
20.26,0.0
20.27,0.0
20.28,0.0
20.29,0.0
20.3,0.0
20.31,0.0
20.32,0.0
20.33,0.0
20.34,0.0
20.35,0.0
20.36,0.0
20.37,0.0
20.38,0.0
20.39,0.0
20.4,0.0
20.41,0.0
20.42,0.0
20.43,0.0
20.44,0.0
20.45,0.0
20.46,0.0
20.47,0.0
20.48,0.0
20.49,0.0
20.5,0.0
20.51,0.0
20.52,0.0
20.53,0.0
20.54,0.0
20.55,0.0
20.56,0.0
20.57,0.0
20.58,0.0
20.59,0.0
20.6,0.0
20.61,0.0
20.62,0.0
20.63,0.0
20.64,0.0
20.65,0.0
20.66,0.0
20.67,0.0
20.68,0.0
20.69,0.0
20.7,0.0
20.71,0.0
20.72,0.0
20.73,0.0
20.74,0.0
20.75,0.0
20.76,0.0
20.77,0.0
20.78,0.0
20.79,0.0
20.8,0.0
20.81,0.0
20.82,0.0
20.83,0.0
20.84,0.0
20.85,0.0
20.86,0.0
20.87,0.0
20.88,0.0
20.89,0.0
20.9,0.0
20.91,0.0
20.92,0.0
20.93,0.0
20.94,0.0
20.95,0.0
20.96,0.0
20.97,0.0
20.98,0.0
20.99,0.0
21.0,0.0
