wind_speed,Lagerwey LW 52/750
1.0,0.0
1.01,0.0
1.02,0.0
1.03,0.0
1.04,0.0
1.05,0.0
1.06,0.0
1.07,0.0
1.08,0.0
1.09,0.0
1.1,0.0
1.11,0.0
1.12,0.0
1.13,0.0
1.14,0.0
1.15,0.0
1.16,0.0
1.17,0.0
1.18,0.0
1.19,0.0
1.2,0.0
1.21,0.0
1.22,0.0
1.23,0.0
1.24,0.0
1.25,0.0
1.26,0.0
1.27,0.0
1.28,0.0
1.29,0.0
1.3,0.0
1.31,0.0
1.32,0.0
1.33,0.0
1.34,0.0
1.35,0.0
1.36,0.0
1.37,0.0
1.38,0.0
1.39,0.0
1.4,0.0
1.41,0.0
1.42,0.0
1.43,0.0
1.44,0.0
1.45,0.0
1.46,0.0
1.47,0.0
1.48,0.0
1.49,0.0
1.5,0.0
1.51,0.0
1.52,0.0
1.53,0.0
1.54,0.0
1.55,0.0
1.56,0.0
1.57,0.0
1.58,0.0
1.59,0.0
1.6,0.0
1.61,0.0
1.62,0.0
1.63,0.0
1.64,0.0
1.65,0.0
1.66,0.0
1.67,0.0
1.68,0.0
1.69,0.0
1.7,0.0
1.71,0.0
1.72,0.0
1.73,0.0
1.74,0.0
1.75,0.0
1.76,0.0
1.77,0.0
1.78,0.0
1.79,0.0
1.8,0.0
1.81,0.0
1.82,0.0
1.83,0.0
1.84,0.0
1.85,0.0
1.86,0.0
1.87,0.0
1.88,0.0
1.89,0.0
1.9,0.0
1.91,0.0
1.92,0.0
1.93,0.0
1.94,0.0
1.95,0.0
1.96,0.0
1.97,0.0
1.98,0.0
1.99,0.0
2.0,0.0
2.01,0.0
2.02,0.0
2.03,0.0
2.04,0.0
2.05,0.0
2.06,0.0
2.07,0.0
2.08,0.0
2.09,0.0
2.1,0.0
2.11,0.0
2.12,0.0
2.13,0.0
2.14,0.0
2.15,0.0
2.16,0.0
2.17,0.0
2.18,0.0
2.19,0.0
2.2,0.0
2.21,0.0
2.22,0.0
2.23,0.0
2.24,0.0
2.25,0.0
2.26,0.0
2.27,0.0
2.28,0.0
2.29,0.0
2.3,0.0
2.31,0.0
2.32,0.0
2.33,0.0
2.34,0.0
2.35,0.0
2.36,0.0
2.37,0.0
2.38,0.0
2.39,0.0
2.4,0.0
2.41,0.0
2.42,0.0
2.43,0.0
2.44,0.0
2.45,0.0
2.46,0.0
2.47,0.0
2.48,0.0
2.49,0.0
2.5,0.0
2.51,0.0
2.52,0.0
2.53,0.0
2.54,0.0
2.55,0.0
2.56,0.0
2.57,0.0
2.58,0.0
2.59,0.0
2.6,0.0
2.61,0.0
2.62,0.0
2.63,0.0
2.64,0.0
2.65,0.0
2.66,0.0
2.67,0.0
2.68,0.0
2.69,0.0
2.7,0.0
2.71,0.0
2.72,0.0
2.73,0.0
2.74,0.0
2.75,0.0
2.76,0.0
2.77,0.0
2.78,0.0
2.79,0.0
2.8,0.0
2.81,0.0
2.82,0.0
2.83,0.0
2.84,0.0
2.85,0.0
2.86,0.0
2.87,0.0
2.88,0.0
2.89,0.0
2.9,0.0
2.91,0.0
2.92,0.0
2.93,0.0
2.94,0.0
2.95,0.0
2.96,0.0
2.97,0.0
2.98,0.0
2.99,0.0
3.0,8.8
3.01,9.072836396909642
3.02,9.34413507279447
3.03,9.613941532165173
3.04,9.882301279532475
3.05,10.149259819407073
3.06,10.414862656299702
3.07,10.679155294721044
3.08,10.942183239181832
3.09,11.20399199419276
3.1,11.464627064264556
3.11,11.724133953907913
3.12,11.98255816763356
3.13,12.239945209952188
3.14,12.496340585374526
3.15,12.751789798411266
3.16,13.006338353573142
3.17,13.260031755370845
3.18,13.5129155083151
3.19,13.7650351169166
3.2,14.016436085686076
3.21,14.26716391913422
3.22,14.517264121771762
3.23,14.766782198109391
3.24,15.015763652657844
3.25,15.264253989927802
3.26,15.512298714429994
3.27,15.759943330675137
3.28,16.007233343173922
3.29,16.254214256437084
3.3,16.500931574975304
3.31,16.747430803299324
3.32,16.993757445919826
3.33,17.23995700734755
3.34,17.486074992093176
3.35,17.73215690466744
3.36,17.978248249581036
3.37,18.22439453134469
3.38,18.47064125446909
3.39,18.71703392346497
3.4,18.96361804284303
3.41,19.21043911711399
3.42,19.457542650788547
3.43,19.70497414837742
3.44,19.952779114391305
3.45,20.20100305334094
3.46,20.44969146973701
3.47,20.69888986809025
3.48,20.94864375291135
3.49,21.19899862871103
3.5,21.45
3.51,21.70169337128896
3.52,21.954124247088647
3.53,22.20733813190974
3.54,22.461380530262986
3.55,22.71629694665905
3.56,22.972132885608687
3.57,23.22893385162257
3.58,23.486745349211454
3.59,23.745612882886007
3.6,24.00558195715697
3.61,24.266698076535015
3.62,24.529006745530904
3.63,24.792553468655303
3.64,25.057383750418964
3.65,25.323543095332557
3.66,25.591077007906826
3.67,25.860030992652444
3.68,26.130450554080166
3.69,26.40238119670067
3.7,26.67586842502469
3.71,26.95095774356291
3.72,27.227694656826078
3.73,27.50612466932485
3.74,27.78629328557
3.75,28.068246010072198
3.76,28.35202834734215
3.77,28.637685801890605
3.78,28.92526387822824
3.79,29.214808080865783
3.8,29.50636391431392
3.81,29.7999768830834
3.82,30.0956924916849
3.83,30.393556244629156
3.84,30.69361364642685
3.85,30.995910201588732
3.86,31.300491414625476
3.87,31.607402790047814
3.88,31.91668983236644
3.89,32.22839804609209
3.9,32.54257293573544
3.91,32.85926000580724
3.92,33.17850476081817
3.93,33.50035270527896
3.94,33.82484934370029
3.95,34.152040180592934
3.96,34.48197072046753
3.97,34.81468646783483
3.98,35.150232927205536
3.99,35.488655603090365
4.0,35.83
4.01,36.17428907793448
4.02,36.52145561885092
4.03,36.87140986019585
4.04,37.2240620394156
4.05,37.57932239395667
4.06,37.93710116126553
4.07,38.29730857878862
4.08,38.65985488397235
4.09,39.024650314263184
4.1,39.39160510710758
4.11,39.760629499952
4.12,40.13163373024283
4.13,40.50452803542657
4.14,40.87922265294963
4.15,41.25562782025851
4.16,41.63365377479959
4.17,42.01321075401936
4.18,42.39420899536424
4.19,42.77655873628072
4.2,43.1601702142152
4.21,43.54495366661413
4.22,43.93081933092396
4.23,44.31767744459118
4.24,44.70543824506218
4.25,45.09401196978342
4.26,45.48330885620136
4.27,45.87323914176243
4.28,46.26371306391312
4.29,46.65464086009981
4.3,47.04593276776898
4.31,47.43749902436706
4.32,47.829249867340565
4.33,48.22109553413585
4.34,48.61294626219939
4.35,49.00471228897764
4.36,49.39630385191707
4.37,49.78763118846408
4.38,50.17860453606513
4.39,50.56913413216668
4.4,50.95913021421519
4.41,51.34850301965707
4.42,51.73716278593879
4.43,52.125019750506766
4.44,52.51198415080752
4.45,52.89796622428739
4.46,53.28287620839289
4.47,53.66662434057045
4.48,54.04912085826655
4.49,54.43027599892759
4.5,54.81
4.51,55.18823359697312
4.52,55.5650395175076
4.53,55.940510987306965
4.54,56.31474123207465
4.55,56.687823477514215
4.56,57.059850949329125
4.57,57.43091687322298
4.58,57.80111447489916
4.59,58.17053698006123
4.6,58.539277614412654
4.61,58.90742960365705
4.62,59.2750861734978
4.63,59.64234054963843
4.64,60.00928595778248
4.65,60.37601562363347
4.66,60.742622772894855
4.67,61.10920063127013
4.68,61.47584242446285
4.69,61.84264137817653
4.7,62.209690718114615
4.71,62.57708366998062
4.72,62.94491345947807
4.73,63.313273312310514
4.74,63.68225645418135
4.75,64.05195611079415
4.76,64.42246550785241
4.77,64.79387787105964
4.78,65.16628642611937
4.79,65.53978439873502
4.8,65.91446501461016
4.81,66.29042149944829
4.82,66.66774707895291
4.83,67.04653497882752
4.84,67.42687842477561
4.85,67.80887064250071
4.86,68.19260485770633
4.87,68.57817429609594
4.88,68.96567218337304
4.89,69.35519174524117
4.9,69.74682620740386
4.91,70.14066879556452
4.92,70.53681273542672
4.93,70.93535125269395
4.94,71.33637757306977
4.95,71.73998492225758
4.96,72.14626652596094
4.97,72.55531560988335
4.98,72.96722539972838
4.99,73.3820891211994
5.0,73.8
5.01,74.22103467544721
5.02,74.64520344131225
5.03,75.07250000497991
5.04,75.5029180738349
5.05,75.93645135526198
5.06,76.37309355664596
5.07,76.81283838537158
5.08,77.25567954882358
5.09,77.7016107543867
5.1,78.15062570944582
5.11,78.60271812138558
5.12,79.05788169759076
5.13,79.51611014544615
5.14,79.9773971723365
5.15,80.44173648564659
5.16,80.90912179276113
5.17,81.37954680106492
5.18,81.85300521794271
5.19,82.32949075077931
5.2,82.80899710695935
5.21,83.29151799386771
5.22,83.77704711888916
5.23,84.26557818940839
5.24,84.75710491281018
5.25,85.2516209964793
5.26,85.74912014780048
5.27,86.24959607415852
5.28,86.75304248293826
5.29,87.25945308152427
5.3,87.76882157730145
5.31,88.2811416776545
5.32,88.79640708996827
5.33,89.31461152162741
5.34,89.8357486800167
5.35,90.35981227252095
5.36,90.88679600652492
5.37,91.41669358941331
5.38,91.94949872857094
5.39,92.48520513138254
5.4,93.02380650523294
5.41,93.56529655750676
5.42,94.10966899558888
5.43,94.656917526864
5.44,95.20703585871696
5.45,95.7600176985324
5.46,96.31585675369516
5.47,96.87454673159
5.48,97.4360813396017
5.49,98.00045428511496
5.5,98.56765927551452
5.51,99.13769001818524
5.52,99.71054022051182
5.53,100.28620358987908
5.54,100.86467383367165
5.55,101.4459446592744
5.56,102.03000977407208
5.57,102.61686288544944
5.58,103.20649770079122
5.59,103.79890792748218
5.6,104.39408727290711
5.61,104.9920294444508
5.62,105.59272814949794
5.63,106.1961770954333
5.64,106.80236998964166
5.65,107.41130053950783
5.66,108.02296245241648
5.67,108.63734943575244
5.68,109.2544551969004
5.69,109.87427344324522
5.7,110.49679788217152
5.71,111.1220222210642
5.72,111.74994016730795
5.73,112.38054542828762
5.74,113.01383171138784
5.75,113.64979272399344
5.76,114.28842217348912
5.77,114.92971376725971
5.78,115.57366121269004
5.79,116.22025821716468
5.8,116.86949848806852
5.81,117.52137573278628
5.82,118.17588365870284
5.83,118.83301597320272
5.84,119.49276638367088
5.85,120.155128597492
5.86,120.82009632205092
5.87,121.48766326473226
5.88,122.15782313292088
5.89,122.83056963400152
5.9,123.505896475359
5.91,124.18379736437797
5.92,124.8642660084432
5.93,125.54729611493951
5.94,126.23288139125174
5.95,126.92101554476449
5.96,127.61169228286256
5.97,128.30490531293074
5.98,129.00064834235388
5.99,129.69891507851654
6.0,130.39969922880363
6.01,131.10299450059983
6.02,131.80879460128995
6.03,132.51709323825884
6.04,133.2278841188911
6.05,133.9411609505715
6.06,134.65691744068488
6.07,135.37514729661606
6.08,136.09584422574963
6.09,136.81900193547042
6.1,137.54461413316324
6.11,138.2726745262129
6.12,139.00317682200395
6.13,139.73611472792138
6.14,140.47148195134977
6.15,141.20927219967405
6.16,141.94947918027884
6.17,142.69209660054895
6.18,143.4371181678691
6.19,144.1845375896242
6.2,144.93434857319883
6.21,145.68654482597782
6.22,146.44112005534595
6.23,147.198067968688
6.24,147.9573822733887
6.25,148.7190566768328
6.26,149.48308488640504
6.27,150.24946060949023
6.28,151.01817755347318
6.29,151.78922942573848
6.3,152.562609933671
6.31,153.33831278465553
6.32,154.11633168607688
6.33,154.8966603453196
6.34,155.6792924697686
6.35,156.46422176680863
6.36,157.25144194382446
6.37,158.0409467082008
6.38,158.83272976732243
6.39,159.62678482857413
6.4,160.42310559934072
6.41,161.2216857870068
6.42,162.02251909895725
6.43,162.82559924257683
6.44,163.63091992525034
6.45,164.43847485436237
6.46,165.24825773729782
6.47,166.06026228144137
6.48,166.87448219417792
6.49,167.69091118289208
6.5,168.50954295496865
6.51,169.3303712177924
6.52,170.15338967874817
6.53,170.9785920452207
6.54,171.8059720245946
6.55,172.63552332425476
6.56,173.46723965158586
6.57,174.30111471397282
6.58,175.13714221880028
6.59,175.97531587345298
6.6,176.8156293853157
6.61,177.6580764617733
6.62,178.5026508102104
6.63,179.3493461380118
6.64,180.19815615256232
6.65,181.0490745612467
6.66,181.90209507144968
6.67,182.75721139055597
6.68,183.6144172259504
6.69,184.47370628501776
6.7,185.3350722751427
6.71,186.1985089037101
6.72,187.06400987810463
6.73,187.9315689057112
6.74,188.8011796939143
6.75,189.6728359500989
6.76,190.5465313816497
6.77,191.42225969595148
6.78,192.30001460038912
6.79,193.17978980234716
6.8,194.0615790092104
6.81,194.9453759283637
6.82,195.83117426719176
6.83,196.71896773307935
6.84,197.60875003341127
6.85,198.50051487557224
6.86,199.39425596694707
6.87,200.2899670149204
6.88,201.1876417268771
6.89,202.0872738102019
6.9,202.98885697227965
6.91,203.8923849204949
6.92,204.79785136223256
6.93,205.7052500048774
6.94,206.61457455581416
6.95,207.5258187224276
6.96,208.4389762121024
6.97,209.35404073222335
6.98,210.27100599017535
6.99,211.18986569334305
7.0,212.11061354911115
7.01,213.03324326486452
7.02,213.95774854798785
7.03,214.88412310586605
7.04,215.8123606458837
7.05,216.7424548754256
7.06,217.67439950187648
7.07,218.6081882326213
7.08,219.54381477504455
7.09,220.4812728365312
7.1,221.4205561244659
7.11,222.3616583462335
7.12,223.30457320921855
7.13,224.24929442080605
7.14,225.19581568838063
7.15,226.1441307193272
7.16,227.09423322103032
7.17,228.0461169008749
7.18,228.9997754662456
7.19,229.9552026245273
7.2,230.91239208310455
7.21,231.8713375493624
7.22,232.83203273068537
7.23,233.79447133445836
7.24,234.758647068066
7.25,235.7245536388932
7.26,236.69218475432464
7.27,237.66153412174504
7.28,238.6325954485393
7.29,239.60536244209203
7.3,240.57982880978804
7.31,241.5559882590121
7.32,242.53383449714912
7.33,243.51336123158364
7.34,244.4945621697004
7.35,245.4774310188843
7.36,246.46196148652015
7.37,247.4481472799926
7.38,248.4359821066864
7.39,249.4254596739862
7.4,250.4165736892772
7.41,251.40931785994363
7.42,252.40368589337055
7.43,253.39967149694263
7.44,254.39726837804477
7.45,255.3964702440615
7.46,256.3972708023777
7.47,257.39966376037825
7.48,258.4036428254477
7.49,259.4092017049709
7.5,260.4163341063326
7.51,261.4250337369176
7.52,262.4352943041106
7.53,263.4471095152964
7.54,264.4604730778599
7.55,265.4753786991855
7.56,266.4918200866582
7.57,267.5097909476629
7.58,268.529284989584
7.59,269.5502959198066
7.6,270.57281744571526
7.61,271.59684327469483
7.62,272.62236711413004
7.63,273.64938267140565
7.64,274.67788365390635
7.65,275.70786376901714
7.66,276.7393167241225
7.67,277.7722362266073
7.68,278.80661598385626
7.69,279.8424497032543
7.7,280.87973109218603
7.71,281.91845385803623
7.72,282.95861170818966
7.73,284.0001983500312
7.74,285.0432074909454
7.75,286.08763283831706
7.76,287.1334680995312
7.77,288.18070698197226
7.78,289.2293431930252
7.79,290.2793704400748
7.8,291.3307824305055
7.81,292.3835728717024
7.82,293.4377354710503
7.83,294.49326393593367
7.84,295.55015197373746
7.85,296.60839329184626
7.86,297.6679815976452
7.87,298.7289105985187
7.88,299.79117400185163
7.89,300.85476551502865
7.9,301.9196788454348
7.91,302.9859077004545
7.92,304.05344578747264
7.93,305.1222868138741
7.94,306.1924244870436
7.95,307.26385251436574
7.96,308.33656460322544
7.97,309.4105544610072
7.98,310.4858157950964
7.99,311.56234231287704
8.0,312.6401277217344
8.01,313.719165729053
8.02,314.7994500422177
8.03,315.8809743686132
8.04,316.96373241562435
8.05,318.047717890636
8.06,319.1329245010326
8.07,320.21934595419896
8.08,321.3069759575202
8.09,322.3958082183806
8.1,323.48583644416533
8.11,324.5770543422589
8.12,325.66945562004616
8.13,326.763033984912
8.14,327.8577831442409
8.15,328.9536968054178
8.16,330.0507686758274
8.17,331.1489924628545
8.18,332.2483618738838
8.19,333.34887061630013
8.2,334.4505123974882
8.21,335.5532809248331
8.22,336.657169905719
8.23,337.762173047531
8.24,338.8682840576538
8.25,339.9754966434722
8.26,341.0838045123708
8.27,342.1932013717346
8.28,343.30368092894827
8.29,344.4152368913965
8.3,345.52786296646434
8.31,346.64155286153607
8.32,347.7563002839968
8.33,348.87209894123106
8.34,349.9889425406238
8.35,351.1068247895597
8.36,352.2257393954236
8.37,353.34568006560016
8.38,354.46664050747444
8.39,355.5886144284306
8.4,356.7115955358539
8.41,357.83557753712887
8.42,358.9605541396404
8.43,360.0865190507731
8.44,361.213465977912
8.45,362.3413886284416
8.46,363.4702807097468
8.47,364.60013592921234
8.48,365.7309479942228
8.49,366.8627106121632
8.5,367.995417490418
8.51,369.1290623363723
8.52,370.2636388574107
8.53,371.39914076091793
8.54,372.5355617542789
8.55,373.6728955448784
8.56,374.81113584010086
8.57,375.9502763473312
8.58,377.09031077395423
8.59,378.2312328273548
8.6,379.3730362149174
8.61,380.5157146440271
8.62,381.65926182206846
8.63,382.8036714564265
8.64,383.94893725448566
8.65,385.0950529236308
8.66,386.2420121712466
8.67,387.389808704718
8.68,388.5384362314297
8.69,389.6878884587665
8.7,390.83815909411305
8.71,391.9892418448543
8.72,393.1411304183748
8.73,394.29381852205927
8.74,395.4472998632927
8.75,396.6015681494597
8.76,397.7566170879451
8.77,398.9124403861336
8.78,400.06903175141
8.79,401.2263848911591
8.8,402.38449351276574
8.81,403.5433513236144
8.82,404.7029520310901
8.83,405.8632893425773
8.84,407.024356965461
8.85,408.186148607126
8.86,409.34865797495695
8.87,410.5118787763387
8.88,411.6758047186561
8.89,412.8404295092936
8.9,414.00574685563606
8.91,415.1717504650683
8.92,416.3384340449752
8.93,417.5057913027413
8.94,418.6738159457514
8.95,419.8425016813904
8.96,421.0118422170434
8.97,422.1818312600943
8.98,423.3524625179284
8.99,424.5237296979303
9.0,425.6956265074849
9.01,426.86814665397696
9.02,428.0412838447911
9.03,429.2150317873121
9.04,430.3893841889248
9.05,431.5643347570142
9.06,432.73987719896456
9.07,433.9160052221608
9.08,435.0927125339879
9.09,436.26999284183046
9.1,437.4478398530732
9.11,438.6262472751009
9.12,439.8052088152985
9.13,440.9847181810507
9.14,442.164769079742
9.15,443.3453552187574
9.16,444.5264703054816
9.17,445.7081080472993
9.18,446.8902621515955
9.19,448.0729263257547
9.2,449.2560942771617
9.21,450.4397597132014
9.22,451.6239163412585
9.23,452.8085578687177
9.24,453.9936780029636
9.25,455.1792704513813
9.26,456.3653289213554
9.27,457.55184712027057
9.28,458.73881875551183
9.29,459.92623753446367
9.3,461.11409716451135
9.31,462.30239135303896
9.32,463.4911138074314
9.33,464.6802582350738
9.34,465.8698183433505
9.35,467.05978783964656
9.36,468.2501604313466
9.37,469.4409298258355
9.38,470.6320897304981
9.39,471.8236338527188
9.4,473.01555589988254
9.41,474.20784957937417
9.42,475.4005085985784
9.43,476.59352666488
9.44,477.7868974856636
9.45,478.9806147683141
9.46,480.1746722202165
9.47,481.369063548755
9.48,482.5637824613147
9.49,483.7588226652803
9.5,484.9541778680366
9.51,486.1498417769683
9.52,487.3458080994602
9.53,488.542070542897
9.54,489.7386228146636
9.55,490.9354586221449
9.56,492.1325716727253
9.57,493.3299556737894
9.58,494.52760433272255
9.59,495.7255113569091
9.6,496.9236704537339
9.61,498.1220753305819
9.62,499.3207196948376
9.63,500.5195972538861
9.64,501.7187017151116
9.65,502.9180267858993
9.66,504.1175661736338
9.67,505.3173135857
9.68,506.51726272948247
9.69,507.7174073123661
9.7,508.9177410417356
9.71,510.118257624976
9.72,511.3189507694715
9.73,512.5198141826072
9.74,513.720841571768
9.75,514.9220266443384
9.76,516.1233631077033
9.77,517.3248446692472
9.78,518.5264650363554
9.79,519.7282179164121
9.8,520.9300970168025
9.81,522.132096044911
9.82,523.3342087081227
9.83,524.5364287138219
9.84,525.7387497693937
9.85,526.9411655822229
9.86,528.1436698596941
9.87,529.3462563091923
9.88,530.548918638102
9.89,531.7516505538081
9.9,532.954445763695
9.91,534.157297975148
9.92,535.3602008955517
9.93,536.5631482322906
9.94,537.7661336927497
9.95,538.9691509843138
9.96,540.1721938143677
9.97,541.3752558902959
9.98,542.5783309194832
9.99,543.7814126093144
10.0,544.9844946671744
10.01,546.1875708004479
10.02,547.3906347165197
10.03,548.5936801227743
10.04,549.7967007265968
10.05,550.9996902353719
10.06,552.2026423564841
10.07,553.4055507973185
10.08,554.6084092652598
10.09,555.8112114676921
10.1,557.0139511120012
10.11,558.2166219055712
10.12,559.4192175557872
10.13,560.6217317700339
10.14,561.8241582556958
10.15,563.0264907201579
10.16,564.2287228708046
10.17,565.4308484150213
10.18,566.6328610601921
10.19,567.8347545137023
10.2,569.0365224829363
10.21,570.2381586752792
10.22,571.4396567981155
10.23,572.6410105588299
10.24,573.8422136648072
10.25,575.0432598234323
10.26,576.2441427420899
10.27,577.4448561281649
10.28,578.6453936890418
10.29,579.8457491321053
10.3,581.0459161647409
10.31,582.2458884943322
10.32,583.4456598282649
10.33,584.6452238739233
10.34,585.8445743386923
10.35,587.0437049299564
10.36,588.242609355101
10.37,589.4412813215101
10.38,590.6397145365694
10.39,591.8379027076625
10.4,593.035839542175
10.41,594.2335187474912
10.42,595.4309340309965
10.43,596.6280791000747
10.44,597.8249476621113
10.45,599.0215334244908
10.46,600.2178300945985
10.47,601.4138313798182
10.48,602.6095309875352
10.49,603.8049226251342
10.5,605.0
10.51,606.1947071065814
10.52,607.3887890875851
10.53,608.5819413727816
10.54,609.7738593919412
10.55,610.9642385748352
10.56,612.1527743512332
10.57,613.3391621509066
10.58,614.5230974036258
10.59,615.704275539161
10.6,616.8823919872834
10.61,618.0571421777635
10.62,619.2282215403715
10.63,620.3953255048785
10.64,621.5581495010547
10.65,622.7163889586708
10.66,623.8697393074975
10.67,625.0178959773053
10.68,626.1605543978649
10.69,627.2974099989469
10.7,628.428158210322
10.71,629.5524944617608
10.72,630.6701141830335
10.73,631.780712803911
10.74,632.883985754164
10.75,633.9796284635629
10.76,635.0673363618785
10.77,636.1468048788812
10.78,637.2177294443417
10.79,638.2798054880307
10.8,639.3327284397188
10.81,640.3761937291764
10.82,641.4098967861743
10.83,642.4335330404829
10.84,643.4467979218729
10.85,644.4493868601149
10.86,645.4409952849796
10.87,646.4213186262374
10.88,647.3900523136595
10.89,648.3468917770157
10.9,649.291532446077
10.91,650.223669750614
10.92,651.1429991203972
10.93,652.0492159851972
10.94,652.9420157747845
10.95,653.82109391893
10.96,654.6861458474045
10.97,655.5368669899779
10.98,656.3729527764212
10.99,657.1940986365049
11.0,658.0
11.01,658.790479278013
11.02,659.5658668069964
11.03,660.3266199047389
11.04,661.0731958890299
11.05,661.8060520776578
11.06,662.5256457884111
11.07,663.232434339079
11.08,663.9268750474502
11.09,664.6094252313133
11.1,665.2805422084575
11.11,665.9406832966713
11.12,666.5903058137437
11.13,667.2298670774633
11.14,667.8598244056191
11.15,668.4806351159999
11.16,669.0927565263943
11.17,669.6966459545911
11.18,670.2927607183793
11.19,670.8815581355475
11.2,671.4634955238847
11.21,672.0390302011798
11.22,672.6086194852211
11.23,673.1727206937978
11.24,673.7317911446986
11.25,674.2862881557124
11.26,674.8366690446279
11.27,675.383391129234
11.28,675.9269117273193
11.29,676.4676881566728
11.3,677.0061777350833
11.31,677.5428377803394
11.32,678.0781256102301
11.33,678.6124985425439
11.34,679.14641389507
11.35,679.6803289855972
11.36,680.2147011319139
11.37,680.7499876518091
11.38,681.2866458630718
11.39,681.8251330834908
11.4,682.3659066308545
11.41,682.909423822952
11.42,683.4561419775721
11.43,684.0065184125034
11.44,684.5610104455349
11.45,685.1200753944554
11.46,685.6841705770536
11.47,686.2537533111185
11.48,686.8292809144386
11.49,687.4112107048029
11.5,688.0
11.51,688.5959597813666
11.52,689.1988156844292
11.53,689.808147008262
11.54,690.4235330519388
11.55,691.0445531145346
11.56,691.6707864951228
11.57,692.3018124927779
11.58,692.9372104065741
11.59,693.5765595355856
11.6,694.2194391788865
11.61,694.8654286355512
11.62,695.5141072046536
11.63,696.1650541852682
11.64,696.817848876469
11.65,697.4720705773303
11.66,698.127298586926
11.67,698.7831122043307
11.68,699.4390907286183
11.69,700.0948134588632
11.7,700.7498596941392
11.71,701.4038087335211
11.72,702.0562398760827
11.73,702.7067324208981
11.74,703.3548656670417
11.75,704.0002189135876
11.76,704.6423714596101
11.77,705.2809026041832
11.78,705.9153916463813
11.79,706.5454178852784
11.8,707.170560619949
11.81,707.7903991494668
11.82,708.4045127729065
11.83,709.0124807893419
11.84,709.6138824978473
11.85,710.208297197497
11.86,710.795304187365
11.87,711.3744827665258
11.88,711.9454122340534
11.89,712.5076718890219
11.9,713.0608410305057
11.91,713.6044989575787
11.92,714.1382249693155
11.93,714.6615983647898
11.94,715.1741984430763
11.95,715.6756045032488
11.96,716.1653958443816
11.97,716.643151765549
11.98,717.1084515658249
11.99,717.5608745442839
12.0,718.0
12.01,718.4255375965208
12.02,718.8377184552871
12.03,719.2369040622137
12.04,719.6234559032148
12.05,719.9977354642052
12.06,720.360104231099
12.07,720.7109236898104
12.08,721.0505553262542
12.09,721.3793606263449
12.1,721.6977010759969
12.11,722.0059381611243
12.12,722.3044333676419
12.13,722.5935481814641
12.14,722.8736440885051
12.15,723.1450825746798
12.16,723.4082251259022
12.17,723.6634332280867
12.18,723.911068367148
12.19,724.1514920290003
12.2,724.3850656995585
12.21,724.6121508647366
12.22,724.833109010449
12.23,725.0483016226103
12.24,725.258090187135
12.25,725.4628361899375
12.26,725.6629011169322
12.27,725.8586464540335
12.28,726.0504336871559
12.29,726.2386243022138
12.3,726.4235797851218
12.31,726.605661621794
12.32,726.785231298145
12.33,726.9626503000893
12.34,727.1382801135413
12.35,727.3124822244155
12.36,727.485618118626
12.37,727.6580492820877
12.38,727.8301372007148
12.39,728.002243360422
12.4,728.1747292471234
12.41,728.3479563467334
12.42,728.5222861451667
12.43,728.6980801283376
12.44,728.8756997821606
12.45,729.0555065925502
12.46,729.2378620454205
12.47,729.4231276266862
12.48,729.6116648222618
12.49,729.8038351180616
12.5,730.0
12.51,730.2004258325506
12.52,730.4049984944224
12.53,730.6135087428834
12.54,730.8257473352018
12.55,731.0415050286455
12.56,731.2605725804826
12.57,731.4827407479811
12.58,731.7078002884094
12.59,731.935541959035
12.6,732.1657565171266
12.61,732.3982347199517
12.62,732.6327673247787
12.63,732.8691450888756
12.64,733.1071587695104
12.65,733.3465991239513
12.66,733.5872569094661
12.67,733.8289228833231
12.68,734.0713878027902
12.69,734.3144424251357
12.7,734.5578775076274
12.71,734.8014838075334
12.72,735.0450520821217
12.73,735.2883730886609
12.74,735.5312375844184
12.75,735.7734363266626
12.76,736.0147600726615
12.77,736.254999579683
12.78,736.4939456049955
12.79,736.7313889058665
12.8,736.9671202395649
12.81,737.200930363358
12.82,737.4326100345144
12.83,737.6619500103017
12.84,737.8887410479882
12.85,738.112773904842
12.86,738.333839338131
12.87,738.5517281051235
12.88,738.7662309630874
12.89,738.9771386692909
12.9,739.1842419810017
12.91,739.3873316554883
12.92,739.5861984500185
12.93,739.7806331218603
12.94,739.9704264282823
12.95,740.1553691265518
12.96,740.3352519739374
12.97,740.5098657277069
12.98,740.6790011451286
12.99,740.8424489834703
13.0,741.0
13.01,741.1515070732772
13.02,741.2970715670237
13.03,741.4368569662532
13.04,741.5710267559788
13.05,741.699744421214
13.06,741.8231734469719
13.07,741.9414773182658
13.08,742.0548195201094
13.09,742.1633635375157
13.1,742.2672728554978
13.11,742.3667109590696
13.12,742.4618413332438
13.13,742.5528274630342
13.14,742.6398328334539
13.15,742.7230209295162
13.16,742.8025552362345
13.17,742.8785992386221
13.18,742.9513164216921
13.19,743.020870270458
13.2,743.0874242699331
13.21,743.1511419051309
13.22,743.2121866610643
13.23,743.270722022747
13.24,743.3269114751921
13.25,743.3809185034129
13.26,743.4329065924229
13.27,743.4830392272352
13.28,743.5314798928632
13.29,743.5783920743203
13.3,743.6239392566198
13.31,743.6682849247746
13.32,743.7115925637986
13.33,743.754025658705
13.34,743.7957476945068
13.35,743.8369221562175
13.36,743.8777125288505
13.37,743.918282297419
13.38,743.9587949469363
13.39,743.9994139624157
13.4,744.0403028288708
13.41,744.0816250313145
13.42,744.1235440547605
13.43,744.1662233842216
13.44,744.2098265047116
13.45,744.2545169012436
13.46,744.3004580588308
13.47,744.347813462487
13.48,744.3967465972248
13.49,744.4474209480582
13.5,744.5
13.51,744.5546058743415
13.52,744.6111952374833
13.53,744.6696833921047
13.54,744.7299856408839
13.55,744.7920172864998
13.56,744.855693631631
13.57,744.9209299789561
13.58,744.9876416311542
13.59,745.0557438909034
13.6,745.1251520608828
13.61,745.1957814437709
13.62,745.2675473422465
13.63,745.3403650589881
13.64,745.4141498966746
13.65,745.4888171579847
13.66,745.5642821455968
13.67,745.6404601621898
13.68,745.7172665104424
13.69,745.794616493033
13.7,745.8724254126408
13.71,745.950608571944
13.72,746.0290812736214
13.73,746.107758820352
13.74,746.1865565148141
13.75,746.2653896596864
13.76,746.344173557648
13.77,746.422823511377
13.78,746.5012548235525
13.79,746.579382796853
13.8,746.6571227339573
13.81,746.734389937544
13.82,746.8110997102918
13.83,746.8871673548795
13.84,746.9625081739854
13.85,747.0370374702887
13.86,747.1106705464675
13.87,747.1833227052011
13.88,747.2549092491679
13.89,747.3253454810467
13.9,747.3945467035159
13.91,747.4624282192544
13.92,747.5289053309409
13.93,747.5938933412538
13.94,747.6573075528722
13.95,747.7190632684745
13.96,747.7790757907395
13.97,747.8372604223459
13.98,747.8935324659724
13.99,747.9478072242974
14.0,748.0
14.01,748.0500497493575
14.02,748.0979900430431
14.03,748.1438781053287
14.04,748.187771160486
14.05,748.2297264327875
14.06,748.2698011465047
14.07,748.3080525259097
14.08,748.3445377952747
14.09,748.3793141788711
14.1,748.4124389009713
14.11,748.4439691858472
14.12,748.4739622577704
14.13,748.5024753410133
14.14,748.5295656598478
14.15,748.5552904385455
14.16,748.5797069013788
14.17,748.6028722726193
14.18,748.6248437765389
14.19,748.64567863741
14.2,748.6654340795042
14.21,748.6841673270936
14.22,748.70193560445
14.23,748.7187961358457
14.24,748.7348061455522
14.25,748.7500228578414
14.26,748.7645034969859
14.27,748.7783052872571
14.28,748.7914854529272
14.29,748.804101218268
14.3,748.8162098075517
14.31,748.8278684450498
14.32,748.8391343550347
14.33,748.850064761778
14.34,748.860716889552
14.35,748.8711479626284
14.36,748.8814152052792
14.37,748.8915758417764
14.38,748.9016870963919
14.39,748.9118061933979
14.4,748.921990357066
14.41,748.9322968116683
14.42,748.9427827814768
14.43,748.9535054907632
14.44,748.9645221638
14.45,748.9758900248586
14.46,748.9876662982111
14.47,748.9999082081296
14.48,749.012672978886
14.49,749.0260178347521
14.5,749.04
14.51,749.0546621682287
14.52,749.0699889103446
14.53,749.0859502665812
14.54,749.1025162771721
14.55,749.1196569823506
14.56,749.1373424223503
14.57,749.1555426374049
14.58,749.1742276677478
14.59,749.1933675536123
14.6,749.2129323352324
14.61,749.2328920528411
14.62,749.2532167466719
14.63,749.2738764569586
14.64,749.2948412239348
14.65,749.3160810878337
14.66,749.3375660888888
14.67,749.3592662673339
14.68,749.3811516634023
14.69,749.4031923173274
14.7,749.4253582693428
14.71,749.447619559682
14.72,749.4699462285787
14.73,749.4923083162662
14.74,749.514675862978
14.75,749.5370189089476
14.76,749.5593074944089
14.77,749.5815116595949
14.78,749.6036014447392
14.79,749.6255468900754
14.8,749.6473180358371
14.81,749.6688849222576
14.82,749.6902175895705
14.83,749.7112860780093
14.84,749.7320604278075
14.85,749.7525106791988
14.86,749.7726068724162
14.87,749.7923190476937
14.88,749.8116172452645
14.89,749.8304715053625
14.9,749.8488518682209
14.91,749.8667283740732
14.92,749.8840710631529
14.93,749.9008499756935
14.94,749.9170351519289
14.95,749.9325966320921
14.96,749.9475044564166
14.97,749.9617286651362
14.98,749.9752392984844
14.99,749.9880063966943
15.0,750.0
15.01,750.011198537728
15.02,750.0216139955792
15.03,750.0312667483473
15.04,750.0401771708264
15.05,750.0483656378108
15.06,750.0558525240943
15.07,750.0626582044708
15.08,750.0688030537348
15.09,750.0743074466798
15.1,750.0791917581
15.11,750.0834763627895
15.12,750.0871816355422
15.13,750.0903279511522
15.14,750.0929356844136
15.15,750.0950252101205
15.16,750.0966169030665
15.17,750.0977311380461
15.18,750.0983882898531
15.19,750.0986087332815
15.2,750.0984128431255
15.21,750.0978209941787
15.22,750.0968535612357
15.23,750.0955309190902
15.24,750.0938734425363
15.25,750.0919015063677
15.26,750.089635485379
15.27,750.0870957543641
15.28,750.0843026881165
15.29,750.0812766614309
15.3,750.0780380491008
15.31,750.0746072259207
15.32,750.0710045666841
15.33,750.0672504461854
15.34,750.0633652392186
15.35,750.0593693205775
15.36,750.0552830650563
15.37,750.051126847449
15.38,750.0469210425497
15.39,750.0426860251523
15.4,750.038442170051
15.41,750.0342098520395
15.42,750.030009445912
15.43,750.0258613264626
15.44,750.0217858684853
15.45,750.0178034467741
15.46,750.013934436123
15.47,750.0101992113259
15.48,750.006618147177
15.49,750.0032116184705
15.5,750.0
15.51,749.9969993608591
15.52,749.9942085473392
15.53,749.9916221000301
15.54,749.9892345595223
15.55,749.9870404664065
15.56,749.9850343612728
15.57,749.9832107847117
15.58,749.9815642773136
15.59,749.9800893796689
15.6,749.9787806323682
15.61,749.9776325760015
15.62,749.9766397511594
15.63,749.9757966984323
15.64,749.9750979584107
15.65,749.974538071685
15.66,749.9741115788452
15.67,749.9738130204821
15.68,749.9736369371859
15.69,749.9735778695472
15.7,749.9736303581561
15.71,749.9737889436033
15.72,749.9740481664787
15.73,749.9744025673735
15.74,749.9748466868774
15.75,749.9753750655811
15.76,749.9759822440751
15.77,749.9766627629496
15.78,749.9774111627949
15.79,749.9782219842014
15.8,749.97908976776
15.81,749.9800090540605
15.82,749.9809743836936
15.83,749.9819802972495
15.84,749.9830213353187
15.85,749.9840920384918
15.86,749.9851869473587
15.87,749.9863006025103
15.88,749.9874275445366
15.89,749.9885623140284
15.9,749.9896994515758
15.91,749.9908334977694
15.92,749.9919589931993
15.93,749.993070478456
15.94,749.9941624941304
15.95,749.9952295808122
15.96,749.996266279092
15.97,749.9972671295604
15.98,749.9982266728075
15.99,749.9991394494239
16.0,750.0
16.01,750.0008040188351
16.02,750.0015518150645
16.03,750.0022448515331
16.04,750.0028845910846
16.05,750.0034724965639
16.06,750.004010030815
16.07,750.0044986566826
16.08,750.004939837011
16.09,750.0053350346445
16.1,750.0056857124275
16.11,750.0059933332047
16.12,750.0062593598201
16.13,750.0064852551182
16.14,750.0066724819434
16.15,750.0068225031401
16.16,750.0069367815528
16.17,750.0070167800259
16.18,750.0070639614036
16.19,750.0070797885302
16.2,750.0070657242505
16.21,750.0070232314085
16.22,750.0069537728489
16.23,750.0068588114159
16.24,750.0067398099537
16.25,750.0065982313072
16.26,750.0064355383205
16.27,750.006253193838
16.28,750.0060526607041
16.29,750.0058354017632
16.3,750.0056028798597
16.31,750.0053565578378
16.32,750.0050978985421
16.33,750.0048283648172
16.34,750.0045494195069
16.35,750.0042625254559
16.36,750.003969145509
16.37,750.00367074251
16.38,750.0033687793036
16.39,750.003064718734
16.4,750.0027600236457
16.41,750.0024561568832
16.42,750.0021545812906
16.43,750.0018567597126
16.44,750.0015641549934
16.45,750.0012782299775
16.46,750.0010004475091
16.47,750.0007322704329
16.48,750.0004751615929
16.49,750.000230583834
16.5,750.0
16.51,749.9997845638003
16.52,749.9995841924024
16.53,749.9993984938379
16.54,749.9992270761393
16.55,749.9990695473384
16.56,749.9989255154671
16.57,749.998794588558
16.58,749.9986763746425
16.59,749.9985704817531
16.6,749.9984765179214
16.61,749.9983940911799
16.62,749.9983228095605
16.63,749.9982622810949
16.64,749.9982121138155
16.65,749.9981719157543
16.66,749.9981412949435
16.67,749.9981198594146
16.68,749.9981072172001
16.69,749.998102976332
16.7,749.9981067448421
16.71,749.9981181307626
16.72,749.9981367421256
16.73,749.9981621869631
16.74,749.998194073307
16.75,749.9982320091895
16.76,749.9982756026426
16.77,749.9983244616984
16.78,749.9983781943888
16.79,749.998436408746
16.8,749.998498712802
16.81,749.9985647145886
16.82,749.9986340221382
16.83,749.9987062434826
16.84,749.9987809866539
16.85,749.998857859684
16.86,749.9989364706054
16.87,749.9990164274496
16.88,749.999097338249
16.89,749.9991788110354
16.9,749.999260453841
16.91,749.9993418746981
16.92,749.999422681638
16.93,749.9995024826934
16.94,749.999580885896
16.95,749.9996574992781
16.96,749.9997319308715
16.97,749.9998037887084
16.98,749.9998726808208
16.99,749.9999382152407
17.0,750.0
17.01,750.0000577259635
17.02,750.0001114153263
17.03,750.0001611731154
17.04,750.0002071043583
17.05,750.0002493140828
17.06,750.0002879073162
17.07,750.0003229890857
17.08,750.000354664419
17.09,750.0003830383434
17.1,750.0004082158865
17.11,750.0004303020759
17.12,750.0004494019387
17.13,750.0004656205024
17.14,750.0004790627945
17.15,750.0004898338425
17.16,750.000498038674
17.17,750.0005037823161
17.18,750.0005071697965
17.19,750.0005083061425
17.2,750.0005072963816
17.21,750.0005042455414
17.22,750.0004992586489
17.23,750.0004924407322
17.24,750.0004838968181
17.25,750.0004737319346
17.26,750.0004620511088
17.27,750.0004489593684
17.28,750.0004345617407
17.29,750.0004189632531
17.3,750.0004022689332
17.31,750.0003845838082
17.32,750.0003660129057
17.33,750.000346661253
17.34,750.0003266338781
17.35,750.0003060358076
17.36,750.0002849720697
17.37,750.0002635476915
17.38,750.0002418677005
17.39,750.0002200371241
17.4,750.0001981609896
17.41,750.0001763443249
17.42,750.0001546921571
17.43,750.0001333095138
17.44,750.0001123014223
17.45,750.0000917729102
17.46,750.0000718290047
17.47,750.0000525747337
17.48,750.0000341151241
17.49,750.0000165552037
17.5,750.0
17.51,749.9999845323454
17.52,749.9999701462929
17.53,749.9999568137008
17.54,749.9999445064273
17.55,749.9999331963305
17.56,749.9999228552683
17.57,749.9999134550992
17.58,749.9999049676813
17.59,749.9998973648729
17.6,749.9998906185318
17.61,749.9998847005166
17.62,749.9998795826851
17.63,749.9998752368957
17.64,749.9998716350065
17.65,749.9998687488755
17.66,749.9998665503613
17.67,749.9998650113214
17.68,749.9998641036145
17.69,749.9998637990988
17.7,749.9998640696319
17.71,749.9998648870726
17.72,749.9998662232788
17.73,749.9998680501086
17.74,749.9998703394201
17.75,749.9998730630718
17.76,749.9998761929215
17.77,749.9998797008278
17.78,749.9998835586485
17.79,749.9998877382418
17.8,749.999892211466
17.81,749.9998969501793
17.82,749.9999019262395
17.83,749.9999071115052
17.84,749.9999124778344
17.85,749.999917997085
17.86,749.9999236411157
17.87,749.9999293817845
17.88,749.9999351909493
17.89,749.9999410404685
17.9,749.9999469022
17.91,749.9999527480024
17.92,749.9999585497335
17.93,749.9999642792516
17.94,749.9999699084149
17.95,749.9999754090816
17.96,749.9999807531096
17.97,749.9999859123573
17.98,749.9999908586828
17.99,749.9999955639445
18.0,750.0
18.01,750.0000041446551
18.02,750.0000079995023
18.03,750.0000115720816
18.04,750.0000148699329
18.05,750.000017900596
18.06,750.0000206716107
18.07,750.0000231905173
18.08,750.0000254648554
18.09,750.000027502165
18.1,750.0000293099856
18.11,750.0000308958578
18.12,750.0000322673208
18.13,750.0000334319149
18.14,750.0000343971798
18.15,750.0000351706553
18.16,750.0000357598817
18.17,750.0000361723985
18.18,750.0000364157459
18.19,750.0000364974634
18.2,750.0000364250909
18.21,750.0000362061688
18.22,750.0000358482365
18.23,750.000035358834
18.24,750.0000347455011
18.25,750.0000340157782
18.26,750.0000331772046
18.27,750.0000322373205
18.28,750.0000312036657
18.29,750.0000300837801
18.3,750.0000288852034
18.31,750.0000276154757
18.32,750.0000262821368
18.33,750.0000248927266
18.34,750.0000234547852
18.35,750.0000219758522
18.36,750.0000204634674
18.37,750.0000189251712
18.38,750.0000173685029
18.39,750.0000158010027
18.4,750.0000142302104
18.41,750.0000126636661
18.42,750.0000111089095
18.43,750.0000095734804
18.44,750.0000080649187
18.45,750.0000065907645
18.46,750.0000051585575
18.47,750.0000037758379
18.48,750.000002450145
18.49,750.0000011890191
18.5,750.0
18.51,749.9999988890348
18.52,749.9999978556984
18.53,749.9999968979736
18.54,749.9999960138421
18.55,749.9999952012864
18.56,749.9999944582888
18.57,749.9999937828318
18.58,749.9999931728973
18.59,749.9999926264678
18.6,749.9999921415255
18.61,749.9999917160529
18.62,749.9999913480323
18.63,749.9999910354454
18.64,749.999990776275
18.65,749.9999905685033
18.66,749.9999904101126
18.67,749.9999902990852
18.68,749.9999902334031
18.69,749.999990211049
18.7,749.9999902300049
18.71,749.9999902882531
18.72,749.9999903837761
18.73,749.999990514556
18.74,749.9999906785749
18.75,749.9999908738157
18.76,749.99999109826
18.77,749.9999913498906
18.78,749.9999916266894
18.79,749.999991926639
18.8,749.9999922477213
18.81,749.9999925879189
18.82,749.999992945214
18.83,749.9999933175889
18.84,749.9999937030258
18.85,749.9999940995069
18.86,749.9999945050148
18.87,749.9999949175317
18.88,749.9999953350398
18.89,749.9999957555211
18.9,749.9999961769583
18.91,749.9999965973337
18.92,749.9999970146292
18.93,749.9999974268276
18.94,749.9999978319106
18.95,749.999998227861
18.96,749.9999986126606
18.97,749.9999989842922
18.98,749.9999993407378
18.99,749.9999996799795
19.0,750.0
19.01,750.0000002992061
19.02,750.000000577704
19.03,750.0000008360248
19.04,750.0000010746996
19.05,750.0000012942589
19.06,750.0000014952341
19.07,750.0000016781559
19.08,750.0000018435555
19.09,750.000001991964
19.1,750.000002123912
19.11,750.0000022399306
19.12,750.000002340551
19.13,750.0000024263039
19.14,750.0000024977206
19.15,750.0000025553315
19.16,750.0000025996683
19.17,750.0000026312615
19.18,750.0000026506423
19.19,750.0000026583413
19.2,750.00000265489
19.21,750.0000026408192
19.22,750.0000026166595
19.23,750.0000025829426
19.24,750.0000025401986
19.25,750.0000024889594
19.26,750.0000024297553
19.27,750.0000023631177
19.28,750.0000022895771
19.29,750.000002209665
19.3,750.0000021239122
19.31,750.0000020328494
19.32,750.0000019370077
19.33,750.0000018369183
19.34,750.0000017331122
19.35,750.0000016261201
19.36,750.0000015164732
19.37,750.0000014047023
19.38,750.0000012913384
19.39,750.0000011769129
19.4,750.000001061956
19.41,750.0000009469992
19.42,750.0000008325734
19.43,750.0000007192097
19.44,750.0000006074388
19.45,750.0000004977919
19.46,750.0000003907998
19.47,750.0000002869936
19.48,750.0000001869041
19.49,750.0000000910627
19.5,750.0
19.51,749.9999999141407
19.52,749.9999998334853
19.53,749.9999997579271
19.54,749.9999996873601
19.55,749.9999996216782
19.56,749.9999995607751
19.57,749.9999995045445
19.58,749.9999994528803
19.59,749.9999994056764
19.6,749.9999993628264
19.61,749.9999993242243
19.62,749.9999992897639
19.63,749.9999992593388
19.64,749.9999992328429
19.65,749.9999992101704
19.66,749.9999991912144
19.67,749.9999991758692
19.68,749.9999991640284
19.69,749.9999991555857
19.7,749.9999991504351
19.71,749.9999991484706
19.72,749.9999991495858
19.73,749.9999991536743
19.74,749.9999991606301
19.75,749.9999991703469
19.76,749.9999991827187
19.77,749.9999991976391
19.78,749.9999992150022
19.79,749.9999992347015
19.8,749.9999992566308
19.81,749.999999280684
19.82,749.999999306755
19.83,749.9999993347378
19.84,749.9999993645255
19.85,749.9999993960126
19.86,749.9999994290926
19.87,749.9999994636592
19.88,749.9999994996064
19.89,749.999999536828
19.9,749.9999995752178
19.91,749.9999996146695
19.92,749.9999996550769
19.93,749.9999996963338
19.94,749.9999997383342
19.95,749.9999997809717
19.96,749.9999998241401
19.97,749.9999998677335
19.98,749.9999999116453
19.99,749.9999999557695
20.0,750.0
20.01,750.0000000442305
20.02,750.0000000883549
20.03,750.0000001322668
20.04,750.00000017586
20.05,750.0000002190286
20.06,750.0000002616661
20.07,750.0000003036664
20.08,750.0000003449234
20.09,750.0000003853308
20.1,750.0000004247825
20.11,750.0000004631722
20.12,750.0000005003938
20.13,750.000000536341
20.14,750.0000005709077
20.15,750.0000006039875
20.16,750.0000006354746
20.17,750.0000006652624
20.18,750.0000006932449
20.19,750.000000719316
20.2,750.0000007433694
20.21,750.0000007652988
20.22,750.0000007849981
20.23,750.000000802361
20.24,750.0000008172814
20.25,750.0000008296532
20.26,750.0000008393702
20.27,750.000000846326
20.28,750.0000008504146
20.29,750.0000008515295
20.3,750.0000008495649
20.31,750.0000008444144
20.32,750.0000008359717
20.33,750.0000008241309
20.34,750.0000008087857
20.35,750.0000007898298
20.36,750.0000007671571
20.37,750.0000007406612
20.38,750.0000007102362
20.39,750.0000006757758
20.4,750.0000006371736
20.41,750.0000005943238
20.42,750.0000005471197
20.43,750.0000004954557
20.44,750.000000439225
20.45,750.0000003783219
20.46,750.0000003126399
20.47,750.0000002420729
20.48,750.0000001665147
20.49,750.0000000858591
20.5,750.0
20.51,0.0
20.52,0.0
20.53,0.0
20.54,0.0
20.55,0.0
20.56,0.0
20.57,0.0
20.58,0.0
20.59,0.0
20.6,0.0
20.61,0.0
20.62,0.0
20.63,0.0
20.64,0.0
20.65,0.0
20.66,0.0
20.67,0.0
20.68,0.0
20.69,0.0
20.7,0.0
20.71,0.0
20.72,0.0
20.73,0.0
20.74,0.0
20.75,0.0
20.76,0.0
20.77,0.0
20.78,0.0
20.79,0.0
20.8,0.0
20.81,0.0
20.82,0.0
20.83,0.0
20.84,0.0
20.85,0.0
20.86,0.0
20.87,0.0
20.88,0.0
20.89,0.0
20.9,0.0
20.91,0.0
20.92,0.0
20.93,0.0
20.94,0.0
20.95,0.0
20.96,0.0
20.97,0.0
20.98,0.0
20.99,0.0
21.0,0.0
