wind_speed,SANY SE9320
1.0,0.0
1.01,0.0525250678460108
1.02,0.1018667982468089
1.03,0.1480901572727047
1.04,0.1912601109940085
1.05,0.2314416254810311
1.06,0.2686996668040827
1.07,0.3030992010334738
1.08,0.3347051942395149
1.09,0.3635826124925166
1.1,0.3897964218627891
1.11,0.4134115884206431
1.12,0.434493078236389
1.13,0.4531058573803367
1.14,0.4693148919227976
1.15,0.4831851479340819
1.16,0.4947815914845
1.17,0.5041691886443622
1.18,0.511412905483979
1.19,0.5165777080736611
1.2,0.5197285624837186
1.21,0.5209304347844621
1.22,0.5202482910462022
1.23,0.5177470973392494
1.24,0.513491819733914
1.25,0.5075474243005065
1.26,0.4999788771093371
1.27,0.4908511442307168
1.28,0.4802291917349559
1.29,0.4681779856923649
1.3,0.4547624921732536
1.31,0.4400476772479335
1.32,0.4240985069867142
1.33,0.4069799474599068
1.34,0.3887569647378215
1.35,0.3694945248907684
1.36,0.3492575939890587
1.37,0.3281111381030022
1.38,0.3061201233029105
1.39,0.2833495156590926
1.4,0.2598642812418595
1.41,0.2357293861215219
1.42,0.21100979636839
1.43,0.1857704780527743
1.44,0.1600763972449854
1.45,0.1339925200153339
1.46,0.1075838124341299
1.47,0.0809152405716842
1.48,0.054051770498307
1.49,0.0270583682843085
1.5,0.0
1.51,0.0
1.52,0.0
1.53,0.0
1.54,0.0
1.55,0.0
1.56,0.0
1.57,0.0
1.58,0.0
1.59,0.0
1.6,0.0
1.61,0.0
1.62,0.0
1.63,0.0
1.64,0.0
1.65,0.0
1.66,0.0
1.67,0.0
1.68,0.0
1.69,0.0
1.7,0.0
1.71,0.0
1.72,0.0
1.73,0.0
1.74,0.0
1.75,0.0
1.76,0.0
1.77,0.0
1.78,0.0
1.79,0.0
1.8,0.0
1.81,0.0
1.82,0.0
1.83,0.0
1.84,0.0
1.85,0.0
1.86,0.0
1.87,0.0
1.88,0.0
1.89,0.0
1.9,0.0
1.91,0.0
1.92,0.0
1.93,0.0
1.94,0.0
1.95,0.0
1.96,0.0
1.97,0.0
1.98,0.0
1.99,0.0
2.0,0.0
2.01,0.0557084052912233
2.02,0.1143402837464183
2.03,0.1755708050140303
2.04,0.2390751387425112
2.05,0.3045284545803034
2.06,0.3716059221758598
2.07,0.4399827111776219
2.08,0.5093339912340453
2.09,0.57933493199357
2.1,0.6496607031046499
2.11,0.7199864742157261
2.12,0.7899874149752534
2.13,0.8593386950316734
2.14,0.9277154840334384
2.15,0.9947929516289928
2.16,1.0602462674667863
2.17,1.1237506011952654
2.18,1.18498112246288
2.19,1.243613000918073
2.2,1.2993214062092984
2.21,1.3517815079849973
2.22,1.4006684758936228
2.23,1.4456574795836188
2.24,1.4864236887034363
2.25,1.52264227290152
2.26,1.5539884018263184
2.27,1.5801372451262814
2.28,1.6007639724498537
2.29,1.6155437534454844
2.3,1.624151757761621
2.31,1.6262631550467108
2.32,1.6215531149492026
2.33,1.6096968071175426
2.34,1.5903694012001794
2.35,1.56324606684556
2.36,1.5280019737021333
2.37,1.4843122914183455
2.38,1.4318521896426462
2.39,1.370296838023479
2.4,1.2993214062092973
2.41,1.2186010638485432
2.42,1.12781098058967
2.43,1.0266263260811184
2.44,0.9147222699713456
2.45,0.7917739819087881
2.46,0.6574566315419053
2.47,0.5114453885191317
2.48,0.3534154224889292
2.49,0.1830419030997312
2.5,0.0
2.51,0.0
2.52,0.0
2.53,0.0
2.54,0.0
2.55,0.0
2.56,0.0
2.57,0.0
2.58,0.0
2.59,0.0
2.6,0.0
2.61,0.0
2.62,0.0
2.63,0.0
2.64,0.0
2.65,0.0
2.66,0.0
2.67,0.0
2.68,0.0
2.69,0.0
2.7,0.0
2.71,0.0
2.72,0.0
2.73,0.0
2.74,0.0
2.75,0.0
2.76,0.0
2.77,0.0
2.78,0.0
2.79,0.0
2.8,0.0
2.81,0.0
2.82,0.0
2.83,0.0
2.84,0.0
2.85,0.0
2.86,0.0
2.87,0.0
2.88,0.0
2.89,0.0
2.9,0.0
2.91,0.0
2.92,0.0
2.93,0.0
2.94,0.0
2.95,0.0
2.96,0.0
2.97,0.0
2.98,0.0
2.99,0.0
3.0,0.0
3.01,0.7279034062311036
3.02,1.5029835742030468
3.03,2.3236927129237177
3.04,3.1884830314011423
3.05,4.095806738643208
3.06,5.04411604365795
3.07,6.0318631554532365
3.08,7.057500283037114
3.09,8.119479635417452
3.1,9.216253421602302
3.11,10.34627385059952
3.12,11.507993131417164
3.13,12.699863473063084
3.14,13.92033708454535
3.15,15.167866174871811
3.16,16.440902953050525
3.17,17.73789962808934
3.18,19.057308408996345
3.19,20.39758150477936
3.2,21.757171124446455
3.21,23.134529477005497
3.22,24.528108771464534
3.23,25.93636121683141
3.24,27.357739022114217
3.25,28.790694396320774
3.26,30.233679548459104
3.27,31.68514668753722
3.28,33.14354802256297
3.29,34.60733576254442
3.3,36.07496211648942
3.31,37.54487929340603
3.32,39.0155395023021
3.33,40.4853949521857
3.34,41.95289785206467
3.35,43.41650041094709
3.36,44.87465483784079
3.37,46.32581334175385
3.38,47.76842813169412
3.39,49.200951416669646
3.4,50.62183540568828
3.41,52.02953230775813
3.42,53.42249433188697
3.43,54.79917368708294
3.44,56.15802258235385
3.45,57.49749322670775
3.46,58.81603782915253
3.47,60.11210859869622
3.48,61.38415774434671
3.49,62.63063747511201
3.5,63.85
3.51,65.04111714795609
3.52,66.20453922767518
3.53,67.3412361677895
3.54,68.45217789693137
3.55,69.53833434373296
3.56,70.60067543682668
3.57,71.6401711048447
3.58,72.65779127641937
3.59,73.65450588018288
3.6,74.63128484476759
3.61,75.58909809880568
3.62,76.52891557092951
3.63,77.45170718977131
3.64,78.35844288396336
3.65,79.25009258213792
3.66,80.12762621292732
3.67,80.99201370496371
3.68,81.84422498687952
3.69,82.6852299873069
3.7,83.5159986348782
3.71,84.33750085822562
3.72,85.15070658598152
3.73,85.95658574677809
3.74,86.75610826924768
3.75,87.55024408202247
3.76,88.33996311373484
3.77,89.12623529301699
3.78,89.91003054850124
3.79,90.69231880881982
3.8,91.474070002605
3.81,92.25625405848908
3.82,93.03984090510431
3.83,93.82580047108306
3.84,94.61510268505744
3.85,95.40871747565988
3.86,96.20761477152251
3.87,97.01276450127772
3.88,97.8251365935577
3.89,98.6457009769948
3.9,99.4754275802212
3.91,100.31528633186927
3.92,101.16624716057122
3.93,102.02927999495935
3.94,102.90535476366594
3.95,103.79544139532322
3.96,104.70050981856348
3.97,105.62152996201904
3.98,106.55947175432212
3.99,107.51530512410504
4.0,108.49
4.01,109.4843539584712
4.02,110.49847516731025
4.03,111.53229944214073
4.04,112.5857625985859
4.05,113.65880045226945
4.06,114.75134881881478
4.07,115.86334351384556
4.08,116.994720352985
4.09,118.14541515185672
4.1,119.31536372608426
4.11,120.50450189129118
4.12,121.71276546310074
4.13,122.94009025713656
4.14,124.18641208902211
4.15,125.45166677438108
4.16,126.7357901288366
4.17,128.03871796801238
4.18,129.36038610753184
4.19,130.70073036301866
4.2,132.05968655009607
4.21,133.43719048438763
4.22,134.8331779815169
4.23,136.24758485710746
4.24,137.6803469267825
4.25,139.1314000061658
4.26,140.6006799108807
4.27,142.08812245655076
4.28,143.59366345879954
4.29,145.11723873325033
4.3,146.65878409552678
4.31,148.21823536125228
4.32,149.79552834605056
4.33,151.39059886554475
4.34,153.00338273535857
4.35,154.63381577111545
4.36,156.28183378843903
4.37,157.94737260295253
4.38,159.63036803027953
4.39,161.33075588604356
4.4,163.04847198586836
4.41,164.78345214537703
4.42,166.53563218019315
4.43,168.3049479059403
4.44,170.09133513824216
4.45,171.89472969272177
4.46,173.71506738500292
4.47,175.55228403070902
4.48,177.4063154454637
4.49,179.27709744489025
4.5,181.1645658446122
4.51,183.06865646025315
4.52,184.98930510743645
4.53,186.9264476017859
4.54,188.88001975892465
4.55,190.84995739447612
4.56,192.8361963240642
4.57,194.83867236331216
4.58,196.85732132784344
4.59,198.8920790332816
4.6,200.9428812952501
4.61,203.0096639293726
4.62,205.09236275127228
4.63,207.19091357657285
4.64,209.30525222089773
4.65,211.4353144998706
4.66,213.58103622911457
4.67,215.7423532242534
4.68,217.9192013009105
4.69,220.1115162747096
4.7,222.31923396127385
4.71,224.5422901762268
4.72,226.780620735192
4.73,229.0341614537932
4.74,231.30284814765332
4.75,233.5866166323964
4.76,235.8854027236456
4.77,238.1991422370245
4.78,240.52777098815687
4.79,242.87122479266569
4.8,245.2294394661747
4.81,247.60235082430745
4.82,249.98989468268752
4.83,252.39200685693817
4.84,254.8086231626829
4.85,257.2396794155453
4.86,259.6851114311491
4.87,262.1448550251172
4.88,264.61884601307355
4.89,267.1070202106416
4.9,269.60931343344487
4.91,272.1256614971065
4.92,274.6560002172502
4.93,277.20026540949954
4.94,279.7583928894783
4.95,282.3303184728093
4.96,284.9159779751164
4.97,287.51530721202295
4.98,290.12824199915286
4.99,292.7547181521291
5.0,295.39467148657536
5.01,298.0480378181152
5.02,300.7147529623719
5.03,303.3947527349694
5.04,306.0879729515308
5.05,308.7943494276795
5.06,311.51381797903935
5.07,314.24631442123376
5.08,316.99177456988593
5.09,319.7501342406196
5.1,322.52132924905817
5.11,325.30529541082547
5.12,328.1019685415444
5.13,330.91128445683887
5.14,333.7331789723321
5.15,336.5675879036481
5.16,339.41444706640976
5.17,342.2736922762407
5.18,345.1452593487647
5.19,348.02908409960514
5.2,350.9251023443852
5.21,353.8332498987287
5.22,356.753462578259
5.23,359.68567619859994
5.24,362.6298265753744
5.25,365.5858495242063
5.26,368.5536808607189
5.27,371.53325640053583
5.28,374.52451195928086
5.29,377.52738335257686
5.3,380.54180639604766
5.31,383.5677169053168
5.32,386.6050506960079
5.33,389.653743583744
5.34,392.7137313841488
5.35,395.784949912846
5.36,398.8673349854589
5.37,401.96082241761104
5.38,405.06534802492575
5.39,408.1808476230267
5.4,411.3072570275376
5.41,414.44451205408143
5.42,417.592548518282
5.43,420.7513022357627
5.44,423.9207090221473
5.45,427.1007046930589
5.46,430.2912250641211
5.47,433.4922059509573
5.48,436.7035831691915
5.49,439.9252925344466
5.5,443.1572698623463
5.51,446.399450968514
5.52,449.65177166857336
5.53,452.91416777814817
5.54,456.18657511286114
5.55,459.4689294883363
5.56,462.7611667201971
5.57,466.0632226240669
5.58,469.3750330155693
5.59,472.6965337103276
5.6,476.0276605239656
5.61,479.3683492721066
5.62,482.7185357703741
5.63,486.07815583439134
5.64,489.4471452797823
5.65,492.8254399221704
5.66,496.2129755771789
5.67,499.6096880604312
5.68,503.0155131875509
5.69,506.430386774162
5.7,509.8542446358871
5.71,513.2870225883505
5.72,516.7286564471749
5.73,520.1790820279847
5.74,523.6382351464026
5.75,527.1060516180524
5.76,530.5824672585577
5.77,534.0674178835417
5.78,537.5608393086285
5.79,541.0626673494409
5.8,544.5728378216027
5.81,548.0912865407372
5.82,551.6179493224685
5.83,555.1527619824192
5.84,558.6956603362132
5.85,562.2465801994741
5.86,565.8054573878256
5.87,569.3722277168906
5.88,572.946827002293
5.89,576.5291910596561
5.9,580.1192557046038
5.91,583.7169567527591
5.92,587.3222300197453
5.93,590.9350113211866
5.94,594.5552364727064
5.95,598.1828412899275
5.96,601.8177615884738
5.97,605.459933183969
5.98,609.1092918920368
5.99,612.7657735282996
6.0,616.4293139083818
6.01,620.0998488479069
6.02,623.777314162498
6.03,627.4616456677791
6.04,631.1527791793729
6.05,634.8506505129036
6.06,638.5551954839943
6.07,642.266349908269
6.08,645.9840496013504
6.09,649.7082303788625
6.1,653.4388280564287
6.11,657.1757784496731
6.12,660.919017374218
6.13,664.6684806456875
6.14,668.4241040797052
6.15,672.1858234918946
6.16,675.953574697879
6.17,679.7272935132818
6.18,683.5069157537265
6.19,687.2923772348372
6.2,691.0836137722366
6.21,694.8805611815487
6.22,698.6831552783967
6.23,702.4913318784045
6.24,706.3050267971948
6.25,710.1241758503918
6.26,713.9487148536188
6.27,717.778579622499
6.28,721.6137059726568
6.29,725.4540297197146
6.3,729.2994866792964
6.31,733.1500126670256
6.32,737.005543498526
6.33,740.8660149894206
6.34,744.7313629553329
6.35,748.6015232118868
6.36,752.476431574706
6.37,756.3560238594132
6.38,760.2402358816322
6.39,764.1290034569867
6.4,768.0222624011001
6.41,771.9199485295958
6.42,775.8219976580974
6.43,779.7283456022279
6.44,783.638928177612
6.45,787.553681199872
6.46,791.4725404846317
6.47,795.3954418475148
6.48,799.322321104145
6.49,803.2531140701451
6.5,807.1877565611393
6.51,811.1261843927504
6.52,815.0683333806022
6.53,819.0141393403189
6.54,822.963538087523
6.55,826.9164654378379
6.56,830.872857206888
6.57,834.8326492102965
6.58,838.7957772636863
6.59,842.7621771826814
6.6,846.7317847829052
6.61,850.7045358799816
6.62,854.6803662895331
6.63,858.6592118271839
6.64,862.6410083085577
6.65,866.6256915492772
6.66,870.6131973649669
6.67,874.6034615712491
6.68,878.5964199837482
6.69,882.5920084180875
6.7,886.5901626898907
6.71,890.5908186147803
6.72,894.5939120083809
6.73,898.599378686316
6.74,902.607154464208
6.75,906.6171751576812
6.76,910.6293765823588
6.77,914.6436945538646
6.78,918.6600648878224
6.79,922.678423399855
6.8,926.698705905586
6.81,930.7208482206388
6.82,934.7447861606375
6.83,938.7704555412053
6.84,942.7977921779652
6.85,946.8267318865412
6.86,950.8572104825566
6.87,954.8891637816351
6.88,958.9225275994
6.89,962.9572377514748
6.9,966.9932300534836
6.91,971.0304403210488
6.92,975.0688043697946
6.93,979.108258015344
6.94,983.1487370733214
6.95,987.1901773593491
6.96,991.2325146890512
6.97,995.2756848780516
6.98,999.3196237419736
6.99,1003.36426709644
7.0,1007.4095507570748
7.01,1011.4554105395014
7.02,1015.5017822593431
7.03,1019.5486017322246
7.04,1023.5958047737676
7.05,1027.6433271995966
7.06,1031.691104825335
7.07,1035.739073466607
7.08,1039.7871689390336
7.09,1043.8353270582409
7.1,1047.8834836398512
7.11,1051.931574499489
7.12,1055.9795354527764
7.13,1060.0273023153377
7.14,1064.074810902796
7.15,1068.1219970307754
7.16,1072.1687965148994
7.17,1076.2151451707905
7.18,1080.2609788140726
7.19,1084.3062332603702
7.2,1088.3508443253052
7.21,1092.3947478245022
7.22,1096.4378795735847
7.23,1100.480175388176
7.24,1104.5215710838986
7.25,1108.5620024763773
7.26,1112.6014053812348
7.27,1116.6397156140956
7.28,1120.6768689905823
7.29,1124.7128013263186
7.3,1128.7474484369277
7.31,1132.7807461380337
7.32,1136.81263024526
7.33,1140.8430365742297
7.34,1144.8719009405663
7.35,1148.899159159893
7.36,1152.9247470478354
7.37,1156.948600420014
7.38,1160.9706550920537
7.39,1164.9908468795782
7.4,1169.009111598211
7.41,1173.0253850635752
7.42,1177.039603091294
7.43,1181.0517014969914
7.44,1185.0616160962911
7.45,1189.069282704816
7.46,1193.0746371381902
7.47,1197.0776152120366
7.48,1201.078152741979
7.49,1205.076185543641
7.5,1209.071649432646
7.51,1213.064480224617
7.52,1217.0546137351782
7.53,1221.0419857799532
7.54,1225.0265321745644
7.55,1229.0081887346366
7.56,1232.986891275792
7.57,1236.962575613656
7.58,1240.9351775638495
7.59,1244.904632941998
7.6,1248.870877563725
7.61,1252.8338472446524
7.62,1256.7934778004046
7.63,1260.7497050466054
7.64,1264.702464798878
7.65,1268.6516928728468
7.66,1272.5973250841332
7.67,1276.5392972483623
7.68,1280.4775451811572
7.69,1284.4120046981418
7.7,1288.3426116149385
7.71,1292.269301747172
7.72,1296.1920109104644
7.73,1300.1106749204412
7.74,1304.0252295927244
7.75,1307.9356107429376
7.76,1311.8417541867043
7.77,1315.7435957396483
7.78,1319.6410712173936
7.79,1323.5341164355627
7.8,1327.422667209779
7.81,1331.3066593556673
7.82,1335.1860286888505
7.83,1339.0607110249512
7.84,1342.930642179594
7.85,1346.7957579684012
7.86,1350.655994206998
7.87,1354.511286711006
7.88,1358.3615712960502
7.89,1362.2067837777531
7.9,1366.0468599717392
7.91,1369.881735693631
7.92,1373.7113467590525
7.93,1377.5356289836268
7.94,1381.3545181829786
7.95,1385.16795017273
7.96,1388.9758607685044
7.97,1392.778185785926
7.98,1396.574861040619
7.99,1400.365822348205
8.0,1404.1510055243093
8.01,1407.930346384554
8.02,1411.7037807445631
8.03,1415.4712444199608
8.04,1419.2326732263705
8.05,1422.9880029794142
8.06,1426.737169494717
8.07,1430.4801085879012
8.08,1434.216756074591
8.09,1437.94704777041
8.1,1441.6709194909809
8.11,1445.388307051928
8.12,1449.0991462688746
8.13,1452.803372957445
8.14,1456.5009229332609
8.15,1460.1917320119464
8.16,1463.8757360091256
8.17,1467.5528707404217
8.18,1471.2230720214586
8.19,1474.8862756678589
8.2,1478.5424174952466
8.21,1482.1914333192458
8.22,1485.8332589554784
8.23,1489.4678302195691
8.24,1493.0950829271414
8.25,1496.7149528938182
8.26,1500.3273759352232
8.27,1503.9322878669805
8.28,1507.5296245047127
8.29,1511.1193216640438
8.3,1514.7013151605977
8.31,1518.275540809997
8.32,1521.8419344278652
8.33,1525.4004318298264
8.34,1528.950968831504
8.35,1532.4934812485208
8.36,1536.027904896501
8.37,1539.5541755910683
8.38,1543.072229147846
8.39,1546.582001382457
8.4,1550.0834281105251
8.41,1553.576445147674
8.42,1557.0609883095274
8.43,1560.536993411708
8.44,1564.00439626984
8.45,1567.4631326995463
8.46,1570.9131385164517
8.47,1574.3543495361778
8.48,1577.7867015743495
8.49,1581.2101304465896
8.5,1584.6245719685216
8.51,1588.029961955769
8.52,1591.426236223956
8.53,1594.8133305887056
8.54,1598.1911808656412
8.55,1601.5597228703868
8.56,1604.918892418565
8.57,1608.2686253257998
8.58,1611.6088574077146
8.59,1614.939524479933
8.6,1618.260562358078
8.61,1621.5719068577737
8.62,1624.8734937946438
8.63,1628.1652589843118
8.64,1631.4471382424
8.65,1634.7190673845328
8.66,1637.9809822263337
8.67,1641.232818583426
8.68,1644.474512271433
8.69,1647.705999105979
8.7,1650.9272149026865
8.71,1654.1380954771798
8.72,1657.338576645082
8.73,1660.5285942220164
8.74,1663.7080840236067
8.75,1666.8769818654764
8.76,1670.035223563249
8.77,1673.1827449325478
8.78,1676.319481788997
8.79,1679.445369948219
8.8,1682.560345225839
8.81,1685.6643434374782
8.82,1688.7573003987616
8.83,1691.8391519253123
8.84,1694.9098338327535
8.85,1697.9692819367094
8.86,1701.017432052803
8.87,1704.054219996658
8.88,1707.0795815838983
8.89,1710.0934526301462
8.9,1713.095768951026
8.91,1716.086466362161
8.92,1719.0654806791747
8.93,1722.0327477176909
8.94,1724.9882032933328
8.95,1727.931783221724
8.96,1730.8634233184878
8.97,1733.783059399248
8.98,1736.6906272796273
8.99,1739.5860627752504
9.0,1742.46930170174
9.01,1745.3402798747195
9.02,1748.198933109813
9.03,1751.0451972226435
9.04,1753.879008028835
9.05,1756.7003013440108
9.06,1759.5090129837936
9.07,1762.3050787638083
9.08,1765.088434499677
9.09,1767.859016007024
9.1,1770.6167591014728
9.11,1773.361599598646
9.12,1776.0934733141685
9.13,1778.8123160636628
9.14,1781.518063662753
9.15,1784.210651927062
9.16,1786.8900166722135
9.17,1789.5560937138314
9.18,1792.2088188675384
9.19,1794.8481279489586
9.2,1797.4739567737154
9.21,1800.0862411574326
9.22,1802.6849169157329
9.23,1805.2699198642397
9.24,1807.8411858185775
9.25,1810.3986505943692
9.26,1812.9422500072385
9.27,1815.4719198728085
9.28,1817.9875960067031
9.29,1820.489214224545
9.3,1822.97671034196
9.31,1825.450020174569
9.32,1827.9090795379968
9.33,1830.3538242478655
9.34,1832.7841901198008
9.35,1835.200112969424
9.36,1837.60152861236
9.37,1839.988372864232
9.38,1842.360581540664
9.39,1844.7180904572776
9.4,1847.0608354296985
9.41,1849.3887522735488
9.42,1851.7017768044525
9.43,1853.999844838033
9.44,1856.2828921899136
9.45,1858.5508546757176
9.46,1860.8036681110705
9.47,1863.0412683115933
9.48,1865.2635910929105
9.49,1867.470572270645
9.5,1869.6621476604212
9.51,1871.8382530778624
9.52,1873.9988243385912
9.53,1876.1437972582323
9.54,1878.2731076524087
9.55,1880.386691336744
9.56,1882.4844841268607
9.57,1884.5664218383836
9.58,1886.6324402869357
9.59,1888.6824752881407
9.6,1890.7164626576212
9.61,1892.734338211002
9.62,1894.7360377639056
9.63,1896.7214971319563
9.64,1898.6906521307772
9.65,1900.6434385759912
9.66,1902.5797922832228
9.67,1904.499649068095
9.68,1906.4029447462308
9.69,1908.2896151332548
9.7,1910.1595960447896
9.71,1912.01282329646
9.72,1913.849232703887
9.73,1915.6687600826965
9.74,1917.4713412485107
9.75,1919.2569120169535
9.76,1921.025408203648
9.77,1922.7767656242188
9.78,1924.510920094288
9.79,1926.22780742948
9.8,1927.9273634454185
9.81,1929.609523957726
9.82,1931.2742247820263
9.83,1932.921401733944
9.84,1934.5509906291009
9.85,1936.1629272831212
9.86,1937.7571475116288
9.87,1939.3335871302463
9.88,1940.892181954599
9.89,1942.432867800309
9.9,1943.9555804829988
9.91,1945.4602558182935
9.92,1946.9468296218165
9.93,1948.41523770919
9.94,1949.8654158960396
9.95,1951.2972999979868
9.96,1952.7108258306564
9.97,1954.105929209671
9.98,1955.4825459506544
9.99,1956.840611869231
10.0,1958.1800627810223
10.01,1959.5008345016536
10.02,1960.8028628467475
10.03,1962.0860836319275
10.04,1963.3504326728184
10.05,1964.5958457850415
10.06,1965.822258784222
10.07,1967.0296074859823
10.08,1968.217827705947
10.09,1969.3868552597391
10.1,1970.5366259629811
10.11,1971.6670756312983
10.12,1972.7781400803124
10.13,1973.869755125649
10.14,1974.941856582929
10.15,1975.9943802677772
10.16,1977.0272619958175
10.17,1978.0404375826731
10.18,1979.033842843968
10.19,1980.0074135953248
10.2,1980.9610856523664
10.21,1981.8947948307184
10.22,1982.8084769460024
10.23,1983.7020678138429
10.24,1984.5755032498623
10.25,1985.4287190696857
10.26,1986.2616510889352
10.27,1987.0742351232352
10.28,1987.8664069882088
10.29,1988.63810249948
10.3,1989.3892574726704
10.31,1990.1198077234055
10.32,1990.829689067309
10.33,1991.5188373200035
10.34,1992.187188297112
10.35,1992.8346778142584
10.36,1993.461241687066
10.37,1994.06681573116
10.38,1994.6513357621616
10.39,1995.2147375956956
10.4,1995.7569570473845
10.41,1996.2779299328529
10.42,1996.777592067724
10.43,1997.255879267621
10.44,1997.712727348167
10.45,1998.1480721249864
10.46,1998.5618494137025
10.47,1998.953995029938
10.48,1999.324444789317
10.49,1999.673134507464
10.5,2000.0
10.51,2000.305080291253
10.52,2000.5888272403547
10.53,2000.8517959151409
10.54,2001.094541383447
10.55,2001.317618713108
10.56,2001.5215829719605
10.57,2001.7069892278375
10.58,2001.8743925485765
10.59,2002.024348002012
10.6,2002.1574106559783
10.61,2002.2741355783123
10.62,2002.3750778368485
10.63,2002.4607924994225
10.64,2002.5318346338693
10.65,2002.5887593080247
10.66,2002.6321215897228
10.67,2002.6624765468005
10.68,2002.6803792470923
10.69,2002.6863847584327
10.7,2002.6810481486596
10.71,2002.6649244856053
10.72,2002.638568837107
10.73,2002.6025362709988
10.74,2002.5573818551168
10.75,2002.5036606572965
10.76,2002.4419277453728
10.77,2002.372738187181
10.78,2002.2966470505569
10.79,2002.2142094033345
10.8,2002.1259803133505
10.81,2002.03251484844
10.82,2001.9343680764373
10.83,2001.8320950651785
10.84,2001.7262508824992
10.85,2001.617390596234
10.86,2001.5060692742188
10.87,2001.3928419842885
10.88,2001.2782637942785
10.89,2001.1628897720243
10.9,2001.0472749853611
10.91,2000.931974502124
10.92,2000.8175433901488
10.93,2000.7045367172705
10.94,2000.593509551324
10.95,2000.4850169601448
10.96,2000.3796140115696
10.97,2000.2778557734316
10.98,2000.1802973135668
10.99,2000.0874936998111
11.0,2000.0
11.01,1999.918253982332
11.02,1999.8422242164656
11.03,1999.771761972422
11.04,1999.706718520223
11.05,1999.6469451298904
11.06,1999.5922930714464
11.07,1999.542613614912
11.08,1999.4977580303096
11.09,1999.4575775876613
11.1,1999.4219235569883
11.11,1999.390647208312
11.12,1999.3635998116556
11.13,1999.3406326370389
11.14,1999.3215969544851
11.15,1999.3063440340163
11.16,1999.2947251456533
11.17,1999.2865915594175
11.18,1999.2817945453323
11.19,1999.2801853734184
11.2,1999.2816153136976
11.21,1999.285935636192
11.22,1999.292997610923
11.23,1999.3026525079133
11.24,1999.3147515971837
11.25,1999.329146148756
11.26,1999.345687432652
11.27,1999.3642267188943
11.28,1999.384615277504
11.29,1999.4067043785035
11.3,1999.4303452919132
11.31,1999.4553892877564
11.32,1999.4816876360544
11.33,1999.5090916068284
11.34,1999.5374524701008
11.35,1999.5666214958935
11.36,1999.596449954228
11.37,1999.6267891151256
11.38,1999.657490248609
11.39,1999.6884046246996
11.4,1999.7193835134192
11.41,1999.7502781847895
11.42,1999.7809399088324
11.43,1999.8112199555687
11.44,1999.840969595023
11.45,1999.8700400972136
11.46,1999.8982827321645
11.47,1999.925548769897
11.48,1999.951689480432
11.49,1999.9765561337924
11.5,2000.0
11.51,2000.0219037794184
11.52,2000.0422758937832
11.53,2000.0611561951723
11.54,2000.078584535661
11.55,2000.09460076733
11.56,2000.109244742255
11.57,2000.122556312513
11.58,2000.134575330184
11.59,2000.145341647343
11.6,2000.1548951160685
11.61,2000.1632755884384
11.62,2000.1705229165304
11.63,2000.1766769524208
11.64,2000.1817775481888
11.65,2000.185864555911
11.66,2000.1889778276643
11.67,2000.191157215528
11.68,2000.1924425715783
11.69,2000.1928737478927
11.7,2000.19249059655
11.71,2000.1913329696265
11.72,2000.1894407192
11.73,2000.1868536973489
11.74,2000.1836117561495
11.75,2000.1797547476804
11.76,2000.1753225240188
11.77,2000.1703549372417
11.78,2000.1648918394276
11.79,2000.1589730826531
11.8,2000.1526385189968
11.81,2000.145928000536
11.82,2000.138881379347
11.83,2000.1315385075084
11.84,2000.1239392370976
11.85,2000.1161234201927
11.86,2000.1081309088704
11.87,2000.1000015552088
11.88,2000.0917752112853
11.89,2000.0834917291768
11.9,2000.0751909609628
11.91,2000.066912758719
11.92,2000.058696974523
11.93,2000.0505834604528
11.94,2000.0426120685863
11.95,2000.0348226510005
11.96,2000.027255059773
11.97,2000.019949146982
11.98,2000.0129447647048
11.99,2000.0062817650175
12.0,2000.0
12.01,1999.9941308999937
12.02,1999.988672208402
12.03,1999.983613246892
12.04,1999.9789433371325
12.05,1999.9746518007912
12.06,1999.970727959536
12.07,1999.967161135035
12.08,1999.9639406489569
12.09,1999.9610558229683
12.1,1999.9584959787385
12.11,1999.9562504379344
12.12,1999.954308522225
12.13,1999.9526595532775
12.14,1999.951292852761
12.15,1999.9501977423429
12.16,1999.9493635436909
12.17,1999.9487795784728
12.18,1999.948435168357
12.19,1999.948319635012
12.2,1999.9484223001043
12.21,1999.9487324853037
12.22,1999.9492395122768
12.23,1999.949932702693
12.24,1999.9508013782197
12.25,1999.951834860524
12.26,1999.9530224712744
12.27,1999.95435353214
12.28,1999.9558173647872
12.29,1999.957403290885
12.3,1999.9591006321016
12.31,1999.960898710104
12.32,1999.962786846561
12.33,1999.96475436314
12.34,1999.9667905815097
12.35,1999.9688848233377
12.36,1999.971026410292
12.37,1999.97320466404
12.38,1999.9754089062512
12.39,1999.9776284585928
12.4,1999.9798526427323
12.41,1999.9820707803383
12.42,1999.9842721930788
12.43,1999.9864462026217
12.44,1999.9885821306352
12.45,1999.9906692987863
12.46,1999.9926970287445
12.47,1999.994654642177
12.48,1999.996531460752
12.49,1999.9983168061365
12.5,2000.0
12.51,2000.001572620607
12.52,2000.0030352726112
12.53,2000.0043908172624
12.54,2000.005642115811
12.55,2000.006792029508
12.56,2000.007843419604
12.57,2000.008799147348
12.58,2000.009662073992
12.59,2000.010435060786
12.6,2000.01112096898
12.61,2000.0117226598247
12.62,2000.012242994571
12.63,2000.0126848344685
12.64,2000.0130510407685
12.65,2000.0133444747207
12.66,2000.0135679975765
12.67,2000.0137244705847
12.68,2000.0138167549967
12.69,2000.013847712064
12.7,2000.0138202030348
12.71,2000.0137370891607
12.72,2000.013601231693
12.73,2000.0134154918808
12.74,2000.0131827309751
12.75,2000.012905810226
12.76,2000.0125875908848
12.77,2000.012230934201
12.78,2000.0118387014247
12.79,2000.011413753808
12.8,2000.0109589526
12.81,2000.0104771590509
12.82,2000.009971234412
12.83,2000.009444039934
12.84,2000.008898436866
12.85,2000.0083372864597
12.86,2000.0077634499644
12.87,2000.0071797886317
12.88,2000.006589163711
12.89,2000.0059944364536
12.9,2000.00539846811
12.91,2000.0048041199293
12.92,2000.004214253164
12.93,2000.003631729062
12.94,2000.003059408876
12.95,2000.0025001538552
12.96,2000.0019568252503
12.97,2000.001432284312
12.98,2000.0009293922903
12.99,2000.0004510104363
13.0,2000.0
13.01,1999.9995786175784
13.02,1999.999186701155
13.03,1999.9988234840607
13.04,1999.998488199625
13.05,1999.9981800811788
13.06,1999.997898362052
13.07,1999.997642275574
13.08,1999.997411055077
13.09,1999.9972039338895
13.1,1999.997020145343
13.11,1999.996858922767
13.12,1999.996719499492
13.13,1999.996601108848
13.14,1999.9965029841655
13.15,1999.9964243587756
13.16,1999.9963644660068
13.17,1999.9963225391905
13.18,1999.9962978116569
13.19,1999.996289516736
13.2,1999.9962968877576
13.21,1999.996319158053
13.22,1999.996355560952
13.23,1999.996405329785
13.24,1999.9964676978811
13.25,1999.996541898572
13.26,1999.996627165188
13.27,1999.9967227310583
13.28,1999.996827829514
13.29,1999.9969416938848
13.3,1999.9970635575012
13.31,1999.9971926536937
13.32,1999.997328215792
13.33,1999.997469477127
13.34,1999.9976156710284
13.35,1999.9977660308264
13.36,1999.997919789852
13.37,1999.9980761814345
13.38,1999.9982344389043
13.39,1999.9983937955933
13.4,1999.9985534848297
13.41,1999.998712739945
13.42,1999.9988707942684
13.43,1999.9990268811307
13.44,1999.9991802338627
13.45,1999.9993300857936
13.46,1999.9994756702547
13.47,1999.9996162205755
13.48,1999.9997509700863
13.49,1999.999879152118
13.5,2000.0
13.51,2000.0001129090797
13.52,2000.0002179227688
13.53,2000.0003152464965
13.54,2000.0004050856896
13.55,2000.0004876457783
13.56,2000.0005631321917
13.57,2000.000631750356
13.58,2000.0006937057012
13.59,2000.0007492036568
13.6,2000.000798449649
13.61,2000.000841649108
13.62,2000.000879007462
13.63,2000.0009107301391
13.64,2000.000937022569
13.65,2000.0009580901788
13.66,2000.0009741383976
13.67,2000.0009853726544
13.68,2000.0009919983768
13.69,2000.0009942209945
13.7,2000.000992245935
13.71,2000.000986278628
13.72,2000.0009765245
13.73,2000.0009631889811
13.74,2000.0009464775003
13.75,2000.000926595485
13.76,2000.000903748364
13.77,2000.0008781415663
13.78,2000.0008499805203
13.79,2000.000819470654
13.8,2000.0007868173964
13.81,2000.000752226176
13.82,2000.0007159024208
13.83,2000.0006780515607
13.84,2000.0006388790227
13.85,2000.000598590236
13.86,2000.0005573906292
13.87,2000.000515485631
13.88,2000.0004730806695
13.89,2000.0004303811736
13.9,2000.000387592572
13.91,2000.0003449202925
13.92,2000.0003025697645
13.93,2000.0002607464155
13.94,2000.000219655675
13.95,2000.000179502971
13.96,2000.000140493732
13.97,2000.0001028333872
13.98,2000.0000667273644
13.99,2000.0000323810923
14.0,2000.0
14.01,1999.9999697461035
14.02,1999.9999416077703
14.03,1999.9999155299563
14.04,1999.9998914576167
14.05,1999.999869335708
14.06,1999.9998491091849
14.07,1999.9998307230023
14.08,1999.999814122118
14.09,1999.9997992514852
14.1,1999.9997860560616
14.11,1999.9997744808013
14.12,1999.9997644706605
14.13,1999.9997559705944
14.14,1999.99974892556
14.15,1999.999743280511
14.16,1999.9997389804037
14.17,1999.9997359701936
14.18,1999.9997341948365
14.19,1999.999733599288
14.2,1999.9997341285036
14.21,1999.9997357274387
14.22,1999.999738341049
14.23,1999.9997419142908
14.24,1999.999746392118
14.25,1999.999751719488
14.26,1999.999757841356
14.27,1999.9997647026769
14.28,1999.999772248406
14.29,1999.9997804235004
14.3,1999.9997891729147
14.31,1999.9997984416043
14.32,1999.999808174525
14.33,1999.9998183166324
14.34,1999.9998288128825
14.35,1999.99983960823
14.36,1999.999850647631
14.37,1999.9998618760412
14.38,1999.999873238417
14.39,1999.9998846797123
14.4,1999.999896144884
14.41,1999.999907578887
14.42,1999.9999189266764
14.43,1999.9999301332089
14.44,1999.99994114344
14.45,1999.9999519023245
14.46,1999.9999623548183
14.47,1999.9999724458776
14.48,1999.9999821204567
14.49,1999.9999913235129
14.5,2000.0
14.51,2000.0000081065075
14.52,2000.0000156461515
14.53,2000.0000226336808
14.54,2000.0000290838443
14.55,2000.000035011392
14.56,2000.0000404310729
14.57,2000.0000453576351
14.58,2000.000049805829
14.59,2000.000053790403
14.6,2000.000057326106
14.61,2000.0000604276877
14.62,2000.0000631098965
14.63,2000.0000653874824
14.64,2000.0000672751935
14.65,2000.0000687877805
14.66,2000.000069939991
14.67,2000.0000707465736
14.68,2000.0000712222795
14.69,2000.0000713818563
14.7,2000.0000712400536
14.71,2000.00007081162
14.72,2000.000070111305
14.73,2000.000069153858
14.74,2000.0000679540276
14.75,2000.0000665265627
14.76,2000.0000648862133
14.77,2000.0000630477284
14.78,2000.000061025856
14.79,2000.0000588353464
14.8,2000.000056490948
14.81,2000.00005400741
14.82,2000.0000513994817
14.83,2000.000048681912
14.84,2000.0000458694503
14.85,2000.0000429768456
14.86,2000.000040018847
14.87,2000.0000370102036
14.88,2000.000033965664
14.89,2000.0000308999784
14.9,2000.000027827895
14.91,2000.0000247641635
14.92,2000.000021723532
14.93,2000.0000187207504
14.94,2000.000015770568
14.95,2000.0000128877336
14.96,2000.000010086996
14.97,2000.0000073831052
14.98,2000.0000047908093
14.99,2000.000002324858
15.0,2000.0
15.01,1999.999997827868
15.02,1999.9999958076264
15.03,1999.999993935324
15.04,1999.999992207008
15.05,1999.999990618726
15.06,1999.9999891665277
15.07,1999.9999878464585
15.08,1999.9999866545688
15.09,1999.999985586905
15.1,1999.9999846395167
15.11,1999.9999838084505
15.12,1999.9999830897543
15.13,1999.9999824794768
15.14,1999.9999819736663
15.15,1999.9999815683705
15.16,1999.999981259636
15.17,1999.999981043513
15.18,1999.9999809160483
15.19,1999.9999808732896
15.2,1999.999980911285
15.21,1999.999981026084
15.22,1999.9999812137328
15.23,1999.99998147028
15.24,1999.9999817917733
15.25,1999.999982174261
15.26,1999.999982613792
15.27,1999.9999831064129
15.28,1999.999983648172
15.29,1999.9999842351167
15.3,1999.9999848632965
15.31,1999.9999855287583
15.32,1999.9999862275508
15.33,1999.9999869557212
15.34,1999.999987709318
15.35,1999.9999884843887
15.36,1999.9999892769824
15.37,1999.9999900831456
15.38,1999.999990898928
15.39,1999.999991720376
15.4,1999.9999925435384
15.41,1999.9999933644624
15.42,1999.9999941791973
15.43,1999.9999949837904
15.44,1999.9999957742891
15.45,1999.9999965467423
15.46,1999.9999972971975
15.47,1999.9999980217035
15.48,1999.999998716307
15.49,1999.999999377056
15.5,2000.0
15.51,2000.000000582021
15.52,2000.000001123343
15.53,2000.000001625025
15.54,2000.0000020881264
15.55,2000.0000025137049
15.56,2000.0000029028208
15.57,2000.000003256532
15.58,2000.0000035758976
15.59,2000.0000038619771
15.6,2000.0000041158287
15.61,2000.0000043385128
15.62,2000.0000045310867
15.63,2000.00000469461
15.64,2000.0000048301413
15.65,2000.0000049387409
15.66,2000.0000050214653
15.67,2000.000005079376
15.68,2000.00000511353
15.69,2000.0000051249872
15.7,2000.000005114806
15.71,2000.0000050840456
15.72,2000.000005033765
15.73,2000.000004965024
15.74,2000.00000487888
15.75,2000.0000047763924
15.76,2000.0000046586208
15.77,2000.0000045266231
15.78,2000.00000438146
15.79,2000.000004224188
15.8,2000.000004055868
15.81,2000.000003877558
15.82,2000.000003690317
15.83,2000.0000034952045
15.84,2000.0000032932785
15.85,2000.000003085599
15.86,2000.000002873224
15.87,2000.0000026572127
15.88,2000.0000024386247
15.89,2000.000002218519
15.9,2000.0000019979527
15.91,2000.0000017779869
15.92,2000.00000155968
15.93,2000.0000013440892
15.94,2000.000001132276
15.95,2000.000000925298
15.96,2000.000000724214
15.97,2000.0000005300835
15.98,2000.000000343965
15.99,2000.0000001669173
16.0,2000.0
16.01,1999.9999998440485
16.02,1999.999999699001
16.03,1999.999999564576
16.04,1999.9999994404884
16.05,1999.999999326455
16.06,1999.999999222192
16.07,1999.9999991274149
16.08,1999.9999990418407
16.09,1999.9999989651865
16.1,1999.9999988971667
16.11,1999.9999988374996
16.12,1999.9999987858992
16.13,1999.999998742084
16.14,1999.999998705768
16.15,1999.9999986766684
16.16,1999.9999986545029
16.17,1999.999998638986
16.18,1999.9999986298344
16.19,1999.9999986267644
16.2,1999.999998629493
16.21,1999.9999986377345
16.22,1999.999998651207
16.23,1999.9999986696264
16.24,1999.999998692708
16.25,1999.9999987201695
16.26,1999.9999987517267
16.27,1999.9999987870956
16.28,1999.999998825992
16.29,1999.9999988681325
16.3,1999.999998913234
16.31,1999.999998961012
16.32,1999.999999011183
16.33,1999.9999990634635
16.34,1999.9999991175691
16.35,1999.9999991732168
16.36,1999.9999992301225
16.37,1999.9999992880023
16.38,1999.9999993465728
16.39,1999.9999994055504
16.4,1999.9999994646505
16.41,1999.9999995235903
16.42,1999.9999995820856
16.43,1999.9999996398528
16.44,1999.999999696608
16.45,1999.999999752068
16.46,1999.999999805948
16.47,1999.9999998579651
16.48,1999.9999999078357
16.49,1999.9999999552751
16.5,2000.0
16.51,2000.000000041788
16.52,2000.0000000806529
16.53,2000.0000001166725
16.54,2000.000000149921
16.55,2000.0000001804765
16.56,2000.0000002084128
16.57,2000.0000002338088
16.58,2000.0000002567383
16.59,2000.000000277278
16.6,2000.0000002955032
16.61,2000.000000311492
16.62,2000.0000003253176
16.63,2000.0000003370585
16.64,2000.000000346789
16.65,2000.0000003545856
16.66,2000.0000003605253
16.67,2000.0000003646835
16.68,2000.0000003671355
16.69,2000.000000367958
16.7,2000.000000367227
16.71,2000.0000003650184
16.72,2000.0000003614084
16.73,2000.000000356473
16.74,2000.000000350288
16.75,2000.0000003429293
16.76,2000.000000334474
16.77,2000.0000003249972
16.78,2000.000000314575
16.79,2000.000000303283
16.8,2000.0000002911984
16.81,2000.0000002783968
16.82,2000.0000002649529
16.83,2000.0000002509444
16.84,2000.000000236447
16.85,2000.000000221536
16.86,2000.000000206288
16.87,2000.0000001907792
16.88,2000.0000001750852
16.89,2000.0000001592823
16.9,2000.0000001434464
16.91,2000.000000127654
16.92,2000.00000011198
16.93,2000.0000000965013
16.94,2000.0000000812936
16.95,2000.0000000664331
16.96,2000.000000051996
16.97,2000.0000000380585
16.98,2000.000000024696
16.99,2000.000000011984
17.0,2000.0
17.01,1999.9999999888032
17.02,1999.9999999783893
17.03,1999.9999999687384
17.04,1999.9999999598288
17.05,1999.9999999516417
17.06,1999.999999944156
17.07,1999.999999937351
17.08,1999.9999999312072
17.09,1999.999999925704
17.1,1999.99999992082
17.11,1999.999999916536
17.12,1999.9999999128315
17.13,1999.9999999096851
17.14,1999.999999907078
17.15,1999.999999904989
17.16,1999.9999999033976
17.17,1999.999999902284
17.18,1999.9999999016263
17.19,1999.9999999014065
17.2,1999.999999901602
17.21,1999.9999999021936
17.22,1999.999999903161
17.23,1999.9999999044835
17.24,1999.9999999061404
17.25,1999.999999908112
17.26,1999.9999999103777
17.27,1999.9999999129172
17.28,1999.99999991571
17.29,1999.9999999187355
17.3,1999.9999999219735
17.31,1999.999999925404
17.32,1999.999999929007
17.33,1999.99999993276
17.34,1999.999999936644
17.35,1999.9999999406396
17.36,1999.9999999447248
17.37,1999.999999948881
17.38,1999.999999953086
17.39,1999.9999999573204
17.4,1999.9999999615636
17.41,1999.9999999657955
17.42,1999.999999969995
17.43,1999.9999999741424
17.44,1999.9999999782171
17.45,1999.9999999821996
17.46,1999.999999986068
17.47,1999.9999999898023
17.48,1999.9999999933827
17.49,1999.999999996789
17.5,2000.0
17.51,2000.0000000030004
17.52,2000.0000000057908
17.53,2000.000000008377
17.54,2000.000000010764
17.55,2000.0000000129576
17.56,2000.0000000149632
17.57,2000.0000000167863
17.58,2000.0000000184327
17.59,2000.000000019908
17.6,2000.000000021216
17.61,2000.0000000223645
17.62,2000.000000023357
17.63,2000.0000000242
17.64,2000.0000000248983
17.65,2000.000000025458
17.66,2000.000000025885
17.67,2000.0000000261832
17.68,2000.0000000263592
17.69,2000.0000000264183
17.7,2000.000000026366
17.71,2000.0000000262075
17.72,2000.000000025948
17.73,2000.0000000255936
17.74,2000.0000000251496
17.75,2000.0000000246207
17.76,2000.0000000240136
17.77,2000.0000000233345
17.78,2000.0000000225853
17.79,2000.000000021775
17.8,2000.0000000209077
17.81,2000.000000019988
17.82,2000.0000000190232
17.83,2000.000000018017
17.84,2000.000000016976
17.85,2000.0000000159052
17.86,2000.000000014811
17.87,2000.0000000136972
17.88,2000.000000012571
17.89,2000.000000011436
17.9,2000.000000010299
17.91,2000.0000000091652
17.92,2000.00000000804
17.93,2000.0000000069283
17.94,2000.000000005837
17.95,2000.00000000477
17.96,2000.0000000037332
17.97,2000.0000000027328
17.98,2000.000000001773
17.99,2000.0000000008608
18.0,2000.0
18.01,1999.9999999991965
18.02,1999.9999999984484
18.03,1999.999999997756
18.04,1999.999999997116
18.05,1999.9999999965285
18.06,1999.9999999959905
18.07,1999.9999999955016
18.08,1999.999999995061
18.09,1999.999999994666
18.1,1999.999999994315
18.11,1999.999999994008
18.12,1999.9999999937415
18.13,1999.999999993516
18.14,1999.9999999933284
18.15,1999.9999999931783
18.16,1999.9999999930649
18.17,1999.9999999929844
18.18,1999.999999992937
18.19,1999.9999999929212
18.2,1999.999999992936
18.21,1999.9999999929776
18.22,1999.9999999930476
18.23,1999.9999999931424
18.24,1999.999999993261
18.25,1999.9999999934028
18.26,1999.999999993565
18.27,1999.999999993748
18.28,1999.9999999939484
18.29,1999.9999999941656
18.3,1999.9999999943984
18.31,1999.9999999946444
18.32,1999.999999994903
18.33,1999.9999999951729
18.34,1999.999999995452
18.35,1999.999999995738
18.36,1999.9999999960312
18.37,1999.9999999963304
18.38,1999.999999996632
18.39,1999.999999996936
18.4,1999.99999999724
18.41,1999.9999999975448
18.42,1999.9999999978456
18.43,1999.999999998144
18.44,1999.999999998436
18.45,1999.9999999987224
18.46,1999.999999999
18.47,1999.999999999268
18.48,1999.999999999525
18.49,1999.9999999997697
18.5,2000.0
18.51,2000.000000000216
18.52,2000.000000000416
18.53,2000.0000000006016
18.54,2000.000000000773
18.55,2000.0000000009304
18.56,2000.0000000010743
18.57,2000.0000000012053
18.58,2000.000000001324
18.59,2000.0000000014295
18.6,2000.0000000015236
18.61,2000.000000001606
18.62,2000.000000001677
18.63,2000.000000001738
18.64,2000.000000001788
18.65,2000.000000001828
18.66,2000.0000000018588
18.67,2000.0000000018804
18.68,2000.000000001893
18.69,2000.0000000018977
18.7,2000.0000000018936
18.71,2000.000000001882
18.72,2000.0000000018636
18.73,2000.0000000018383
18.74,2000.0000000018056
18.75,2000.000000001768
18.76,2000.0000000017244
18.77,2000.000000001676
18.78,2000.0000000016223
18.79,2000.000000001564
18.8,2000.0000000015016
18.81,2000.000000001436
18.82,2000.0000000013663
18.83,2000.000000001294
18.84,2000.0000000012196
18.85,2000.0000000011423
18.86,2000.000000001064
18.87,2000.0000000009843
18.88,2000.0000000009031
18.89,2000.0000000008213
18.9,2000.00000000074
18.91,2000.000000000659
18.92,2000.0000000005775
18.93,2000.000000000498
18.94,2000.00000000042
18.95,2000.000000000343
18.96,2000.0000000002683
18.97,2000.000000000197
18.98,2000.000000000128
18.99,2000.0000000000623
19.0,2000.0
19.01,1999.9999999999427
19.02,1999.999999999889
19.03,1999.9999999998397
19.04,1999.999999999793
19.05,1999.9999999997517
19.06,1999.9999999997124
19.07,1999.9999999996771
19.08,1999.9999999996455
19.09,1999.999999999617
19.1,1999.999999999592
19.11,1999.9999999995696
19.12,1999.9999999995507
19.13,1999.9999999995348
19.14,1999.9999999995207
19.15,1999.99999999951
19.16,1999.9999999995025
19.17,1999.9999999994964
19.18,1999.9999999994927
19.19,1999.999999999492
19.2,1999.9999999994927
19.21,1999.999999999496
19.22,1999.999999999501
19.23,1999.9999999995075
19.24,1999.999999999516
19.25,1999.999999999526
19.26,1999.9999999995373
19.27,1999.999999999551
19.28,1999.9999999995653
19.29,1999.999999999581
19.3,1999.999999999597
19.31,1999.999999999615
19.32,1999.999999999634
19.33,1999.9999999996533
19.34,1999.9999999996733
19.35,1999.9999999996935
19.36,1999.9999999997149
19.37,1999.999999999736
19.38,1999.999999999758
19.39,1999.99999999978
19.4,1999.9999999998015
19.41,1999.9999999998236
19.42,1999.999999999845
19.43,1999.9999999998663
19.44,1999.999999999888
19.45,1999.999999999908
19.46,1999.999999999928
19.47,1999.999999999948
19.48,1999.999999999966
19.49,1999.999999999984
19.5,2000.0
19.51,2000.000000000016
19.52,2000.0000000000305
19.53,2000.000000000044
19.54,2000.000000000056
19.55,2000.000000000067
19.56,2000.0000000000775
19.57,2000.0000000000875
19.58,2000.000000000096
19.59,2000.000000000104
19.6,2000.0000000001107
19.61,2000.0000000001164
19.62,2000.000000000122
19.63,2000.0000000001264
19.64,2000.0000000001296
19.65,2000.0000000001328
19.66,2000.0000000001355
19.67,2000.0000000001369
19.68,2000.0000000001385
19.69,2000.0000000001385
19.7,2000.0000000001376
19.71,2000.0000000001376
19.72,2000.000000000136
19.73,2000.0000000001348
19.74,2000.000000000132
19.75,2000.0000000001291
19.76,2000.0000000001264
19.77,2000.000000000123
19.78,2000.0000000001191
19.79,2000.0000000001148
19.8,2000.0000000001107
19.81,2000.000000000106
19.82,2000.0000000001005
19.83,2000.0000000000955
19.84,2000.0000000000905
19.85,2000.0000000000848
19.86,2000.000000000079
19.87,2000.0000000000728
19.88,2000.0000000000675
19.89,2000.0000000000612
19.9,2000.0000000000557
19.91,2000.000000000049
19.92,2000.0000000000432
19.93,2000.0000000000373
19.94,2000.000000000032
19.95,2000.0000000000264
19.96,2000.0000000000205
19.97,2000.0000000000152
19.98,2000.0000000000095
19.99,2000.0000000000043
20.0,2000.0
20.01,1999.9999999999957
20.02,1999.999999999992
20.03,1999.9999999999875
20.04,1999.9999999999836
20.05,1999.9999999999804
20.06,1999.9999999999773
20.07,1999.999999999974
20.08,1999.999999999972
20.09,1999.9999999999693
20.1,1999.9999999999677
20.11,1999.999999999965
20.12,1999.9999999999632
20.13,1999.9999999999616
20.14,1999.99999999996
20.15,1999.999999999959
20.16,1999.9999999999584
20.17,1999.9999999999573
20.18,1999.9999999999568
20.19,1999.9999999999563
20.2,1999.999999999956
20.21,1999.999999999956
20.22,1999.9999999999563
20.23,1999.999999999956
20.24,1999.9999999999568
20.25,1999.9999999999568
20.26,1999.999999999958
20.27,1999.9999999999584
20.28,1999.9999999999595
20.29,1999.99999999996
20.3,1999.9999999999611
20.31,1999.9999999999625
20.32,1999.999999999964
20.33,1999.999999999966
20.34,1999.9999999999677
20.35,1999.9999999999688
20.36,1999.999999999971
20.37,1999.999999999972
20.38,1999.999999999974
20.39,1999.999999999976
20.4,1999.9999999999784
20.41,1999.99999999998
20.42,1999.9999999999825
20.43,1999.9999999999843
20.44,1999.9999999999864
20.45,1999.9999999999889
20.46,1999.9999999999911
20.47,1999.9999999999936
20.48,1999.999999999996
20.49,1999.9999999999975
20.5,2000.0
20.51,2000.0000000000025
20.52,2000.000000000005
20.53,2000.000000000007
20.54,2000.000000000009
20.55,2000.000000000012
20.56,2000.0000000000136
20.57,2000.000000000016
20.58,2000.0000000000175
20.59,2000.0000000000205
20.6,2000.0000000000225
20.61,2000.000000000024
20.62,2000.000000000026
20.63,2000.000000000028
20.64,2000.00000000003
20.65,2000.0000000000316
20.66,2000.0000000000327
20.67,2000.0000000000343
20.68,2000.000000000036
20.69,2000.0000000000375
20.7,2000.0000000000389
20.71,2000.00000000004
20.72,2000.0000000000407
20.73,2000.0000000000416
20.74,2000.0000000000423
20.75,2000.0000000000432
20.76,2000.000000000044
20.77,2000.000000000044
20.78,2000.0000000000448
20.79,2000.0000000000448
20.8,2000.000000000044
20.81,2000.000000000044
20.82,2000.0000000000437
20.83,2000.0000000000427
20.84,2000.000000000042
20.85,2000.000000000041
20.86,2000.00000000004
20.87,2000.0000000000389
20.88,2000.0000000000368
20.89,2000.0000000000357
20.9,2000.0000000000327
20.91,2000.000000000031
20.92,2000.0000000000289
20.93,2000.0000000000257
20.94,2000.0000000000227
20.95,2000.00000000002
20.96,2000.0000000000164
20.97,2000.0000000000127
20.98,2000.0000000000089
20.99,2000.0000000000043
21.0,2000.0
