wind_speed,Tacke TW 80
1.0,0.0
1.01,0.0
1.02,0.0
1.03,0.0
1.04,0.0
1.05,0.0
1.06,0.0
1.07,0.0
1.08,0.0
1.09,0.0
1.1,0.0
1.11,0.0
1.12,0.0
1.13,0.0
1.14,0.0
1.15,0.0
1.16,0.0
1.17,0.0
1.18,0.0
1.19,0.0
1.2,0.0
1.21,0.0
1.22,0.0
1.23,0.0
1.24,0.0
1.25,0.0
1.26,0.0
1.27,0.0
1.28,0.0
1.29,0.0
1.3,0.0
1.31,0.0
1.32,0.0
1.33,0.0
1.34,0.0
1.35,0.0
1.36,0.0
1.37,0.0
1.38,0.0
1.39,0.0
1.4,0.0
1.41,0.0
1.42,0.0
1.43,0.0
1.44,0.0
1.45,0.0
1.46,0.0
1.47,0.0
1.48,0.0
1.49,0.0
1.5,0.0
1.51,0.0
1.52,0.0
1.53,0.0
1.54,0.0
1.55,0.0
1.56,0.0
1.57,0.0
1.58,0.0
1.59,0.0
1.6,0.0
1.61,0.0
1.62,0.0
1.63,0.0
1.64,0.0
1.65,0.0
1.66,0.0
1.67,0.0
1.68,0.0
1.69,0.0
1.7,0.0
1.71,0.0
1.72,0.0
1.73,0.0
1.74,0.0
1.75,0.0
1.76,0.0
1.77,0.0
1.78,0.0
1.79,0.0
1.8,0.0
1.81,0.0
1.82,0.0
1.83,0.0
1.84,0.0
1.85,0.0
1.86,0.0
1.87,0.0
1.88,0.0
1.89,0.0
1.9,0.0
1.91,0.0
1.92,0.0
1.93,0.0
1.94,0.0
1.95,0.0
1.96,0.0
1.97,0.0
1.98,0.0
1.99,0.0
2.0,0.0
2.01,0.0
2.02,0.0
2.03,0.0
2.04,0.0
2.05,0.0
2.06,0.0
2.07,0.0
2.08,0.0
2.09,0.0
2.1,0.0
2.11,0.0
2.12,0.0
2.13,0.0
2.14,0.0
2.15,0.0
2.16,0.0
2.17,0.0
2.18,0.0
2.19,0.0
2.2,0.0
2.21,0.0
2.22,0.0
2.23,0.0
2.24,0.0
2.25,0.0
2.26,0.0
2.27,0.0
2.28,0.0
2.29,0.0
2.3,0.0
2.31,0.0
2.32,0.0
2.33,0.0
2.34,0.0
2.35,0.0
2.36,0.0
2.37,0.0
2.38,0.0
2.39,0.0
2.4,0.0
2.41,0.0
2.42,0.0
2.43,0.0
2.44,0.0
2.45,0.0
2.46,0.0
2.47,0.0
2.48,0.0
2.49,0.0
2.5,0.0
2.51,0.0
2.52,0.0
2.53,0.0
2.54,0.0
2.55,0.0
2.56,0.0
2.57,0.0
2.58,0.0
2.59,0.0
2.6,0.0
2.61,0.0
2.62,0.0
2.63,0.0
2.64,0.0
2.65,0.0
2.66,0.0
2.67,0.0
2.68,0.0
2.69,0.0
2.7,0.0
2.71,0.0
2.72,0.0
2.73,0.0
2.74,0.0
2.75,0.0
2.76,0.0
2.77,0.0
2.78,0.0
2.79,0.0
2.8,0.0
2.81,0.0
2.82,0.0
2.83,0.0
2.84,0.0
2.85,0.0
2.86,0.0
2.87,0.0
2.88,0.0
2.89,0.0
2.9,0.0
2.91,0.0
2.92,0.0
2.93,0.0
2.94,0.0
2.95,0.0
2.96,0.0
2.97,0.0
2.98,0.0
2.99,0.0
3.0,0.78
3.01,0.8077191855331965
3.02,0.8357162386098368
3.03,0.863989814994338
3.04,0.8925385704511221
3.05,0.9213611607446064
3.06,0.9504562416392124
3.07,0.9798224688993574
3.08,1.0094584982894637
3.09,1.039362985573948
3.1,1.0695345865172328
3.11,1.0999719568837345
3.12,1.1306737524378754
3.13,1.1616386289440728
3.14,1.1928652421667485
3.15,1.224352247870319
3.16,1.2560983018192071
3.17,1.2881020597778303
3.18,1.3203621775106096
3.19,1.352877310781962
3.2,1.3856461153563104
3.21,1.4186672469980717
3.22,1.4519393614716671
3.23,1.4854611145415135
3.24,1.5192311619720351
3.25,1.5532481595276464
3.26,1.5875107629727694
3.27,1.6220176280718246
3.28,1.6567674105892294
3.29,1.6917587662894062
3.3,1.7269903509367703
3.31,1.762460820295746
3.32,1.7981688301307484
3.33,1.8341130362062008
3.34,1.8702920942865195
3.35,1.906704660136127
3.36,1.94334938951944
3.37,1.9802249382008803
3.38,2.0173299619448657
3.39,2.0546631165158185
3.4,2.0922230576781544
3.41,2.130008441196297
3.42,2.168017922834662
3.43,2.206250158357672
3.44,2.244703803529743
3.45,2.283377514115299
3.46,2.322269945878756
3.47,2.3613797545845365
3.48,2.4007055959970565
3.49,2.4402461258807384
3.5,2.48
3.51,2.519965874119261
3.52,2.560142404002944
3.53,2.600528245415464
3.54,2.641122054121245
3.55,2.681922485884701
3.56,2.7229281964702565
3.57,2.764137841642328
3.58,2.8055500771653383
3.59,2.847163558803703
3.6,2.888976942321846
3.61,2.930988883484181
3.62,2.9731980380551337
3.63,3.015603061799119
3.64,3.058202610480561
3.65,3.100995339863873
3.66,3.143979905713481
3.67,3.187154963793799
3.68,3.230519169869252
3.69,3.2740711797042543
3.7,3.3178096490632294
3.71,3.361733233710594
3.72,3.4058405894107704
3.73,3.450130371928175
3.74,3.494601237027231
3.75,3.5392518404723536
3.76,3.5840808380279645
3.77,3.629086885458486
3.78,3.674268638528333
3.79,3.719624753001929
3.8,3.7651538846436896
3.81,3.810854689218038
3.82,3.8567258224893903
3.83,3.90276594022217
3.84,3.948973698180793
3.85,3.995347752129682
3.86,4.041886757833252
3.87,4.088589371055928
3.88,4.135454247562124
3.89,4.182480043116266
3.9,4.229665413482768
3.91,4.277009014426053
3.92,4.324509501710537
3.93,4.372165531100643
3.94,4.419975758360788
3.95,4.467938839255394
3.96,4.516053429548879
3.97,4.564318185005662
3.98,4.612731761390164
3.99,4.661292814466805
4.0,4.71
4.01,4.758851717989754
4.02,4.807845345378387
4.03,4.856978003343805
4.04,4.906246813063904
4.05,4.955648895716586
4.06,5.00518137247976
4.07,5.054841364531328
4.08,5.104625993049185
4.09,5.154532379211235
4.1,5.204557644195385
4.11,5.25469890917954
4.12,5.304953295341591
4.13,5.355317923859449
4.14,5.405789915911012
4.15,5.456366392674189
4.16,5.507044475326873
4.17,5.557821285046972
4.18,5.608693943012385
4.19,5.659659570401023
4.2,5.710715288390777
4.21,5.761858218159555
4.22,5.813085480885255
4.23,5.864394197745788
4.24,5.915781489919048
4.25,5.96724447858294
4.26,6.0187802849153655
4.27,6.07038603009423
4.28,6.1220588352974366
4.29,6.173795821702881
4.3,6.225594110488469
4.31,6.277450822832102
4.32,6.32936307991169
4.33,6.381328002905122
4.34,6.433342712990309
4.35,6.4854043313451495
4.36,6.537509979147553
4.37,6.589656777575413
4.38,6.641841847806633
4.39,6.69406231101912
4.4,6.746315288390777
4.41,6.798597901099499
4.42,6.850907270323193
4.43,6.903240517239759
4.44,6.955594763027109
4.45,7.007967128863131
4.46,7.060354735925733
4.47,7.112754705392819
4.48,7.165164158442295
4.49,7.217580216252054
4.5,7.27
4.51,7.32242221392172
4.52,7.374851894483502
4.53,7.427295661209323
4.54,7.479760133623147
4.55,7.532251931248947
4.56,7.584777673610694
4.57,7.6373439802323695
4.58,7.689957470637928
4.59,7.742624764351351
4.6,7.795352480896604
4.61,7.848147239797668
4.62,7.901015660578503
4.63,7.953964362763086
4.64,8.006999965875385
4.65,8.060129089439382
4.66,8.113358352979034
4.67,8.166694376018317
4.68,8.220143778081203
4.69,8.273713178691667
4.7,8.327409197373676
4.71,8.381238453651196
4.72,8.43520756704821
4.73,8.489323157088686
4.74,8.543591843296587
4.75,8.59802024519589
4.76,8.652614982310567
4.77,8.70738267416459
4.78,8.76232994028193
4.79,8.817463400186554
4.8,8.872789673402433
4.81,8.928315379453547
4.82,8.984047137863863
4.83,9.039991568157346
4.84,9.096155289857974
4.85,9.152544922489716
4.86,9.209167085576544
4.87,9.266028398642428
4.88,9.32313548121134
4.89,9.380494952807249
4.9,9.438113432954136
4.91,9.495997541175957
4.92,9.554153896996691
4.93,9.612589119940314
4.94,9.671309829530792
4.95,9.730322645292093
4.96,9.789634186748192
4.97,9.849251073423062
4.98,9.909179924840675
4.99,9.969427360524994
5.0,10.03
5.01,10.090903208107427
5.02,10.152137330960096
5.03,10.213701459988595
5.04,10.27559468662351
5.05,10.337816102295424
5.06,10.400364798434929
5.07,10.463239866472616
5.08,10.526440397839066
5.09,10.589965483964864
5.1,10.653814216280605
5.11,10.717985686216874
5.12,10.782478985204254
5.13,10.847293204673337
5.14,10.9124274360547
5.15,10.97788077077895
5.16,11.043652300276658
5.17,11.109741115978416
5.18,11.17614630931481
5.19,11.242866971716436
5.2,11.309902194613862
5.21,11.37725106943769
5.22,11.444912687618508
5.23,11.512886140586902
5.24,11.58117051977345
5.25,11.649764916608746
5.26,11.718668422523375
5.27,11.787880128947934
5.28,11.857399127313002
5.29,11.927224509049164
5.3,11.997355365587012
5.31,12.06779078835713
5.32,12.13852986879011
5.33,12.20957169831653
5.34,12.280915368366989
5.35,12.35255997037206
5.36,12.42450459576235
5.37,12.496748335968428
5.38,12.569290282420884
5.39,12.642129526550317
5.4,12.715265159787307
5.41,12.788696273562437
5.42,12.8624219593063
5.43,12.936441308449476
5.44,13.010753412422568
5.45,13.085357362656142
5.46,13.1602522505808
5.47,13.235437167627124
5.48,13.310911205225713
5.49,13.386673454807134
5.5,13.462723007801982
5.51,13.53905895564085
5.52,13.61568038975432
5.53,13.692586401572989
5.54,13.769776082527423
5.55,13.84724852404823
5.56,13.925002817565986
5.57,14.003038054511288
5.58,14.08135332631471
5.59,14.15994772440685
5.6,14.23882034021829
5.61,14.317970265179625
5.62,14.397396590721431
5.63,14.477098408274298
5.64,14.557074809268812
5.65,14.637324885135572
5.66,14.717847727305156
5.67,14.798642427208147
5.68,14.879708076275143
5.69,14.961043765936727
5.7,15.04264858762348
5.71,15.124521632765994
5.72,15.206661992794857
5.73,15.289068759140664
5.74,15.371741023233986
5.75,15.454677876505416
5.76,15.537878410385543
5.77,15.621341716304958
5.78,15.705066885694254
5.79,15.789053009983997
5.8,15.873299180604784
5.81,15.95780448898721
5.82,16.042568026561863
5.83,16.12758888475932
5.84,16.212866155010165
5.85,16.298398928744998
5.86,16.384186297394407
5.87,16.470227352388967
5.88,16.55652118515927
5.89,16.643066887135905
5.9,16.729863549749467
5.91,16.81691026443053
5.92,16.904206122609683
5.93,16.991750215717513
5.94,17.079541635184626
5.95,17.16757947244158
5.96,17.255862818918978
5.97,17.34439076604741
5.98,17.433162405257466
5.99,17.522176827979713
6.0,17.61143312564476
6.01,17.700930389683172
6.02,17.790667711525558
6.03,17.88064418260251
6.04,17.970858894344584
6.05,18.061310938182388
6.06,18.15199940554651
6.07,18.242923387867545
6.08,18.33408197657606
6.09,18.42547426310264
6.1,18.51709933887789
6.11,18.60895629533241
6.12,18.70104422389675
6.13,18.79336221600152
6.14,18.885909363077296
6.15,18.978684756554685
6.16,19.071687487864256
6.17,19.1649166484366
6.18,19.258371329702303
6.19,19.35205062309196
6.2,19.445953620036157
6.21,19.54007941196547
6.22,19.63442709031049
6.23,19.728995746501816
6.24,19.823784471970026
6.25,19.918792358145705
6.26,20.014018496459443
6.27,20.109461978341827
6.28,20.20512189522346
6.29,20.30099733853489
6.3,20.397087399706752
6.31,20.493391170169595
6.32,20.589907741354036
6.33,20.686636204690632
6.34,20.783575651609997
6.35,20.880725173542693
6.36,20.978083861919337
6.37,21.07565080817049
6.38,21.173425103726757
6.39,21.2714058400187
6.4,21.369592108476947
6.41,21.46798300053205
6.42,21.566577607614608
6.43,21.665375021155214
6.44,21.764374332584456
6.45,21.863574633332902
6.46,21.96297501483116
6.47,22.0625745685098
6.48,22.162372385799443
6.49,22.262367558130634
6.5,22.362559176933978
6.51,22.46294633364006
6.52,22.563528119679475
6.53,22.66430362648282
6.54,22.76527194548065
6.55,22.86643216810357
6.56,22.96778338578217
6.57,23.069324689947045
6.58,23.17105517202876
6.59,23.27297392345791
6.6,23.375080035665093
6.61,23.47737260008089
6.62,23.579850708135886
6.63,23.682513451260668
6.64,23.785359920885828
6.65,23.88838920844195
6.66,23.991600405359623
6.67,24.094992603069432
6.68,24.19856489300196
6.69,24.302316366587807
6.7,24.40624611525754
6.71,24.51035323044177
6.72,24.61463680357107
6.73,24.719095926076037
6.74,24.823729689387243
6.75,24.92853718493528
6.76,25.03351750415074
6.77,25.13866973846421
6.78,25.24399297930629
6.79,25.34948631810754
6.8,25.455148846298563
6.81,25.560979655309943
6.82,25.666977836572283
6.83,25.77314248151614
6.84,25.87947268157212
6.85,25.985967528170804
6.86,26.0926261127428
6.87,26.199447526718657
6.88,26.306430861528984
6.89,26.41357520860437
6.9,26.520879659375414
6.91,26.62834330527268
6.92,26.73596523772676
6.93,26.84374454816824
6.94,26.951680328027724
6.95,27.059771668735785
6.96,27.16801766172301
6.97,27.27641739841998
6.98,27.38496997025731
6.99,27.49367446866556
7.0,27.60252998507532
7.01,27.711535610917192
7.02,27.820690437621742
7.03,27.929993556619586
7.04,28.03944405934129
7.05,28.14904103721744
7.06,28.258783581678628
7.07,28.36867078415545
7.08,28.478701736078484
7.09,28.58887552887832
7.1,28.69919125398554
7.11,28.809648002830745
7.12,28.920244866844502
7.13,29.03098093745741
7.14,29.14185530610005
7.15,29.252867064203038
7.16,29.364015303196915
7.17,29.475299114512303
7.18,29.586717589579766
7.19,29.69826981982992
7.2,29.80995489669332
7.21,29.921771911600576
7.22,30.033719955982264
7.23,30.14579812126897
7.24,30.25800549889129
7.25,30.37034118027981
7.26,30.482804256865112
7.27,30.595393820077778
7.28,30.70810896134841
7.29,30.820948772107595
7.3,30.9339123437859
7.31,31.04699876781393
7.32,31.16020713562228
7.33,31.273536538641505
7.34,31.386986068302217
7.35,31.500554816035
7.36,31.61424187327045
7.37,31.72804633143914
7.38,31.84196728197165
7.39,31.95600381629858
7.4,32.07015502585053
7.41,32.18442000205806
7.42,32.29879783635178
7.43,32.41328762016225
7.44,32.527888444920094
7.45,32.64259940205587
7.46,32.75741958300018
7.47,32.87234807918361
7.48,32.98738398203674
7.49,33.10252638299016
7.5,33.217774373474455
7.51,33.33312704492021
7.52,33.44858348875802
7.53,33.56414279641848
7.54,33.67980405933217
7.55,33.795566368929656
7.56,33.91142881664155
7.57,34.02739049389845
7.58,34.14345049213091
7.59,34.25960790276953
7.6,34.3758618172449
7.61,34.49221132698762
7.62,34.60865552342826
7.63,34.72519349799741
7.64,34.84182434212566
7.65,34.95854714724361
7.66,35.07536100478182
7.67,35.192265006170885
7.68,35.30925824284141
7.69,35.42633980622398
7.7,35.543508787749154
7.71,35.660764278847545
7.72,35.77810537094973
7.73,35.89553115548631
7.74,36.013040723887855
7.75,36.13063316758495
7.76,36.24830757800821
7.77,36.36606304658819
7.78,36.4838986647555
7.79,36.60181352394071
7.8,36.719806715574414
7.81,36.837877331087206
7.82,36.956024461909685
7.83,37.0742471994724
7.84,37.19254463520596
7.85,37.31091586054095
7.86,37.42935996690797
7.87,37.5478760457376
7.88,37.66646318846041
7.89,37.785120486507
7.9,37.903847031307976
7.91,38.02264191429389
7.92,38.14150422689534
7.93,38.26043306054294
7.94,38.37942750666725
7.95,38.49848665669886
7.96,38.61760960206837
7.97,38.73679543420633
7.98,38.85604324454339
7.99,38.975352124510096
8.0,39.09472116553703
8.01,39.2141494590548
8.02,39.333636096493976
8.03,39.45318016928516
8.04,39.57278076885893
8.05,39.6924369866459
8.06,39.81214791407663
8.07,39.93191264258168
8.08,40.05173026359169
8.09,40.171599868537214
8.1,40.29152054884885
8.11,40.4114913959572
8.12,40.531511501292826
8.13,40.65157995628635
8.14,40.77169585236831
8.15,40.89185828096932
8.16,41.012066333519975
8.17,41.13231910145085
8.18,41.25261567619254
8.19,41.37295514917562
8.2,41.49333661183068
8.21,41.61375915558835
8.22,41.73422187187915
8.23,41.8547238521337
8.24,41.975264187782585
8.25,42.0958419702564
8.26,42.2164562909857
8.27,42.3371062414011
8.28,42.4577909129332
8.29,42.57850939701256
8.3,42.6992607850698
8.31,42.82004416853547
8.32,42.94085863884017
8.33,43.06170328741448
8.34,43.18257720568899
8.35,43.30347948509432
8.36,43.42440921706102
8.37,43.54536549301969
8.38,43.66634740440093
8.39,43.78735404263529
8.4,43.9083844991534
8.41,44.02943786538581
8.42,44.15051323276312
8.43,44.271609692715934
8.44,44.39272633667482
8.45,44.51386225607038
8.46,44.63501654233321
8.47,44.75618828689386
8.48,44.877376581182936
8.49,44.99858051663104
8.5,45.11979918466872
8.51,45.24103167672661
8.52,45.36227708423528
8.53,45.4835344986253
8.54,45.60480301132729
8.55,45.72608171377183
8.56,45.84736969738947
8.57,45.96866605361083
8.58,46.089969873866494
8.59,46.21128024958704
8.6,46.33259627220305
8.61,46.45391703314513
8.62,46.575241623843866
8.63,46.696569135729874
8.64,46.81789866023367
8.65,46.93922928878587
8.66,47.06056011281707
8.67,47.18189022375786
8.68,47.30321871303882
8.69,47.42454467209055
8.7,47.54586719234362
8.71,47.66718536522865
8.72,47.78849828217618
8.73,47.90980503461681
8.74,48.03110471398115
8.75,48.15239641169977
8.76,48.27367921920326
8.77,48.39495222792221
8.78,48.51621452928719
8.79,48.63746521472882
8.8,48.75870337567768
8.81,48.879928103564346
8.82,49.00113848981939
8.83,49.122333625873424
8.84,49.243512603157015
8.85,49.364674513100766
8.86,49.48581844713527
8.87,49.606943496691095
8.88,49.72804875319886
8.89,49.84913330808912
8.9,49.97019625279246
8.91,50.09123667873949
8.92,50.21225367736078
8.93,50.33324634008692
8.94,50.45421375834852
8.95,50.57515502357612
8.96,50.69606922720038
8.97,50.81695546065181
8.98,50.93781281536104
8.99,51.05864038275864
9.0,51.179437254275214
9.01,51.30020252134133
9.02,51.42093527538759
9.03,51.54163460784458
9.04,51.66229961014287
9.05,51.7829293737131
9.06,51.90352298998579
9.07,52.02407955039155
9.08,52.14459814636098
9.09,52.26507786932466
9.1,52.385517810713175
9.11,52.50591706195711
9.12,52.62627471448707
9.13,52.74658985973364
9.14,52.866861589127375
9.15,52.98708899409888
9.16,53.107271166078746
9.17,53.22740719649758
9.18,53.34749617678594
9.19,53.467537198374416
9.2,53.58752935269361
9.21,53.707471731174095
9.22,53.82736342524648
9.23,53.94720352634132
9.24,54.06699112588922
9.25,54.18672531532077
9.26,54.30640518606654
9.27,54.42602982955714
9.28,54.54559833722314
9.29,54.665109800495145
9.3,54.78456331080376
9.31,54.90395795957953
9.32,55.02329283825303
9.33,55.14256703825488
9.34,55.26177965101567
9.35,55.38092976796597
9.36,55.50001648053639
9.37,55.61903888015749
9.38,55.73799605825989
9.39,55.856887106274144
9.4,55.97571111563085
9.41,56.09446717776059
9.42,56.21315438409398
9.43,56.331771826061576
9.44,56.45031859509397
9.45,56.56879378262175
9.46,56.68719648007554
9.47,56.80552577888587
9.48,56.92378077048336
9.49,57.04196054629859
9.5,57.16006419776214
9.51,57.27809081630461
9.52,57.39603949335658
9.53,57.51390932034863
9.54,57.63169938871136
9.55,57.74940878987538
9.56,57.86703661527123
9.57,57.98458195632951
9.58,58.10204390448084
9.59,58.21942155115576
9.6,58.33671398778487
9.61,58.45392030579878
9.62,58.57103959662807
9.63,58.68807095170334
9.64,58.80501346245513
9.65,58.92186622031406
9.66,59.0386283167107
9.67,59.15529884307567
9.68,59.271876890839536
9.69,59.38836155143288
9.7,59.5047519162863
9.71,59.62104707683039
9.72,59.73724612449571
9.73,59.85334815071287
9.74,59.96935224691245
9.75,60.085257504525046
9.76,60.20106301498123
9.77,60.31676786971158
9.78,60.43237116014673
9.79,60.547871977717215
9.8,60.66326941385368
9.81,60.778562559986646
9.82,60.89375050754674
9.83,61.00883234796453
9.84,61.12380717267062
9.85,61.23867407309558
9.86,61.35343214067002
9.87,61.46808046682453
9.88,61.58261814298967
9.89,61.69704426059605
9.9,61.81135791107422
9.91,61.9255581858548
9.92,62.039644176368384
9.93,62.15361497404554
9.94,62.267469670316856
9.95,62.38120735661294
9.96,62.49482712436438
9.97,62.608328065001714
9.98,62.721709269955575
9.99,62.83496983065653
10.0,62.948108838535184
10.01,63.06112538502212
10.02,63.17401856154791
10.03,63.28678745954315
10.04,63.399431170438426
10.05,63.511948785664345
10.06,63.62433939665147
10.07,63.73660209483039
10.08,63.84873597163171
10.09,63.96074011848597
10.1,64.07261362682382
10.11,64.1843555880758
10.12,64.29596509367255
10.13,64.40744123504462
10.14,64.51878310362258
10.15,64.62998979083704
10.16,64.7410603881186
10.17,64.85199398689781
10.18,64.96278967860529
10.19,65.07344655467162
10.2,65.18396370652738
10.21,65.29434022560318
10.22,65.40457520332956
10.23,65.51466773113715
10.24,65.62461690045652
10.25,65.73442180271827
10.26,65.84408152935298
10.27,65.95359517179122
10.28,66.0629618214636
10.29,66.17218056980069
10.3,66.28125050823311
10.31,66.39017072819139
10.32,66.49894032110619
10.33,66.60755837840804
10.34,66.71602399152754
10.35,66.82433625189529
10.36,66.93249425094187
10.37,67.04049708009785
10.38,67.14834383079388
10.39,67.25603359446046
10.4,67.36356546252824
10.41,67.47093852642776
10.42,67.57815187758966
10.43,67.68520460744449
10.44,67.79209580742285
10.45,67.89882456895532
10.46,68.00538998347253
10.47,68.11179114240501
10.48,68.21802713718333
10.49,68.32409705923814
10.5,68.43
10.51,68.53573423356747
10.52,68.64129476471089
10.53,68.74667578086857
10.54,68.85187146947887
10.55,68.95687601798011
10.56,69.06168361381056
10.57,69.16628844440856
10.58,69.27068469721246
10.59,69.37486655966056
10.6,69.47882821919119
10.61,69.58256386324264
10.62,69.68606767925326
10.63,69.7893338546614
10.64,69.8923565769053
10.65,69.99513003342332
10.66,70.0976484116538
10.67,70.19990589903502
10.68,70.30189668300534
10.69,70.40361495100308
10.7,70.50505489046651
10.71,70.60621068883403
10.72,70.70707653354387
10.73,70.8076466120344
10.74,70.90791511174396
10.75,71.00787622011082
10.76,71.10752412457333
10.77,71.20685301256982
10.78,71.30585707153858
10.79,71.40453048891797
10.8,71.50286745214628
10.81,71.60086214866182
10.82,71.69850876590291
10.83,71.79580149130794
10.84,71.89273451231513
10.85,71.98930201636286
10.86,72.08549819088944
10.87,72.18131722333318
10.88,72.27675330113246
10.89,72.37180061172549
10.9,72.46645334255066
10.91,72.56070568104631
10.92,72.6545518146507
10.93,72.74798593080217
10.94,72.84100221693907
10.95,72.9335948604997
10.96,73.0257580489224
10.97,73.11748596964544
10.98,73.20877281010716
10.99,73.2996127577459
11.0,73.39
11.01,73.47993333466665
11.02,73.56943000097885
11.03,73.65851184852845
11.04,73.74720072690738
11.05,73.83551848570747
11.06,73.92348697452061
11.07,74.01112804293871
11.08,74.09846354055362
11.09,74.18551531695725
11.1,74.27230522174146
11.11,74.35885510449815
11.12,74.44518681481921
11.13,74.5313222022965
11.14,74.61728311652189
11.15,74.7030914070873
11.16,74.78876892358457
11.17,74.87433751560562
11.18,74.95981903274232
11.19,75.04523532458653
11.2,75.13060824073015
11.21,75.21595963076508
11.22,75.30131134428318
11.23,75.38668523087635
11.24,75.47210314013643
11.25,75.55758692165534
11.26,75.64315842502498
11.27,75.72883949983718
11.28,75.81465199568385
11.29,75.90061776215687
11.3,75.98675864884812
11.31,76.0730965053495
11.32,76.15965318125285
11.33,76.24645052615007
11.34,76.33351038963308
11.35,76.4208546212937
11.36,76.50850507072386
11.37,76.59648358751544
11.38,76.68481202126029
11.39,76.77351222155032
11.4,76.86260603797739
11.41,76.9521153201334
11.42,77.04206191761021
11.43,77.13246767999973
11.44,77.22335445689383
11.45,77.3147440978844
11.46,77.4066584525633
11.47,77.49911937052245
11.48,77.59214870135368
11.49,77.6857682946489
11.5,77.78
11.51,77.87485426776591
11.52,77.97029595137371
11.53,78.06627850501758
11.54,78.16275538289163
11.55,78.2596800391901
11.56,78.35700592810703
11.57,78.45468650383663
11.58,78.55267522057306
11.59,78.65092553251044
11.6,78.74939089384294
11.61,78.84802475876472
11.62,78.94678058146991
11.63,79.0456118161527
11.64,79.1444719170072
11.65,79.24331433822756
11.66,79.34209253400796
11.67,79.44075995854254
11.68,79.53927006602545
11.69,79.63757631065084
11.7,79.73563214661286
11.71,79.83339102810568
11.72,79.93080640932342
11.73,80.02783174446026
11.74,80.12442048771032
11.75,80.22052609326778
11.76,80.31610201532679
11.77,80.4111017080815
11.78,80.50547862572604
11.79,80.59918622245459
11.8,80.69217795246131
11.81,80.7844072699403
11.82,80.87582762908575
11.83,80.9663924840918
11.84,81.05605528915261
11.85,81.14476949846232
11.86,81.2324885662151
11.87,81.31916594660507
11.88,81.40475509382644
11.89,81.4892094620733
11.9,81.57248250553982
11.91,81.65452767842017
11.92,81.73529843490847
11.93,81.8147482291989
11.94,81.89283051548561
11.95,81.96949874796275
11.96,82.04470638082444
11.97,82.11840686826487
11.98,82.19055366447816
11.99,82.2611002236585
12.0,82.33
12.01,82.39722311426974
12.02,82.46280635352632
12.03,82.52680317140126
12.04,82.58926702152607
12.05,82.65025135753226
12.06,82.70980963305135
12.07,82.7679953017148
12.08,82.8248618171542
12.09,82.88046263300102
12.1,82.93485120288676
12.11,82.98808098044296
12.12,83.04020541930112
12.13,83.09127797309276
12.14,83.14135209544939
12.15,83.19048124000251
12.16,83.23871886038363
12.17,83.28611841022426
12.18,83.33273334315595
12.19,83.37861711281018
12.2,83.42382317281844
12.21,83.46840497681228
12.22,83.5124159784232
12.23,83.55590963128272
12.24,83.5989393890223
12.25,83.64155870527352
12.26,83.68382103366788
12.27,83.72577982783686
12.28,83.76748854141198
12.29,83.80900062802478
12.3,83.85036954130675
12.31,83.89164873488939
12.32,83.93289166240423
12.33,83.97415177748279
12.34,84.01548253375654
12.35,84.05693738485704
12.36,84.09856978441576
12.37,84.14043318606424
12.38,84.18258104343401
12.39,84.22506681015655
12.4,84.26794393986337
12.41,84.311265886186
12.42,84.35508610275593
12.43,84.39945804320467
12.44,84.44443516116378
12.45,84.4900709102647
12.46,84.536418744139
12.47,84.58353211641818
12.48,84.63146448073374
12.49,84.68026929071716
12.5,84.73
12.51,84.78069775515516
12.52,84.83235447452104
12.53,84.88494976937743
12.54,84.93846325100414
12.55,84.99287453068098
12.56,85.04816321968774
12.57,85.10430892930422
12.58,85.16129127081024
12.59,85.21908985548559
12.6,85.27768429461005
12.61,85.33705419946348
12.62,85.39717918132561
12.63,85.4580388514763
12.64,85.51961282119532
12.65,85.58188070176249
12.66,85.6448221044576
12.67,85.70841664056044
12.68,85.77264392135083
12.69,85.83748355810857
12.7,85.90291516211346
12.71,85.96891834464529
12.72,86.03547271698388
12.73,86.10255789040903
12.74,86.17015347620051
12.75,86.23823908563817
12.76,86.30679433000176
12.77,86.37579882057115
12.78,86.44523216862609
12.79,86.51507398544638
12.8,86.58530388231185
12.81,86.65590147050227
12.82,86.72684636129746
12.83,86.79811816597721
12.84,86.86969649582134
12.85,86.94156096210965
12.86,87.01369117612191
12.87,87.08606674913797
12.88,87.15866729243761
12.89,87.23147241730064
12.9,87.30446173500683
12.91,87.37761485683598
12.92,87.45091139406794
12.93,87.52433095798247
12.94,87.59785315985943
12.95,87.67145761097854
12.96,87.74512392261965
12.97,87.81883170606255
12.98,87.89256057258704
12.99,87.96629013347292
13.0,88.04
13.01,88.1136686651097
13.02,88.18727014838963
13.03,88.26077735108915
13.04,88.33416317445749
13.05,88.40740051974397
13.06,88.48046228819787
13.07,88.55332138106844
13.08,88.625950699605
13.09,88.69832314505679
13.1,88.77041161867311
13.11,88.84218902170326
13.12,88.91362825539652
13.13,88.98470222100215
13.14,89.05538381976943
13.15,89.12564595294769
13.16,89.19546152178614
13.17,89.26480342753412
13.18,89.33364457144087
13.19,89.40195785475568
13.2,89.46971617872786
13.21,89.53689244460668
13.22,89.60345955364143
13.23,89.66939040708135
13.24,89.73465790617576
13.25,89.79923495217392
13.26,89.86309444632512
13.27,89.92620928987868
13.28,89.98855238408382
13.29,90.05009663018987
13.3,90.1108149294461
13.31,90.17068018310174
13.32,90.22966529240614
13.33,90.28774315860854
13.34,90.34488668295825
13.35,90.40106876670453
13.36,90.45626231109668
13.37,90.51044021738394
13.38,90.56357538681569
13.39,90.6156407206411
13.4,90.66660912010953
13.41,90.7164534864702
13.42,90.76514672097244
13.43,90.81266172486548
13.44,90.85897139939868
13.45,90.90404864582126
13.46,90.94786636538254
13.47,90.99039745933176
13.48,91.0316148289182
13.49,91.07149137539122
13.5,91.11
13.51,91.1471268644062
13.52,91.18291117192052
13.53,91.21740538626612
13.54,91.25066197116598
13.55,91.28273339034324
13.56,91.31367210752096
13.57,91.34353058642216
13.58,91.37236129076994
13.59,91.4002166842874
13.6,91.42714923069758
13.61,91.45321139372356
13.62,91.4784556370884
13.63,91.5029344245152
13.64,91.52670021972703
13.65,91.54980548644691
13.66,91.57230268839798
13.67,91.59424428930328
13.68,91.61568275288585
13.69,91.6366705428688
13.7,91.65726012297516
13.71,91.67750395692808
13.72,91.69745450845056
13.73,91.71716424126572
13.74,91.73668561909658
13.75,91.75607110566622
13.76,91.77537316469775
13.77,91.79464425991424
13.78,91.81393685503868
13.79,91.83330341379428
13.8,91.852796399904
13.81,91.87246827709092
13.82,91.89237150907816
13.83,91.91255855958876
13.84,91.9330818923458
13.85,91.95399397107236
13.86,91.97534725949149
13.87,91.99719422132624
13.88,92.01958732029972
13.89,92.04257902013504
13.9,92.0662217845552
13.91,92.0905680772833
13.92,92.1156703620424
13.93,92.14158110255556
13.94,92.16835276254592
13.95,92.19603780573644
13.96,92.22468869585028
13.97,92.2543578966105
13.98,92.28509787174012
13.99,92.31696108496229
14.0,92.35
14.01,92.38424835726558
14.02,92.41966500392824
14.03,92.45619006384646
14.04,92.4937636608786
14.05,92.53232591888312
14.06,92.57181696171844
14.07,92.61217691324303
14.08,92.6533458973153
14.09,92.69526403779366
14.1,92.7378714585366
14.11,92.78110828340252
14.12,92.82491463624984
14.13,92.86923064093702
14.14,92.91399642132248
14.15,92.95915210126466
14.16,93.00463780462198
14.17,93.0503936552529
14.18,93.0963597770158
14.19,93.1424762937692
14.2,93.18868332937144
14.21,93.23492100768102
14.22,93.28112945255631
14.23,93.32724878785584
14.24,93.37321913743796
14.25,93.41898062516115
14.26,93.4644733748838
14.27,93.5096375104644
14.28,93.55441315576132
14.29,93.59874043463304
14.3,93.64255947093798
14.31,93.68581038853458
14.32,93.72843331128124
14.33,93.77036836303644
14.34,93.81155566765857
14.35,93.85193534900613
14.36,93.89144753093744
14.37,93.93003233731102
14.38,93.96762989198533
14.39,94.00418031881873
14.4,94.03962374166969
14.41,94.0739002843966
14.42,94.106950070858
14.43,94.13871322491218
14.44,94.1691298704177
14.45,94.19814013123292
14.46,94.2256841312163
14.47,94.25170199422628
14.48,94.27613384412123
14.49,94.29891980475968
14.5,94.32
14.51,94.33933202653144
14.52,94.3569433723664
14.53,94.37287899834809
14.54,94.38718386531964
14.55,94.39990293412431
14.56,94.4110811656053
14.57,94.42076352060576
14.58,94.42899495996888
14.59,94.43582044453792
14.6,94.44128493515602
14.61,94.4454333926664
14.62,94.4483107779122
14.63,94.4499620517367
14.64,94.45043217498306
14.65,94.44976610849449
14.66,94.44800881311411
14.67,94.44520524968522
14.68,94.44140037905092
14.69,94.4366391620545
14.7,94.43096655953906
14.71,94.42442753234788
14.72,94.41706704132407
14.73,94.40893004731092
14.74,94.40006151115152
14.75,94.39050639368917
14.76,94.38030965576698
14.77,94.3695162582282
14.78,94.358171161916
14.79,94.34631932767356
14.8,94.33400571634412
14.81,94.32127528877083
14.82,94.30817300579692
14.83,94.29474382826557
14.84,94.28103271701995
14.85,94.26708463290332
14.86,94.25294453675878
14.87,94.23865738942962
14.88,94.22426815175898
14.89,94.20982178459008
14.9,94.19536324876611
14.91,94.18093750513026
14.92,94.1665895145257
14.93,94.15236423779564
14.94,94.13830663578334
14.95,94.12446166933188
14.96,94.11087429928452
14.97,94.0975894864845
14.98,94.08465219177492
14.99,94.07210737599902
15.0,94.06
15.01,94.04836633660864
15.02,94.03720790660616
15.03,94.02651754276133
15.04,94.01628807784289
15.05,94.00651234461968
15.06,93.99718317586048
15.07,93.98829340433404
15.08,93.9798358628092
15.09,93.97180338405472
15.1,93.96418880083938
15.11,93.95698494593198
15.12,93.9501846521013
15.13,93.94378075211614
15.14,93.93776607874528
15.15,93.93213346475748
15.16,93.92687574292158
15.17,93.92198574600631
15.18,93.9174563067805
15.19,93.91328025801292
15.2,93.90945043247234
15.21,93.90595966292756
15.22,93.9028007821474
15.23,93.8999666229006
15.24,93.89745001795596
15.25,93.89524380008228
15.26,93.8933408020483
15.27,93.89173385662288
15.28,93.89041579657476
15.29,93.88937945467276
15.3,93.8886176636856
15.31,93.88812325638216
15.32,93.88788906553114
15.33,93.88790792390137
15.34,93.88817266426165
15.35,93.88867611938072
15.36,93.8894111220274
15.37,93.89037050497046
15.38,93.89154710097873
15.39,93.89293374282096
15.4,93.89452326326592
15.41,93.89630849508244
15.42,93.89828227103926
15.43,93.9004374239052
15.44,93.90276678644904
15.45,93.9052631914396
15.46,93.90791947164558
15.47,93.91072845983584
15.48,93.91368298877912
15.49,93.91677589124426
15.5,93.92
15.51,93.92334966703396
15.52,93.926825321209
15.53,93.93042891060676
15.54,93.93416238330887
15.55,93.93802768739708
15.56,93.94202677095292
15.57,93.94616158205814
15.58,93.95043406879437
15.59,93.95484617924326
15.6,93.95939986148647
15.61,93.9640970636057
15.62,93.96893973368256
15.63,93.97392981979873
15.64,93.97906927003584
15.65,93.9843600324756
15.66,93.9898040551996
15.67,93.99540328628956
15.68,94.0011596738271
15.69,94.0070751658939
15.7,94.0131517105716
15.71,94.01939125594188
15.72,94.02579575008636
15.73,94.03236714108677
15.74,94.03910737702466
15.75,94.0460184059818
15.76,94.0531021760398
15.77,94.0603606352803
15.78,94.06779573178495
15.79,94.07540941363548
15.8,94.08320362891348
15.81,94.09118032570062
15.82,94.09934145207858
15.83,94.107688956129
15.84,94.11622478593354
15.85,94.12495088957384
15.86,94.13386921513164
15.87,94.14298171068846
15.88,94.1522903243261
15.89,94.16179700412611
15.9,94.17150369817024
15.91,94.18141235454009
15.92,94.1915249213173
15.93,94.20184334658354
15.94,94.21236957842054
15.95,94.22310556490989
15.96,94.23405325413322
15.97,94.24521459417224
15.98,94.25659153310862
15.99,94.268186019024
16.0,94.28
16.01,94.29202779525548
16.02,94.30423320855786
16.03,94.31657241481172
16.04,94.32900158892164
16.05,94.34147690579218
16.06,94.35395454032792
16.07,94.36639066743346
16.08,94.3787414620134
16.09,94.39096309897228
16.1,94.4030117532147
16.11,94.41484359964524
16.12,94.42641481316848
16.13,94.43768156868902
16.14,94.4486000411114
16.15,94.4591264053402
16.16,94.46921683628008
16.17,94.47882750883552
16.18,94.48791459791116
16.19,94.49643427841156
16.2,94.5043427252413
16.21,94.51159611330498
16.22,94.51815061750716
16.23,94.52396241275244
16.24,94.52898767394537
16.25,94.53318257599054
16.26,94.53650329379256
16.27,94.538906002256
16.28,94.54034687628544
16.29,94.5407820907854
16.3,94.54016782066054
16.31,94.53846024081544
16.32,94.53561552615464
16.33,94.53158985158272
16.34,94.52633939200427
16.35,94.5198203223239
16.36,94.51198881744617
16.37,94.50280105227564
16.38,94.49221320171692
16.39,94.48018144067458
16.4,94.4666619440532
16.41,94.45161088675736
16.42,94.43498444369165
16.43,94.41673878976064
16.44,94.3968300998689
16.45,94.37521454892104
16.46,94.3518483118216
16.47,94.32668756347525
16.48,94.29968847878644
16.49,94.27080723265983
16.5,94.24
16.51,94.20724211194408
16.52,94.17258552455957
16.53,94.1361013501464
16.54,94.09786070100463
16.55,94.05793468943432
16.56,94.01639442773543
16.57,93.97331102820802
16.58,93.9287556031521
16.59,93.88279926486769
16.6,93.83551312565471
16.61,93.78696829781336
16.62,93.73723589364351
16.63,93.68638702544528
16.64,93.63449280551862
16.65,93.58162434616358
16.66,93.52785275968016
16.67,93.47324915836842
16.68,93.41788465452832
16.69,93.36183036045992
16.7,93.30515738846324
16.71,93.24793685083826
16.72,93.19023985988504
16.73,93.13213752790358
16.74,93.07370096719391
16.75,93.01500129005602
16.76,92.95610960878996
16.77,92.8970970356958
16.78,92.83803468307342
16.79,92.77899366322296
16.8,92.72004508844437
16.81,92.66126007103772
16.82,92.60270972330297
16.83,92.5444651575402
16.84,92.4865974860494
16.85,92.42917782113057
16.86,92.37227727508376
16.87,92.31596696020895
16.88,92.26031798880624
16.89,92.20540147317558
16.9,92.151288525617
16.91,92.09805025843052
16.92,92.04575778391616
16.93,91.99448221437396
16.94,91.94429466210389
16.95,91.89526623940604
16.96,91.84746805858036
16.97,91.80097123192692
16.98,91.75584687174567
16.99,91.71216609033672
17.0,91.67
17.01,91.62939927696816
17.02,91.59033285320396
17.03,91.55274922460272
17.04,91.51659688705982
17.05,91.48182433647057
17.06,91.44838006873032
17.07,91.41621257973443
17.08,91.38527036537828
17.09,91.35550192155716
17.1,91.3268557441664
17.11,91.2992803291014
17.12,91.27272417225744
17.13,91.24713576952992
17.14,91.22246361681415
17.15,91.19865621000552
17.16,91.17566204499929
17.17,91.15342961769088
17.18,91.1319074239756
17.19,91.1110439597488
17.2,91.09078772090582
17.21,91.07108720334202
17.22,91.05189090295272
17.23,91.03314731563329
17.24,91.01480493727902
17.25,90.99681226378534
17.26,90.97911779104751
17.27,90.96167001496096
17.28,90.94441743142094
17.29,90.92730853632288
17.3,90.91029182556204
17.31,90.89331579503384
17.32,90.87632894063354
17.33,90.85927975825658
17.34,90.84211674379824
17.35,90.82478839315388
17.36,90.80724320221884
17.37,90.78942966688848
17.38,90.77129628305812
17.39,90.75279154662311
17.4,90.73386395347885
17.41,90.7144619995206
17.42,90.69453418064371
17.43,90.6740289927436
17.44,90.65289493171552
17.45,90.63108049345487
17.46,90.608534173857
17.47,90.58520446881724
17.48,90.56103987423091
17.49,90.5359888859934
17.5,90.51
17.51,90.48303470018332
17.52,90.4551064226247
17.53,90.42624159144276
17.54,90.39646663075618
17.55,90.36580796468346
17.56,90.33429201734326
17.57,90.30194521285416
17.58,90.26879397533482
17.59,90.2348647289038
17.6,90.20018389767968
17.61,90.16477790578116
17.62,90.12867317732676
17.63,90.09189613643508
17.64,90.05447320722479
17.65,90.01643081381447
17.66,89.97779538032272
17.67,89.93859333086813
17.68,89.89885108956935
17.69,89.85859508054494
17.7,89.81785172791353
17.71,89.77664745579372
17.72,89.73500868830413
17.73,89.69296184956335
17.74,89.65053336368997
17.75,89.60774965480262
17.76,89.5646371470199
17.77,89.52122226446046
17.78,89.47753143124282
17.79,89.43359107148565
17.8,89.38942760930752
17.81,89.34506746882708
17.82,89.30053707416289
17.83,89.25586284943356
17.84,89.21107121875771
17.85,89.16618860625395
17.86,89.12124143604089
17.87,89.07625613223713
17.88,89.03125911896127
17.89,88.98627682033192
17.9,88.94133566046767
17.91,88.89646206348718
17.92,88.85168245350897
17.93,88.80702325465172
17.94,88.762510891034
17.95,88.71817178677446
17.96,88.67403236599164
17.97,88.63011905280418
17.98,88.58645827133067
17.99,88.54307644568978
18.0,88.5
18.01,88.45725536229864
18.02,88.4148689762973
18.03,88.37286728962619
18.04,88.33127674991556
18.05,88.29012380479567
18.06,88.24943490189668
18.07,88.20923648884889
18.08,88.16955501328249
18.09,88.13041692282775
18.1,88.09184866511485
18.11,88.0538766877741
18.12,88.01652743843566
18.13,87.97982736472981
18.14,87.94380291428672
18.15,87.90848053473668
18.16,87.87388667370992
18.17,87.84004777883662
18.18,87.80699029774709
18.19,87.7747406780715
18.2,87.74332536744012
18.21,87.71277081348315
18.22,87.68310346383085
18.23,87.65434976611341
18.24,87.6265361679611
18.25,87.59968911700417
18.26,87.57383506087281
18.27,87.54900044719729
18.28,87.5252117236078
18.29,87.50249533773462
18.3,87.4808777372079
18.31,87.46038536965798
18.32,87.441044682715
18.33,87.42288212400926
18.34,87.40592414117096
18.35,87.39019718183033
18.36,87.37572769361762
18.37,87.36254212416304
18.38,87.35066692109685
18.39,87.34012853204923
18.4,87.33095340465047
18.41,87.32316798653078
18.42,87.31679872532038
18.43,87.31187206864954
18.44,87.30841446414844
18.45,87.30645235944735
18.46,87.3060122021765
18.47,87.3071204399661
18.48,87.3098035204464
18.49,87.31408789124761
18.5,87.32
18.51,87.32755417062214
18.52,87.33671623218615
18.53,87.34743989005247
18.54,87.35967884958157
18.55,87.37338681613394
18.56,87.38851749507003
18.57,87.40502459175029
18.58,87.4228618115352
18.59,87.44198285978523
18.6,87.46234144186084
18.61,87.4838912631225
18.62,87.50658602893066
18.63,87.53037944464579
18.64,87.55522521562835
18.65,87.58107704723881
18.66,87.60788864483769
18.67,87.63561371378535
18.68,87.66420595944234
18.69,87.69361908716908
18.7,87.72380680232605
18.71,87.75472281027375
18.72,87.78632081637255
18.73,87.81855452598302
18.74,87.85137764446556
18.75,87.88474387718067
18.76,87.91860692948882
18.77,87.95292050675042
18.78,87.98763831432599
18.79,88.022714057576
18.8,88.05810144186086
18.81,88.09375417254105
18.82,88.1296259549771
18.83,88.16567049452938
18.84,88.20184149655844
18.85,88.23809266642472
18.86,88.27437770948865
18.87,88.31065033111071
18.88,88.34686423665138
18.89,88.38297313147115
18.9,88.41893072093042
18.91,88.4546907103897
18.92,88.49020680520944
18.93,88.52543271075014
18.94,88.5603221323722
18.95,88.59482877543616
18.96,88.62890634530241
18.97,88.66250854733146
18.98,88.69558908688376
18.99,88.72810166931978
19.0,88.76
19.01,88.79123931521278
19.02,88.82178097495812
19.03,88.85158787016391
19.04,88.88062289175807
19.05,88.90884893066854
19.06,88.93622887782318
19.07,88.96272562414991
19.08,88.98830206057664
19.09,89.0129210780313
19.1,89.03654556744176
19.11,89.05913841973593
19.12,89.08066252584172
19.13,89.10108077668708
19.14,89.12035606319986
19.15,89.138451276308
19.16,89.1553293069394
19.17,89.17095304602196
19.18,89.18528538448356
19.19,89.19828921325217
19.2,89.20992742325565
19.21,89.22016290542194
19.22,89.22895855067893
19.23,89.23627724995451
19.24,89.24208189417661
19.25,89.24633537427312
19.26,89.24900058117196
19.27,89.25004040580102
19.28,89.24941773908824
19.29,89.24709547196149
19.3,89.2430364953487
19.31,89.23720370017777
19.32,89.22955997737661
19.33,89.22006821787315
19.34,89.20869131259522
19.35,89.19539215247083
19.36,89.18013362842781
19.37,89.16287863139408
19.38,89.14359005229758
19.39,89.1222307820662
19.4,89.09876371162784
19.41,89.0731517319104
19.42,89.04535773384178
19.43,89.01534460834995
19.44,88.98307524636274
19.45,88.9485125388081
19.46,88.91161937661393
19.47,88.87235865070812
19.48,88.83069325201859
19.49,88.78658607147325
19.5,88.74
19.51,88.69089792852674
19.52,88.63924274798143
19.53,88.58499734929188
19.54,88.52812462338608
19.55,88.4685874611919
19.56,88.40634875363725
19.57,88.34137139165006
19.58,88.2736182661582
19.59,88.2030522680896
19.6,88.12963628837215
19.61,88.0533332179338
19.62,87.97410594770241
19.63,87.8919173686059
19.64,87.80673037157217
19.65,87.7185078475292
19.66,87.62721268740475
19.67,87.53280778212684
19.68,87.43525602262338
19.69,87.33452029982222
19.7,87.23056350465131
19.71,87.1233485280385
19.72,87.01283826091179
19.73,86.89899559419896
19.74,86.78178341882807
19.75,86.66116462572688
19.76,86.53710210582338
19.77,86.4095587500455
19.78,86.27849744932108
19.79,86.14388109457808
19.8,86.00567257674433
19.81,85.86383478674784
19.82,85.71833061551641
19.83,85.56912295397808
19.84,85.41617469306061
19.85,85.25944872369197
19.86,85.09890793680015
19.87,84.9345152233129
19.88,84.76623347415828
19.89,84.59402558026407
19.9,84.41785443255827
19.91,84.23768292196871
19.92,84.05347393942333
19.93,83.86519037585009
19.94,83.67279512217681
19.95,83.47625106933148
19.96,83.27552110824192
19.97,83.07056812983613
19.98,82.86135502504189
19.99,82.64784468478727
20.0,82.43
20.01,0.0
20.02,0.0
20.03,0.0
20.04,0.0
20.05,0.0
20.06,0.0
20.07,0.0
20.08,0.0
20.09,0.0
20.1,0.0
20.11,0.0
20.12,0.0
20.13,0.0
20.14,0.0
20.15,0.0
20.16,0.0
20.17,0.0
20.18,0.0
20.19,0.0
20.2,0.0
20.21,0.0
20.22,0.0
20.23,0.0
20.24,0.0
20.25,0.0
20.26,0.0
20.27,0.0
20.28,0.0
20.29,0.0
20.3,0.0
20.31,0.0
20.32,0.0
20.33,0.0
20.34,0.0
20.35,0.0
20.36,0.0
20.37,0.0
20.38,0.0
20.39,0.0
20.4,0.0
20.41,0.0
20.42,0.0
20.43,0.0
20.44,0.0
20.45,0.0
20.46,0.0
20.47,0.0
20.48,0.0
20.49,0.0
20.5,0.0
20.51,0.0
20.52,0.0
20.53,0.0
20.54,0.0
20.55,0.0
20.56,0.0
20.57,0.0
20.58,0.0
20.59,0.0
20.6,0.0
20.61,0.0
20.62,0.0
20.63,0.0
20.64,0.0
20.65,0.0
20.66,0.0
20.67,0.0
20.68,0.0
20.69,0.0
20.7,0.0
20.71,0.0
20.72,0.0
20.73,0.0
20.74,0.0
20.75,0.0
20.76,0.0
20.77,0.0
20.78,0.0
20.79,0.0
20.8,0.0
20.81,0.0
20.82,0.0
20.83,0.0
20.84,0.0
20.85,0.0
20.86,0.0
20.87,0.0
20.88,0.0
20.89,0.0
20.9,0.0
20.91,0.0
20.92,0.0
20.93,0.0
20.94,0.0
20.95,0.0
20.96,0.0
20.97,0.0
20.98,0.0
20.99,0.0
21.0,0.0
