wind_speed,Vergnet GEV MP C 200/30
1.0,0.0
1.01,0.0
1.02,0.0
1.03,0.0
1.04,0.0
1.05,0.0
1.06,0.0
1.07,0.0
1.08,0.0
1.09,0.0
1.1,0.0
1.11,0.0
1.12,0.0
1.13,0.0
1.14,0.0
1.15,0.0
1.16,0.0
1.17,0.0
1.18,0.0
1.19,0.0
1.2,0.0
1.21,0.0
1.22,0.0
1.23,0.0
1.24,0.0
1.25,0.0
1.26,0.0
1.27,0.0
1.28,0.0
1.29,0.0
1.3,0.0
1.31,0.0
1.32,0.0
1.33,0.0
1.34,0.0
1.35,0.0
1.36,0.0
1.37,0.0
1.38,0.0
1.39,0.0
1.4,0.0
1.41,0.0
1.42,0.0
1.43,0.0
1.44,0.0
1.45,0.0
1.46,0.0
1.47,0.0
1.48,0.0
1.49,0.0
1.5,0.0
1.51,0.0002489059812571
1.52,0.0004972143491139
1.53,0.00074432749017
1.54,0.0009896477910249
1.55,0.0012325776382783
1.56,0.0014725194185298
1.57,0.0017088755183791
1.58,0.0019410483244257
1.59,0.0021684402232693
1.6,0.0023904536015095
1.61,0.0026064908457459
1.62,0.0028159543425782
1.63,0.0030182464786059
1.64,0.0032127696404288
1.65,0.0033989262146463
1.66,0.0035761185878582
1.67,0.0037437491466641
1.68,0.0039012202776635
1.69,0.0040479343674562
1.7,0.0041832938026416
1.71,0.0043067009698196
1.72,0.0044175582555896
1.73,0.0045152680465513
1.74,0.0045992327293043
1.75,0.0046688546904483
1.76,0.0047235363165828
1.77,0.0047626799943075
1.78,0.004785688110222
1.79,0.004791963050926
1.8,0.004780907203019
1.81,0.0047519229531007
1.82,0.0047044126877707
1.83,0.0046377787936286
1.84,0.0045514236572741
1.85,0.0044447496653067
1.86,0.0043171592043262
1.87,0.004168054660932
1.88,0.0039968384217239
1.89,0.0038029128733014
1.9,0.0035856804022643
1.91,0.003344543395212
1.92,0.0030789042387442
1.93,0.0027881653194606
1.94,0.0024717290239608
1.95,0.0021289977388444
1.96,0.001759373850711
1.97,0.0013622597461602
1.98,0.0009370578117917
1.99,0.0004831704342051
2.0,0.0
2.01,0.0
2.02,0.0
2.03,0.0
2.04,0.0
2.05,0.0
2.06,0.0
2.07,0.0
2.08,0.0
2.09,0.0
2.1,0.0
2.11,0.0
2.12,0.0
2.13,0.0
2.14,0.0
2.15,0.0
2.16,0.0
2.17,0.0
2.18,0.0
2.19,0.0
2.2,0.0
2.21,0.0
2.22,0.0
2.23,0.0
2.24,0.0
2.25,0.0
2.26,0.0
2.27,0.0
2.28,0.0
2.29,0.0
2.3,0.0
2.31,0.0
2.32,0.0
2.33,0.0
2.34,0.0
2.35,0.0
2.36,0.0
2.37,0.0
2.38,0.0
2.39,0.0
2.4,0.0
2.41,0.0
2.42,0.0
2.43,0.0
2.44,0.0
2.45,0.0
2.46,0.0
2.47,0.0
2.48,0.0
2.49,0.0
2.5,0.0
2.51,0.0018009079820372
2.52,0.0037099839895427
2.53,0.0057158733679094
2.54,0.0078072214625301
2.55,0.0099726736187975
2.56,0.0122008751821046
2.57,0.0144804714978441
2.58,0.016800107911409
2.59,0.0191484297681918
2.6,0.0215140824135858
2.61,0.0238857111929834
2.62,0.0262519614517777
2.63,0.0286014785353613
2.64,0.0309229077891273
2.65,0.0332048945584683
2.66,0.0354360841887773
2.67,0.0376051220254469
2.68,0.0397006534138703
2.69,0.04171132369944
2.7,0.043625778227549
2.71,0.0454326623435899
2.72,0.0471206213929559
2.73,0.0486783007210395
2.74,0.0500943456732337
2.75,0.0513574015949313
2.76,0.0524561138315251
2.77,0.053379127728408
2.78,0.0541150886309727
2.79,0.0546526418846122
2.8,0.0549804328347192
2.81,0.0550871068266865
2.82,0.0549613092059071
2.83,0.0545916853177737
2.84,0.0539668805076792
2.85,0.0530755401210163
2.86,0.0519063095031779
2.87,0.0504478339995569
2.88,0.0486887589555461
2.89,0.0466177297165383
2.9,0.0442233916279263
2.91,0.0414943900351029
2.92,0.0384193702834612
2.93,0.0349869777183936
2.94,0.0311858576852933
2.95,0.0270046555295529
2.96,0.0224320165965654
2.97,0.0174565862317234
2.98,0.0120670097804201
2.99,0.0062519325880478
3.0,0.0
3.01,0.0
3.02,0.0
3.03,0.0
3.04,0.0
3.05,0.0
3.06,0.0
3.07,0.0
3.08,0.0
3.09,0.0
3.1,0.0
3.11,0.0
3.12,0.0
3.13,0.0
3.14,0.0
3.15,0.0
3.16,0.0
3.17,0.0
3.18,0.0
3.19,0.0
3.2,0.0
3.21,0.0
3.22,0.0
3.23,0.0
3.24,0.0
3.25,0.0
3.26,0.0
3.27,0.0
3.28,0.0
3.29,0.0
3.3,0.0
3.31,0.0
3.32,0.0
3.33,0.0
3.34,0.0
3.35,0.0
3.36,0.0
3.37,0.0
3.38,0.0
3.39,0.0
3.4,0.0
3.41,0.0
3.42,0.0
3.43,0.0
3.44,0.0
3.45,0.0
3.46,0.0
3.47,0.0
3.48,0.0
3.49,0.0
3.5,0.0
3.51,0.0249878057672637
3.52,0.0516345615044851
3.53,0.0799258996605621
3.54,0.1098474526843969
3.55,0.1413848530248871
3.56,0.1745237331309353
3.57,0.2092497254514386
3.58,0.2455484624353004
3.59,0.2834055765314168
3.6,0.3228067001886917
3.61,0.3637374658560214
3.62,0.4061835059823096
3.63,0.4501304530164523
3.64,0.495563939407354
3.65,0.54246959760391
3.66,0.5908330600550246
3.67,0.6406399592095934
3.68,0.6918759275165214
3.69,0.7445265974247035
3.7,0.7985776013830446
3.71,0.8540145718404398
3.72,0.910823141245794
3.73,0.9689889420480025
3.74,1.0284976066959692
3.75,1.0893347676385905
3.76,1.1514860573247685
3.77,1.214937108203405
3.78,1.2796735527233956
3.79,1.3456810233336458
3.8,1.4129451524830487
3.81,1.4814515726205115
3.82,1.5511859161949286
3.83,1.622133815655204
3.84,1.6942809034502335
3.85,1.7676128120289225
3.86,1.842115173840164
3.87,1.9177736213328664
3.88,1.994573786955921
3.89,2.072501303158236
3.9,2.151541802388703
3.91,2.231680917096232
3.92,2.3129042797297124
3.93,2.395197522738053
3.94,2.4785462785701458
3.95,2.5629361796748986
3.96,2.6483528585012053
3.97,2.734781947497971
3.98,2.822209079114089
3.99,2.910619885798469
4.0,3.0
4.01,3.090337131453825
4.02,3.181627299040026
4.03,3.273868598924933
4.04,3.367059127274849
4.05,3.461196980256106
4.06,3.5562802540350207
4.07,3.652307044777925
4.08,3.74927544865112
4.09,3.847183561820936
4.1,3.9460294804536944
4.11,4.045811300715725
4.12,4.146527118773329
4.13,4.2481750307928365
4.14,4.350753132940567
4.15,4.454259521382853
4.16,4.558692292285994
4.17,4.664049541816323
4.18,4.770329366140157
4.19,4.877529861423828
4.2,4.985649123833638
4.21,5.094685249535914
4.22,5.204636334696982
4.23,5.315500475483166
4.24,5.427275768060773
4.25,5.539960308596132
4.26,5.653552193255559
4.27,5.76804951820538
4.28,5.883450379611922
4.29,5.999752873641488
4.3,6.116955096460409
4.31,6.235055144235004
4.32,6.354051113131605
4.33,6.47394109931651
4.34,6.59472319895605
4.35,6.716395508216551
4.36,6.838956123264336
4.37,6.96240314026571
4.38,7.086734655387002
4.39,7.211948764794533
4.4,7.338043564654635
4.41,7.465017151133609
4.42,7.592867620397781
4.43,7.721593068613475
4.44,7.851191591947026
4.45,7.981661286564724
4.46,8.113000248632908
4.47,8.245206574317894
4.48,8.37827835978602
4.49,8.512213701203576
4.5,8.647010694736899
4.51,8.78266743655231
4.52,8.919182022816125
4.53,9.056552549694684
4.54,9.194777113354275
4.55,9.333853809961235
4.56,9.473780735681888
4.57,9.61455598668256
4.58,9.756177659129552
4.59,9.898643849189195
4.6,10.04195265302781
4.61,10.18610216681173
4.62,10.331090486707252
4.63,10.476915708880703
4.64,10.623575929498417
4.65,10.771069244726712
4.66,10.919393750731889
4.67,11.068547543680284
4.68,11.218528719738217
4.69,11.36933537507202
4.7,11.520965605847984
4.71,11.673417508232454
4.72,11.826689178391735
4.73,11.980778712492176
4.74,12.13568420670006
4.75,12.291403757181726
4.76,12.447935460103494
4.77,12.605277411631684
4.78,12.763427707932632
4.79,12.922384445172623
4.8,13.082145719518008
4.81,13.242709627135088
4.82,13.404074264190212
4.83,13.56623772684967
4.84,13.729198111279787
4.85,13.8929535136469
4.86,14.057502030117329
4.87,14.22284175685737
4.88,14.388970790033364
4.89,14.55588722581163
4.9,14.723589160358497
4.91,14.89207468984026
4.92,15.061341910423248
4.93,15.231388918273796
4.94,15.402213809558232
4.95,15.573814680442846
4.96,15.746189627093967
4.97,15.919336745677926
4.98,16.093254132361057
4.99,16.267939883309648
5.0,16.443392094690033
5.01,16.619608862668535
5.02,16.79658828341147
5.03,16.974328453085185
5.04,17.15282746785596
5.05,17.332083423890136
5.06,17.51209441735403
5.07,17.69285854441398
5.08,17.87437390123628
5.09,18.05663858398725
5.1,18.23965068883323
5.11,18.42340831194055
5.12,18.60790954947549
5.13,18.793152497604403
5.14,18.9791352524936
5.15,19.16585591030941
5.16,19.353312567218136
5.17,19.541503319386106
5.18,19.73042626297965
5.19,19.920079494165083
5.2,20.11046110910872
5.21,20.301569203976875
5.22,20.493401874935884
5.23,20.685957218152083
5.24,20.87923332979176
5.25,21.07322830602124
5.26,21.26794024300685
5.27,21.463367236914912
5.28,21.659507383911773
5.29,21.856358780163703
5.3,22.05391952183705
5.31,22.25218770509813
5.32,22.451161426113288
5.33,22.6508387810488
5.34,22.851217866071007
5.35,23.05229677734624
5.36,23.254073611040813
5.37,23.45654646332104
5.38,23.65971343035324
5.39,23.86357260830374
5.4,24.06812209333888
5.41,24.27335998162494
5.42,24.479284369328266
5.43,24.685893352615167
5.44,24.89318502765199
5.45,25.10115749060502
5.46,25.3098088376406
5.47,25.51913716492503
5.48,25.729140568624675
5.49,25.93981714490581
5.5,26.151164989934763
5.51,26.363182199877865
5.52,26.57586687090143
5.53,26.789217099171807
5.54,27.00323098085527
5.55,27.21790661211817
5.56,27.43324208912681
5.57,27.649235508047543
5.58,27.865884965046654
5.59,28.08318855629047
5.6,28.301144377945324
5.61,28.519750526177543
5.62,28.73900509715342
5.63,28.95890618703929
5.64,29.179451892001484
5.65,29.400640308206317
5.66,29.62246953182009
5.67,29.84493765900915
5.68,30.068042785939795
5.69,30.291783008778378
5.7,30.516156423691186
5.71,30.74116112684456
5.72,30.966795214404797
5.73,31.193056782538257
5.74,31.419943927411225
5.75,31.64745474519003
5.76,31.875587332041
5.77,32.10433978413044
5.78,32.33371019762472
5.79,32.56369666869009
5.8,32.79429729349292
5.81,33.0255101681995
5.82,33.2573333889762
5.83,33.48976505198927
5.84,33.72280325340507
5.85,33.95644608938992
5.86,34.19069165611016
5.87,34.42553804973207
5.88,34.66098336642199
5.89,34.897025702346234
5.9,35.13366315367115
5.91,35.37089381656302
5.92,35.60871578718818
5.93,35.84712716171295
5.94,36.08612603630367
5.95,36.32571050712663
5.96,36.56587867034816
5.97,36.80662862213459
5.98,37.04795845865225
5.99,37.28986627606741
6.0,37.53235017054645
6.01,37.77540823825566
6.02,38.01903857536137
6.03,38.26323927802992
6.04,38.50800844242758
6.05,38.7533441647207
6.06,38.999244541075605
6.07,39.24570766765864
6.08,39.49273164063605
6.09,39.74031455617422
6.1,39.988454510439446
6.11,40.23714959959809
6.12,40.4863979198164
6.13,40.73619756726073
6.14,40.98654663809742
6.15,41.23744322849279
6.16,41.48888543461314
6.17,41.74087135262477
6.18,41.99339907869405
6.19,42.24646670898728
6.2,42.500072339670766
6.21,42.754214066910855
6.22,43.00888998687383
6.23,43.26409819572606
6.24,43.51983678963383
6.25,43.776103864763456
6.26,44.032897517281285
6.27,44.29021584335364
6.28,44.54805693914683
6.29,44.80641890082716
6.3,45.06529982456096
6.31,45.32469780651456
6.32,45.5846109428543
6.33,45.84503732974644
6.34,46.10597506335734
6.35,46.36742223985333
6.36,46.62937695540074
6.37,46.89183730616583
6.38,47.15480138831497
6.39,47.41826729801447
6.4,47.68223313143068
6.41,47.946696984729854
6.42,48.21165695407837
6.43,48.477111135642495
6.44,48.74305762558864
6.45,49.009494520083024
6.46,49.27641991529202
6.47,49.54383190738194
6.48,49.81172859251912
6.49,50.080108066869855
6.5,50.34896842660048
6.51,50.6183077678773
6.52,50.88812418686664
6.53,51.15841577973487
6.54,51.42918064264825
6.55,51.70041687177309
6.56,51.972122563275775
6.57,52.24429581332258
6.58,52.51693471807984
6.59,52.790037373713865
6.6,53.063601876390976
6.61,53.33762632227753
6.62,53.61210880753978
6.63,53.8870474283441
6.64,54.162440280856806
6.65,54.43828546124419
6.66,54.71458106567262
6.67,54.99132519030835
6.68,55.26851593131775
6.69,55.54615138486714
6.7,55.82422964712282
6.71,56.10274881425112
6.72,56.38170698241834
6.73,56.66110224779087
6.74,56.94093270653493
6.75,57.22119645481691
6.76,57.50189158880311
6.77,57.78301620465984
6.78,58.06456839855346
6.79,58.34654626665026
6.8,58.62894790511655
6.81,58.91177141011867
6.82,59.19501487782295
6.83,59.47867640439568
6.84,59.76275408600319
6.85,60.04724601881183
6.86,60.33215029898789
6.87,60.617465022697694
6.88,60.90318828610754
6.89,61.18931818538381
6.9,61.47585281669282
6.91,61.76279027620082
6.92,62.05012866007418
6.93,62.3378660644792
6.94,62.62600058558223
6.95,62.91453031954957
6.96,63.20345336254752
6.97,63.49276781074246
6.98,63.78247176030068
6.99,64.07256330738848
7.0,64.36304054817218
7.01,64.65390157881814
7.02,64.94514449549263
7.03,65.23676739436203
7.04,65.52876837159262
7.05,65.82114552335071
7.06,66.11389694580265
7.07,66.4070207351148
7.08,66.70051498745337
7.09,66.99437779898476
7.1,67.28860726587526
7.11,67.58320148429125
7.12,67.87815855039896
7.13,68.17347656036476
7.14,68.46915361035497
7.15,68.7651877965359
7.16,69.0615772150739
7.17,69.35831996213524
7.18,69.65541413388627
7.19,69.95285782649333
7.2,70.25064913612269
7.21,70.54878615894071
7.22,70.84726699111371
7.23,71.14608972880802
7.24,71.44525246818989
7.25,71.74475330542572
7.26,72.04459033668178
7.27,72.34476165812444
7.28,72.64526536592001
7.29,72.94609955623476
7.3,73.24726232523503
7.31,73.54875176908718
7.32,73.85056598395752
7.33,74.15270306601235
7.34,74.455161111418
7.35,74.75793821634075
7.36,75.061032476947
7.37,75.364441989403
7.38,75.66816484987513
7.39,75.97219915452965
7.4,76.27654299953292
7.41,76.58119448105128
7.42,76.88615169525097
7.43,77.1914127382984
7.44,77.49697570635985
7.45,77.80283869560162
7.46,78.10899980219008
7.47,78.41545712229151
7.48,78.72220875207225
7.49,79.02925278769862
7.5,79.33658732533695
7.51,79.64421046115352
7.52,79.95212029131469
7.53,80.26031491198677
7.54,80.56879241933606
7.55,80.87755090952895
7.56,81.18658847873165
7.57,81.4959032231106
7.58,81.80549323883201
7.59,82.11535662206227
7.6,82.42549146896769
7.61,82.7358958757146
7.62,83.04656793846925
7.63,83.35750575339806
7.64,83.66870741666727
7.65,83.98017102444331
7.66,84.29189467289234
7.67,84.6038764581808
7.68,84.91611447647497
7.69,85.22860682394122
7.7,85.54135159674578
7.71,85.85434689105506
7.72,86.16759080303528
7.73,86.48108142885286
7.74,86.7948168646741
7.75,87.10879520666528
7.76,87.42301455099273
7.77,87.73747299382279
7.78,88.05216863132179
7.79,88.36709955965603
7.8,88.6822638749918
7.81,88.99765967349548
7.82,89.3132850513334
7.83,89.62913810467181
7.84,89.94521692967709
7.85,90.2615196225155
7.86,90.57804427935343
7.87,90.89478899635714
7.88,91.211751869693
7.89,91.5289309955273
7.9,91.8463244700264
7.91,92.16393038935658
7.92,92.48174684968411
7.93,92.79977194717544
7.94,93.11800377799686
7.95,93.43644043831458
7.96,93.75508002429504
7.97,94.07392063210446
7.98,94.39296035790926
7.99,94.71219729787568
8.0,95.03162954817012
8.01,95.35125520495882
8.02,95.67107236440816
8.03,95.99107912268444
8.04,96.31127357595398
8.05,96.63165382038312
8.06,96.95221795213811
8.07,97.27296406738536
8.08,97.59389026229115
8.09,97.91499463302176
8.1,98.23627527574358
8.11,98.5577302866229
8.12,98.87935776182604
8.13,99.20115579751942
8.14,99.52312248986917
8.15,99.84525593504168
8.16,100.16755422920332
8.17,100.49001546852044
8.18,100.81263774915924
8.19,101.13541916728614
8.2,101.45835781906742
8.21,101.78145180066946
8.22,102.10469920825848
8.23,102.42809813800083
8.24,102.75164668606288
8.25,103.07534294861092
8.26,103.39918502181123
8.27,103.72317100183024
8.28,104.0472989848342
8.29,104.3715670669894
8.3,104.69597334446225
8.31,105.02051591341896
8.32,105.34519287002593
8.33,105.67000231044943
8.34,105.99494233085582
8.35,106.3200110274114
8.36,106.6452064962825
8.37,106.97052683363547
8.38,107.2959701356366
8.39,107.6215344984522
8.4,107.94721801824858
8.41,108.27301879119209
8.42,108.59893491344906
8.43,108.92496448118575
8.44,109.25110559056856
8.45,109.57735633776372
8.46,109.90371481893774
8.47,110.23017913025669
8.48,110.55674736788704
8.49,110.88341762799506
8.5,111.21018800674707
8.51,111.53705660030944
8.52,111.86402150484844
8.53,112.19108081653042
8.54,112.51823263152168
8.55,112.84547504598862
8.56,113.17280615609742
8.57,113.50022405801448
8.58,113.82772684790608
8.59,114.15531262193862
8.6,114.48297947627836
8.61,114.81072550709162
8.62,115.13854881054472
8.63,115.46644748280409
8.64,115.79441962003588
8.65,116.12246331840647
8.66,116.45057667408224
8.67,116.77875778322944
8.68,117.10700474201442
8.69,117.43531564660348
8.7,117.76368859316298
8.71,118.09212167785928
8.72,118.42061299685858
8.73,118.74916064632724
8.74,119.07776272243164
8.75,119.40641732133804
8.76,119.73512253921278
8.77,120.06387647222218
8.78,120.39267721653258
8.79,120.72152286831026
8.8,121.05041152372166
8.81,121.37934127893293
8.82,121.70831023011044
8.83,122.03731647342056
8.84,122.3663581050296
8.85,122.69543322110384
8.86,123.02453991780968
8.87,123.35367629131332
8.88,123.68284043778128
8.89,124.01203045337962
8.9,124.34124443427484
8.91,124.6704804766332
8.92,124.999736676621
8.93,125.32901113040464
8.94,125.6583019341504
8.95,125.98760718402455
8.96,126.31692497619352
8.97,126.64625340682356
8.98,126.97559057208092
8.99,127.304934568132
9.0,127.6342834911432
9.01,127.96363543728071
9.02,128.29298850271087
9.03,128.62234078360007
9.04,128.95169037611458
9.05,129.28103537642076
9.06,129.61037388068488
9.07,129.9397039850733
9.08,130.26902378575227
9.09,130.59833137888816
9.1,130.92762486064734
9.11,131.25690232719603
9.12,131.58616187470065
9.13,131.91540159932748
9.14,132.24461959724286
9.15,132.573813964613
9.16,132.90298279760438
9.17,133.23212419238322
9.18,133.56123624511588
9.19,133.89031705196862
9.2,134.21936470910788
9.21,134.54837731269993
9.22,134.877352958911
9.23,135.20628974390746
9.24,135.5351857638557
9.25,135.86403911492198
9.26,136.1928478932726
9.27,136.52161019507395
9.28,136.85032411649232
9.29,137.178987753694
9.3,137.50759920284543
9.31,137.83615656011276
9.32,138.16465792166235
9.33,138.4931013836606
9.34,138.82148504227376
9.35,139.1498069936682
9.36,139.4780653340102
9.37,139.80625815946613
9.38,140.1343835662023
9.39,140.46243965038497
9.4,140.79042450818054
9.41,141.11833623575524
9.42,141.44617292927546
9.43,141.7739326849075
9.44,142.1016135988177
9.45,142.4292137671723
9.46,142.7567312861378
9.47,143.08416425188037
9.48,143.41151076056633
9.49,143.73876890836203
9.5,144.0659367914338
9.51,144.39301250594798
9.52,144.71999414807084
9.53,145.04687981396876
9.54,145.37366759980802
9.55,145.700355601755
9.56,146.0269419159759
9.57,146.3534246386371
9.58,146.67980186590498
9.59,147.0060716939458
9.6,147.3322322189259
9.61,147.6582815370116
9.62,147.98421774436918
9.63,148.31003893716505
9.64,148.63574321156543
9.65,148.9613286637367
9.66,149.28679338984517
9.67,149.61213548605713
9.68,149.93735304853897
9.69,150.2624441734569
9.7,150.58740695697736
9.71,150.9122394952667
9.72,151.23693988449105
9.73,151.56150622081688
9.74,151.88593660041047
9.75,152.21022911943814
9.76,152.53438187406616
9.77,152.85839296046098
9.78,153.18226047478876
9.79,153.505982513216
9.8,153.8295571719089
9.81,154.1529825470338
9.82,154.476256734757
9.83,154.7993778312449
9.84,155.12234393266374
9.85,155.44515313517985
9.86,155.7678035349595
9.87,156.0902932281692
9.88,156.41262031097517
9.89,156.73478287954367
9.9,157.056779030041
9.91,157.3786068586336
9.92,157.7002644614877
9.93,158.02174993476967
9.94,158.3430613746458
9.95,158.66419687728242
9.96,158.98515453884593
9.97,159.30593245550253
9.98,159.62652872341857
9.99,159.9469414387604
10.0,160.2671686976943
10.01,160.58720859638663
10.02,160.9070592310037
10.03,161.22671869771182
10.04,161.54618509267735
10.05,161.86545651206663
10.06,162.18453105204583
10.07,162.50340680878142
10.08,162.82208187843963
10.09,163.14055435718691
10.1,163.4588223411894
10.11,163.7768839266136
10.12,164.0947372096256
10.13,164.41238028639208
10.14,164.729811253079
10.15,165.04702820585285
10.16,165.36402924087992
10.17,165.68081245432654
10.18,165.99737594235904
10.19,166.31371780114375
10.2,166.6298361268469
10.21,166.94572901563498
10.22,167.26139456367417
10.23,167.57683086713084
10.24,167.89203602217123
10.25,168.2070081249618
10.26,168.52174527166878
10.27,168.83624555845853
10.28,169.15050708149732
10.29,169.46452793695155
10.3,169.77830622098747
10.31,170.09184002977142
10.32,170.40512745946978
10.33,170.7181666062488
10.34,171.03095556627477
10.35,171.34349243571407
10.36,171.655775310733
10.37,171.96780228749793
10.38,172.27957146217514
10.39,172.59108093093093
10.4,172.90232878993163
10.41,173.2133131353436
10.42,173.5240320633331
10.43,173.83448367006653
10.44,174.1446660517101
10.45,174.45457730443027
10.46,174.7642155243933
10.47,175.0735788077654
10.48,175.38266525071305
10.49,175.69147294940248
10.5,176.0
10.51,176.30823628706017
10.52,176.61613884868953
10.53,176.92365651138317
10.54,177.23073810163586
10.55,177.53733244594258
10.56,177.84338837079807
10.57,178.1488547026972
10.58,178.453680268135
10.59,178.75781389360623
10.6,179.06120440560576
10.61,179.36380063062856
10.62,179.66555139516942
10.63,179.9664055257233
10.64,180.26631184878497
10.65,180.56521919084932
10.66,180.86307637841128
10.67,181.1598322379657
10.68,181.4554355960075
10.69,181.74983527903143
10.7,182.0429801135325
10.71,182.33481892600568
10.72,182.6253005429456
10.73,182.91437379084715
10.74,183.20198749620545
10.75,183.4880904855151
10.76,183.7726315852712
10.77,184.05555962196843
10.78,184.33682342210184
10.79,184.61637181216616
10.8,184.89415361865647
10.81,185.1701176680674
10.82,185.444212786894
10.83,185.716387801631
10.84,185.9865915387734
10.85,186.2547728248161
10.86,186.52088048625384
10.87,186.78486334958157
10.88,187.0466702412942
10.89,187.3062499878866
10.9,187.56355141585357
10.91,187.81852335169
10.92,188.07111462189084
10.93,188.3212740529509
10.94,188.56895047136516
10.95,188.81409270362823
10.96,189.05664957623543
10.97,189.2965699156813
10.98,189.53380254846067
10.99,189.76829630106863
11.0,190.0
11.01,190.22887129629325
11.02,190.45490313916144
11.03,190.67809730236115
11.04,190.89845555964928
11.05,191.1159796847824
11.06,191.33067145151725
11.07,191.5425326336104
11.08,191.75156500481853
11.09,191.9577703388985
11.1,192.16115040960688
11.11,192.36170699070036
11.12,192.55944185593563
11.13,192.7543567790694
11.14,192.94645353385832
11.15,193.13573389405917
11.16,193.32219963342845
11.17,193.50585252572296
11.18,193.68669434469945
11.19,193.8647268641145
11.2,194.0399518577248
11.21,194.2123710992871
11.22,194.381986362558
11.23,194.54879942129435
11.24,194.7128120492526
11.25,194.87402602018963
11.26,195.03244310786204
11.27,195.1880650860265
11.28,195.34089372843977
11.29,195.4909308088584
11.3,195.6381781010393
11.31,195.7826373787389
11.32,195.92431041571413
11.33,196.0631989857214
11.34,196.19930486251764
11.35,196.33262981985945
11.36,196.46317563150347
11.37,196.5909440712064
11.38,196.71593691272503
11.39,196.838155929816
11.4,196.95760289623584
11.41,197.0742795857414
11.42,197.18818777208932
11.43,197.29932922903632
11.44,197.40770573033905
11.45,197.5133190497541
11.46,197.61617096103836
11.47,197.7162632379484
11.48,197.81359765424085
11.49,197.9081759836725
11.5,198.0
11.51,198.089078527767
11.52,198.17544859466489
11.53,198.2591542791721
11.54,198.3402396597669
11.55,198.41874881492785
11.56,198.4947258231332
11.57,198.5682147628614
11.58,198.6392597125908
11.59,198.7079047507997
11.6,198.77419395596667
11.61,198.83817140657
11.62,198.89988118108795
11.63,198.9593673579991
11.64,199.0166740157817
11.65,199.07184523291423
11.66,199.124925087875
11.67,199.1759576591424
11.68,199.22498702519485
11.69,199.27205726451064
11.7,199.31721245556824
11.71,199.36049667684603
11.72,199.4019540068224
11.73,199.4416285239756
11.74,199.47956430678417
11.75,199.5158054337264
11.76,199.55039598328077
11.77,199.58338003392555
11.78,199.61480166413915
11.79,199.6447049524
11.8,199.67313397718647
11.81,199.7001328169769
11.82,199.7257455502497
11.83,199.7500162554833
11.84,199.772989011156
11.85,199.79470789574611
11.86,199.8152169877322
11.87,199.83456036559252
11.88,199.8527821078056
11.89,199.86992629284967
11.9,199.88603699920316
11.91,199.9011583053444
11.92,199.91533428975188
11.93,199.9286090309039
11.94,199.9410266072789
11.95,199.9526310973552
11.96,199.96346657961124
11.97,199.97357713252532
11.98,199.9830068345759
11.99,199.9917997642413
12.0,200.0
12.01,200.00764659263888
12.02,200.01475848217916
12.03,200.02134958095067
12.04,200.02743380128308
12.05,200.03302505550627
12.06,200.0381372559501
12.07,200.04278431494416
12.08,200.04698014481843
12.09,200.0507386579026
12.1,200.05407376652647
12.11,200.0569993830198
12.12,200.05952941971245
12.13,200.0616777889342
12.14,200.06345840301475
12.15,200.064885174284
12.16,200.0659720150716
12.17,200.06673283770752
12.18,200.06718155452137
12.19,200.06733207784305
12.2,200.0671983200023
12.21,200.0667941933289
12.22,200.06613361015263
12.23,200.0652304828034
12.24,200.0640987236108
12.25,200.0627522449048
12.26,200.06120495901504
12.27,200.0594707782714
12.28,200.05756361500363
12.29,200.05549738154156
12.3,200.05328599021487
12.31,200.0509433533535
12.32,200.0484833832871
12.33,200.04591999234557
12.34,200.0432670928586
12.35,200.0405385971561
12.36,200.03774841756768
12.37,200.0349104664232
12.38,200.03203865605252
12.39,200.02914689878543
12.4,200.02624910695167
12.41,200.02335919288095
12.42,200.02049106890323
12.43,200.01765864734813
12.44,200.01487584054556
12.45,200.0121565608252
12.46,200.00951472051688
12.47,200.00696423195043
12.48,200.0045190074556
12.49,200.0021929593622
12.5,200.0
12.51,199.9979511016776
12.52,199.99604547661855
12.53,199.9942793970256
12.54,199.9926491351009
12.55,199.99115096304703
12.56,199.98978115306667
12.57,199.988535977362
12.58,199.9874117081356
12.59,199.98640461759
12.6,199.9855109779275
12.61,199.98472706135075
12.62,199.98404914006213
12.63,199.98347348626413
12.64,199.9829963721592
12.65,199.98261406994988
12.66,199.9823228518385
12.67,199.9821189900277
12.68,199.98199875671975
12.69,199.98195842411727
12.7,199.98199426442267
12.71,199.9821025498385
12.72,199.98227955256704
12.73,199.9825215448109
12.74,199.9828247987726
12.75,199.9831855866545
12.76,199.98360018065915
12.77,199.9840648529889
12.78,199.9845758758464
12.79,199.98512952143392
12.8,199.98572206195405
12.81,199.9863497696092
12.82,199.98700891660192
12.83,199.98769577513457
12.84,199.9884066174097
12.85,199.9891377156298
12.86,199.9898853419972
12.87,199.99064576871447
12.88,199.9914152679841
12.89,199.9921901120086
12.9,199.99296657299027
12.91,199.9937409231317
12.92,199.99450943463532
12.93,199.99526837970365
12.94,199.9960140305392
12.95,199.9967426593442
12.96,199.9974505383213
12.97,199.998133939673
12.98,199.9987891356017
12.99,199.9994123983099
13.0,200.0
13.01,200.0005490006509
13.02,200.0010596113465
13.03,200.00153283094724
13.04,200.00196965831336
13.05,200.00237109230537
13.06,200.00273813178345
13.07,200.00307177560788
13.08,200.00337302263915
13.09,200.0036428717376
13.1,200.00388232176343
13.11,200.00409237157712
13.12,200.0042740200389
13.13,200.0044282660092
13.14,200.00455610834837
13.15,200.00465854591664
13.16,200.0047365775744
13.17,200.004791202182
13.18,200.00482341859973
13.19,200.004834225688
13.2,200.00482462230715
13.21,200.0047956073174
13.22,200.0047481795792
13.23,200.0046833379529
13.24,200.00460208129877
13.25,200.00450540847717
13.26,200.00439431834843
13.27,200.00426980977292
13.28,200.00413288161096
13.29,200.00398453272285
13.3,200.00382576196904
13.31,200.00365756820972
13.32,200.0034809503054
13.33,200.0032969071162
13.34,200.00310643750265
13.35,200.002910540325
13.36,200.0027102144436
13.37,200.0025064587188
13.38,200.0023002720109
13.39,200.0020926531803
13.4,200.0018846010873
13.41,200.00167711459224
13.42,200.0014711925555
13.43,200.0012678338373
13.44,200.00106803729813
13.45,200.00087280179824
13.46,200.00068312619797
13.47,200.0005000093577
13.48,200.0003244501377
13.49,200.0001574473984
13.5,200.0
13.51,199.99985289571896
13.52,199.99971607799543
13.53,199.9995892791856
13.54,199.9994722316456
13.55,199.9993646677316
13.56,199.9992663197999
13.57,199.99917692020657
13.58,199.99909620130785
13.59,199.99902389545983
13.6,199.9989597350188
13.61,199.9989034523408
13.62,199.9988547797821
13.63,199.99881344969896
13.64,199.99877919444745
13.65,199.9987517463838
13.66,199.9987308378641
13.67,199.99871620124463
13.68,199.99870756888149
13.69,199.99870467313093
13.7,199.99870724634908
13.71,199.9987150208921
13.72,199.99872772911627
13.73,199.9987451033777
13.74,199.9987668760325
13.75,199.998792779437
13.76,199.9988225459473
13.77,199.9988559079196
13.78,199.99889259770995
13.79,199.99893234767472
13.8,199.99897489017
13.81,199.999019957552
13.82,199.9990672821768
13.83,199.99911659640077
13.84,199.99916763257988
13.85,199.9992201230704
13.86,199.9992738002285
13.87,199.99932839641045
13.88,199.99938364397232
13.89,199.99943927527036
13.9,199.99949502266065
13.91,199.99955061849943
13.92,199.99960579514288
13.93,199.9996602849472
13.94,199.9997138202685
13.95,199.99976613346303
13.96,199.99981695688692
13.97,199.99986602289647
13.98,199.99991306384769
13.99,199.9999578120968
14.0,200.0
14.01,200.00003941647333
14.02,200.0000760766719
14.03,200.0001100523106
14.04,200.0001414151044
14.05,200.00017023676827
14.06,200.0001965890172
14.07,200.000220543566
14.08,200.00024217212976
14.09,200.00026154642333
14.1,200.00027873816168
14.11,200.00029381905975
14.12,200.00030686083255
14.13,200.00031793519491
14.14,200.0003271138619
14.15,200.0003344685485
14.16,200.00034007096943
14.17,200.00034399283984
14.18,200.00034630587453
14.19,200.00034708178856
14.2,200.00034639229685
14.21,200.00034430911435
14.22,200.0003409039559
14.23,200.00033624853663
14.24,200.0003304145713
14.25,200.00032347377496
14.26,200.0003154978626
14.27,200.00030655854908
14.28,200.0002967275493
14.29,200.0002860765784
14.3,200.0002746773512
14.31,200.00026260158256
14.32,200.0002499209876
14.33,200.0002367072811
14.34,200.0002230321781
14.35,200.00020896739355
14.36,200.0001945846424
14.37,200.00017995563948
14.38,200.0001651520999
14.39,200.00015024573852
14.4,200.00013530827036
14.41,200.00012041141025
14.42,200.0001056268732
14.43,200.0000910263741
14.44,200.00007668162803
14.45,200.00006266434977
14.46,200.0000490462544
14.47,200.0000358990568
14.48,200.00002329447187
14.49,200.00001130421464
14.5,200.0
14.51,199.99998943838784
14.52,199.99997961531727
14.53,199.99997051157237
14.54,199.99996210793705
14.55,199.99995438519548
14.56,199.99994732413168
14.57,199.99994090552963
14.58,199.99993511017348
14.59,199.99992991884716
14.6,199.9999253123348
14.61,199.99992127142028
14.62,199.9999177768877
14.63,199.9999148095213
14.64,199.9999123501049
14.65,199.99991037942257
14.66,199.9999088782584
14.67,199.99990782739644
14.68,199.99990720762065
14.69,199.99990699971517
14.7,199.99990718446384
14.71,199.9999077426509
14.72,199.99990865506035
14.73,199.99990990247625
14.74,199.9999114656825
14.75,199.99991332546327
14.76,199.99991546260256
14.77,199.99991785788444
14.78,199.99992049209283
14.79,199.9999233460119
14.8,199.99992640042564
14.81,199.99992963611805
14.82,199.99993303387328
14.83,199.99993657447527
14.84,199.99994023870804
14.85,199.9999440073557
14.86,199.99994786120223
14.87,199.9999517810317
14.88,199.99995574762823
14.89,199.9999597417757
14.9,199.99996374425828
14.91,199.9999677358599
14.92,199.99997169736469
14.93,199.9999756095566
14.94,199.99997945321977
14.95,199.9999832091381
14.96,199.99998685809575
14.97,199.9999903808768
14.98,199.9999937582651
14.99,199.99999697104485
15.0,200.0
15.01,200.0000028299755
15.02,200.0000054620593
15.03,200.00000790140044
15.04,200.0000101531477
15.05,200.0000122224501
15.06,200.00001411445643
15.07,200.00001583431563
15.08,200.00001738717668
15.09,200.00001877818835
15.1,200.00002001249965
15.11,200.0000210952594
15.12,200.0000220316165
15.13,200.00002282672
15.14,200.00002348571863
15.15,200.00002401376136
15.16,200.00002441599716
15.17,200.00002469757476
15.18,200.00002486364315
15.19,200.0000249193513
15.2,200.000024869848
15.21,200.00002472028223
15.22,200.00002447580283
15.23,200.0000241415588
15.24,200.00002372269893
15.25,200.00002322437211
15.26,200.00002265172745
15.27,200.0000220099136
15.28,200.00002130407955
15.29,200.00002053937425
15.3,200.0000197209465
15.31,200.00001885394536
15.32,200.0000179435196
15.33,200.00001699481817
15.34,200.00001601298996
15.35,200.00001500318385
15.36,200.0000139705488
15.37,200.0000129202336
15.38,200.0000118573873
15.39,200.00001078715871
15.4,200.00000971469677
15.41,200.0000086451503
15.42,200.00000758366832
15.43,200.0000065353996
15.44,200.0000055054932
15.45,200.00000449909797
15.46,200.00000352136263
15.47,200.00000257743636
15.48,200.00000167246785
15.49,200.00000081160613
15.5,200.0
15.51,199.9999992417104
15.52,199.99999853644564
15.53,199.9999978828262
15.54,199.99999727947232
15.55,199.9999967250044
15.56,199.99999621804287
15.57,199.99999575720796
15.58,199.99999534112013
15.59,199.99999496839965
15.6,199.9999946376669
15.61,199.9999943475423
15.62,199.99999409664613
15.63,199.99999388359885
15.64,199.99999370702065
15.65,199.9999935655321
15.66,199.99999345775333
15.67,199.99999338230484
15.68,199.99999333780696
15.69,199.99999332288
15.7,199.9999933361444
15.71,199.9999933762204
15.72,199.9999934417284
15.73,199.99999353128888
15.74,199.999993643522
15.75,199.99999377704825
15.76,199.999993930488
15.77,199.9999941024615
15.78,199.99999429158916
15.79,199.9999944964913
15.8,199.99999471578835
15.81,199.9999949481006
15.82,199.9999951920485
15.83,199.99999544625223
15.84,199.99999570933232
15.85,199.99999597990904
15.86,199.99999625660277
15.87,199.99999653803383
15.88,199.99999682282268
15.89,199.9999971095896
15.9,199.99999739695488
15.91,199.99999768353905
15.92,199.99999796796223
15.93,199.99999824884495
15.94,199.9999985248076
15.95,199.9999987944704
15.96,199.99999905645376
15.97,199.99999930937807
15.98,199.99999955186365
15.99,199.9999997825308
16.0,200.0
16.01,200.00000020318316
16.02,200.00000039215823
16.03,200.00000056729507
16.04,200.0000007289632
16.05,200.00000087753247
16.06,200.0000010133724
16.07,200.00000113685277
16.08,200.00000124834312
16.09,200.0000013482133
16.1,200.00000143683283
16.11,200.0000015145715
16.12,200.00000158179893
16.13,200.0000016388848
16.14,200.0000016861988
16.15,200.0000017241105
16.16,200.00000175298976
16.17,200.0000017732061
16.18,200.0000017851293
16.19,200.00000178912896
16.2,200.0000017855748
16.21,200.00000177483645
16.22,200.0000017572836
16.23,200.000001733286
16.24,200.00000170321317
16.25,200.0000016674349
16.26,200.00000162632085
16.27,200.00000158024076
16.28,200.0000015295641
16.29,200.0000014746608
16.3,200.0000014159003
16.31,200.0000013536524
16.32,200.0000012882868
16.33,200.00000122017303
16.34,200.00000114968097
16.35,200.00000107718012
16.36,200.00000100304027
16.37,200.00000092763105
16.38,200.0000008513221
16.39,200.0000007744832
16.4,200.00000069748384
16.41,200.0000006206939
16.42,200.00000054448287
16.43,200.0000004692206
16.44,200.00000039527663
16.45,200.0000003230207
16.46,200.0000002528225
16.47,200.0000001850516
16.48,200.0000001200778
16.49,200.00000005827076
16.5,200.0
16.51,199.99999994555728
16.52,199.99999989492156
16.53,199.9999998479938
16.54,199.99999980467493
16.55,199.99999976486595
16.56,199.9999997284677
16.57,199.99999969538123
16.58,199.9999996655075
16.59,199.99999963874737
16.6,199.99999961500177
16.61,199.9999995941718
16.62,199.9999995761583
16.63,199.9999995608622
16.64,199.9999995481844
16.65,199.999999538026
16.66,199.99999953028785
16.67,199.99999952487087
16.68,199.99999952167607
16.69,199.9999995206044
16.7,199.9999995215567
16.71,199.99999952443403
16.72,199.9999995291373
16.73,199.99999953556747
16.74,199.99999954362545
16.75,199.99999955321212
16.76,199.99999956422863
16.77,199.99999957657585
16.78,199.99999959015457
16.79,199.99999960486588
16.8,199.9999996206107
16.81,199.99999963729
16.82,199.99999965480464
16.83,199.99999967305567
16.84,199.99999969194397
16.85,199.9999997113705
16.86,199.9999997312362
16.87,199.99999975144203
16.88,199.99999977188892
16.89,199.9999997924779
16.9,199.99999981310972
16.91,199.9999998336856
16.92,199.99999985410625
16.93,199.99999987427276
16.94,199.99999989408596
16.95,199.9999999134469
16.96,199.99999993225643
16.97,199.9999999504156
16.98,199.9999999678253
16.99,199.99999998438645
17.0,200.0
17.01,200.00000001458795
17.02,200.0000000281557
17.03,200.00000004073
17.04,200.0000000523372
17.05,200.000000063004
17.06,200.0000000727569
17.07,200.00000008162235
17.08,200.000000089627
17.09,200.00000009679735
17.1,200.00000010315995
17.11,200.00000010874132
17.12,200.0000001135681
17.13,200.00000011766664
17.14,200.00000012106364
17.15,200.00000012378555
17.16,200.00000012585903
17.17,200.0000001273105
17.18,200.00000012816656
17.19,200.0000001284537
17.2,200.0000001281985
17.21,200.00000012742757
17.22,200.0000001261673
17.23,200.00000012444437
17.24,200.0000001222852
17.25,200.00000011971645
17.26,200.0000001167646
17.27,200.00000011345625
17.28,200.00000010981776
17.29,200.0000001058759
17.3,200.0000001016571
17.31,200.0000000971879
17.32,200.00000009249487
17.33,200.0000000876045
17.34,200.00000008254335
17.35,200.00000007733803
17.36,200.00000007201504
17.37,200.00000006660093
17.38,200.00000006112217
17.39,200.0000000556054
17.4,200.00000005007703
17.41,200.00000004456385
17.42,200.0000000390921
17.43,200.0000000336885
17.44,200.0000000283796
17.45,200.0000000231919
17.46,200.00000001815184
17.47,200.00000001328613
17.48,200.0000000086212
17.49,200.00000000418365
17.5,200.0
17.51,199.9999999960912
17.52,199.9999999924557
17.53,199.9999999890865
17.54,199.9999999859763
17.55,199.99999998311813
17.56,199.99999998050487
17.57,199.99999997812932
17.58,199.9999999759845
17.59,199.99999997406323
17.6,199.99999997235835
17.61,199.99999997086283
17.62,199.99999996956956
17.63,199.99999996847137
17.64,199.9999999675611
17.65,199.99999996683172
17.66,199.99999996627616
17.67,199.9999999658873
17.68,199.99999996565796
17.69,199.99999996558097
17.7,199.99999996564927
17.71,199.99999996585592
17.72,199.9999999661936
17.73,199.99999996665528
17.74,199.99999996723375
17.75,199.9999999679221
17.76,199.999999968713
17.77,199.99999996959951
17.78,199.99999997057444
17.79,199.99999997163064
17.8,199.9999999727611
17.81,199.9999999739586
17.82,199.9999999752161
17.83,199.99999997652645
17.84,199.9999999778826
17.85,199.99999997927733
17.86,199.99999998070365
17.87,199.99999998215435
17.88,199.9999999836224
17.89,199.9999999851006
17.9,199.99999998658188
17.91,199.9999999880592
17.92,199.9999999895253
17.93,199.9999999909732
17.94,199.99999999239571
17.95,199.99999999378585
17.96,199.99999999513625
17.97,199.99999999644004
17.98,199.99999999769
17.99,199.99999999887905
18.0,200.0
18.01,200.0000000010474
18.02,200.00000000202152
18.03,200.0000000029243
18.04,200.0000000037577
18.05,200.00000000452357
18.06,200.0000000052237
18.07,200.00000000586024
18.08,200.00000000643496
18.09,200.0000000069498
18.1,200.00000000740656
18.11,200.00000000780733
18.12,200.00000000815388
18.13,200.00000000844813
18.14,200.00000000869207
18.15,200.00000000888747
18.16,200.00000000903637
18.17,200.00000000914056
18.18,200.00000000920204
18.19,200.00000000922267
18.2,200.00000000920437
18.21,200.00000000914895
18.22,200.0000000090585
18.23,200.0000000089348
18.24,200.00000000877972
18.25,200.00000000859535
18.26,200.0000000083834
18.27,200.00000000814592
18.28,200.0000000078847
18.29,200.00000000760164
18.3,200.0000000072988
18.31,200.0000000069779
18.32,200.00000000664093
18.33,200.0000000062898
18.34,200.00000000592647
18.35,200.00000000555272
18.36,200.0000000051705
18.37,200.0000000047818
18.38,200.00000000438848
18.39,200.0000000039924
18.4,200.00000000359543
18.41,200.0000000031997
18.42,200.0000000028068
18.43,200.0000000024188
18.44,200.0000000020376
18.45,200.0000000016652
18.46,200.0000000013033
18.47,200.000000000954
18.48,200.00000000061905
18.49,200.00000000030045
18.5,200.0
18.51,199.9999999997194
18.52,199.9999999994584
18.53,199.99999999921647
18.54,199.99999999899316
18.55,199.99999999878796
18.56,199.99999999860032
18.57,199.99999999842976
18.58,199.9999999982757
18.59,199.99999999813772
18.6,199.9999999980153
18.61,199.999999997908
18.62,199.99999999781517
18.63,199.99999999773624
18.64,199.9999999976709
18.65,199.9999999976185
18.66,199.99999999757864
18.67,199.9999999975507
18.68,199.99999999753425
18.69,199.9999999975287
18.7,199.9999999975336
18.71,199.9999999975484
18.72,199.99999999757264
18.73,199.99999999760576
18.74,199.99999999764728
18.75,199.9999999976967
18.76,199.9999999977535
18.77,199.9999999978172
18.78,199.99999999788716
18.79,199.999999997963
18.8,199.99999999804413
18.81,199.9999999981301
18.82,199.9999999982204
18.83,199.99999999831445
18.84,199.99999999841185
18.85,199.99999999851195
18.86,199.9999999986144
18.87,199.99999999871852
18.88,199.999999998824
18.89,199.9999999989301
18.9,199.99999999903645
18.91,199.99999999914257
18.92,199.99999999924785
18.93,199.9999999993518
18.94,199.99999999945396
18.95,199.99999999955375
18.96,199.99999999965075
18.97,199.9999999997444
18.98,199.99999999983413
18.99,199.9999999999195
19.0,200.0
19.01,200.0000000000753
19.02,200.00000000014523
19.03,200.0000000002101
19.04,200.00000000026995
19.05,200.000000000325
19.06,200.00000000037528
19.07,200.000000000421
19.08,200.0000000004623
19.09,200.0000000004993
19.1,200.0000000005321
19.11,200.000000000561
19.12,200.0000000005859
19.13,200.00000000060703
19.14,200.0000000006246
19.15,200.00000000063864
19.16,200.0000000006494
19.17,200.00000000065688
19.18,200.00000000066132
19.19,200.00000000066288
19.2,200.0000000006616
19.21,200.00000000065765
19.22,200.0000000006512
19.23,200.0000000006423
19.24,200.0000000006312
19.25,200.000000000618
19.26,200.0000000006028
19.27,200.00000000058571
19.28,200.000000000567
19.29,200.00000000054672
19.3,200.00000000052492
19.31,200.00000000050196
19.32,200.0000000004777
19.33,200.0000000004525
19.34,200.0000000004264
19.35,200.00000000039952
19.36,200.00000000037207
19.37,200.00000000034413
19.38,200.00000000031588
19.39,200.00000000028743
19.4,200.0000000002589
19.41,200.0000000002304
19.42,200.00000000020216
19.43,200.00000000017425
19.44,200.00000000014683
19.45,200.00000000012
19.46,200.00000000009396
19.47,200.0000000000688
19.48,200.00000000004465
19.49,200.00000000002169
19.5,200.0
19.51,199.9999999999797
19.52,199.9999999999609
19.53,199.99999999994336
19.54,199.99999999992727
19.55,199.99999999991235
19.56,199.9999999998988
19.57,199.99999999988637
19.58,199.9999999998752
19.59,199.9999999998651
19.6,199.9999999998562
19.61,199.99999999984837
19.62,199.99999999984152
19.63,199.9999999998357
19.64,199.9999999998309
19.65,199.99999999982697
19.66,199.999999999824
19.67,199.9999999998218
19.68,199.9999999998205
19.69,199.99999999981995
19.7,199.99999999982023
19.71,199.9999999998212
19.72,199.9999999998228
19.73,199.9999999998251
19.74,199.999999999828
19.75,199.99999999983143
19.76,199.99999999983544
19.77,199.99999999984
19.78,199.99999999984496
19.79,199.9999999998504
19.8,199.9999999998562
19.81,199.99999999986235
19.82,199.9999999998688
19.83,199.9999999998756
19.84,199.99999999988265
19.85,199.99999999988987
19.86,199.9999999998973
19.87,199.99999999990487
19.88,199.99999999991255
19.89,199.9999999999203
19.9,199.9999999999281
19.91,199.99999999993585
19.92,199.9999999999436
19.93,199.99999999995129
19.94,199.99999999995885
19.95,199.9999999999663
19.96,199.99999999997357
19.97,199.99999999998056
19.98,199.99999999998727
19.99,199.9999999999938
20.0,200.0
20.01,200.00000000000577
20.02,200.00000000001123
20.03,200.0000000000164
20.04,200.00000000002112
20.05,200.0000000000256
20.06,200.0000000000297
20.07,200.00000000003357
20.08,200.00000000003703
20.09,200.00000000004025
20.1,200.0000000000432
20.11,200.00000000004573
20.12,200.0000000000481
20.13,200.00000000005008
20.14,200.00000000005195
20.15,200.00000000005343
20.16,200.0000000000548
20.17,200.0000000000558
20.18,200.00000000005656
20.19,200.0000000000572
20.2,200.0000000000575
20.21,200.00000000005764
20.22,200.0000000000576
20.23,200.0000000000573
20.24,200.00000000005684
20.25,200.00000000005616
20.26,200.0000000000553
20.27,200.0000000000543
20.28,200.00000000005315
20.29,200.0000000000518
20.3,200.0000000000503
20.31,200.00000000004863
20.32,200.0000000000469
20.33,200.00000000004505
20.34,200.000000000043
20.35,200.0000000000409
20.36,200.00000000003868
20.37,200.00000000003627
20.38,200.00000000003385
20.39,200.00000000003132
20.4,200.0000000000288
20.41,200.0000000000261
20.42,200.0000000000233
20.43,200.00000000002055
20.44,200.0000000000177
20.45,200.0000000000148
20.46,200.0000000000119
20.47,200.00000000000895
20.48,200.000000000006
20.49,200.00000000000296
20.5,200.0
20.51,199.999999999997
20.52,199.99999999999403
20.53,199.99999999999105
20.54,199.9999999999881
20.55,199.9999999999852
20.56,199.99999999998224
20.57,199.99999999997945
20.58,199.99999999997664
20.59,199.9999999999739
20.6,199.9999999999712
20.61,199.99999999996865
20.62,199.9999999999661
20.63,199.99999999996368
20.64,199.99999999996132
20.65,199.9999999999591
20.66,199.99999999995697
20.67,199.99999999995492
20.68,199.99999999995305
20.69,199.99999999995129
20.7,199.9999999999497
20.71,199.9999999999482
20.72,199.99999999994685
20.73,199.9999999999457
20.74,199.99999999994463
20.75,199.9999999999438
20.76,199.9999999999432
20.77,199.9999999999427
20.78,199.9999999999424
20.79,199.9999999999424
20.8,199.99999999994245
20.81,199.9999999999428
20.82,199.99999999994336
20.83,199.99999999994415
20.84,199.99999999994523
20.85,199.9999999999465
20.86,199.99999999994805
20.87,199.99999999994984
20.88,199.9999999999519
20.89,199.99999999995424
20.9,199.99999999995688
20.91,199.99999999995973
20.92,199.9999999999629
20.93,199.9999999999665
20.94,199.99999999997024
20.95,199.9999999999744
20.96,199.99999999997883
20.97,199.9999999999836
20.98,199.99999999998872
20.99,199.9999999999942
21.0,200.0
