wind_speed,W2E Wind to Energy W2E-120/3.2fc
1.0,0.0
1.01,0.0
1.02,0.0
1.03,0.0
1.04,0.0
1.05,0.0
1.06,0.0
1.07,0.0
1.08,0.0
1.09,0.0
1.1,0.0
1.11,0.0
1.12,0.0
1.13,0.0
1.14,0.0
1.15,0.0
1.16,0.0
1.17,0.0
1.18,0.0
1.19,0.0
1.2,0.0
1.21,0.0
1.22,0.0
1.23,0.0
1.24,0.0
1.25,0.0
1.26,0.0
1.27,0.0
1.28,0.0
1.29,0.0
1.3,0.0
1.31,0.0
1.32,0.0
1.33,0.0
1.34,0.0
1.35,0.0
1.36,0.0
1.37,0.0
1.38,0.0
1.39,0.0
1.4,0.0
1.41,0.0
1.42,0.0
1.43,0.0
1.44,0.0
1.45,0.0
1.46,0.0
1.47,0.0
1.48,0.0
1.49,0.0
1.5,0.0
1.51,0.0
1.52,0.0
1.53,0.0
1.54,0.0
1.55,0.0
1.56,0.0
1.57,0.0
1.58,0.0
1.59,0.0
1.6,0.0
1.61,0.0
1.62,0.0
1.63,0.0
1.64,0.0
1.65,0.0
1.66,0.0
1.67,0.0
1.68,0.0
1.69,0.0
1.7,0.0
1.71,0.0
1.72,0.0
1.73,0.0
1.74,0.0
1.75,0.0
1.76,0.0
1.77,0.0
1.78,0.0
1.79,0.0
1.8,0.0
1.81,0.0
1.82,0.0
1.83,0.0
1.84,0.0
1.85,0.0
1.86,0.0
1.87,0.0
1.88,0.0
1.89,0.0
1.9,0.0
1.91,0.0
1.92,0.0
1.93,0.0
1.94,0.0
1.95,0.0
1.96,0.0
1.97,0.0
1.98,0.0
1.99,0.0
2.0,0.0
2.01,0.1999285285553007
2.02,0.4045795122389926
2.03,0.6139754061794331
2.04,0.8281386655050262
2.05,1.0470917453441224
2.06,1.270857100825129
2.07,1.4994571870764029
2.08,1.7329144592263477
2.09,1.971251372403316
2.1,2.214490381735713
2.11,2.4626539423518947
2.12,2.715764509380266
2.13,2.9738445379491782
2.14,3.2369164831870414
2.15,3.505002800222204
2.16,3.778125944183077
2.17,4.05630837019801
2.18,4.339572533395412
2.19,4.627940888903634
2.2,4.921435891851081
2.21,5.220079997366109
2.22,5.523895660577124
2.23,5.832905336612473
2.24,6.147131480600576
2.25,6.46659654766977
2.26,6.791322992948459
2.27,7.121333271565031
2.28,7.456649838647839
2.29,7.797295149325293
2.3,8.143291658725744
2.31,8.494661821977598
2.32,8.851428094209204
2.33,9.213612930548976
2.34,9.58123878612526
2.35,9.95432811606647
2.36,10.332903375500951
2.37,10.716987019557118
2.38,11.106601503363311
2.39,11.501769282047952
2.4,11.90251281073938
2.41,12.308854544566012
2.42,12.72081693865619
2.43,13.138422448138336
2.44,13.561693528140784
2.45,13.990652633791964
2.46,14.425322220220202
2.47,14.865724742553924
2.48,15.311882655921472
2.49,15.763818415451262
2.5,16.221554476271635
2.51,16.685113293510994
2.52,17.15451732229773
2.53,17.629789017760185
2.54,18.110950835026788
2.55,18.598025229225872
2.56,19.091034655485856
2.57,19.59000156893508
2.58,20.09494842470197
2.59,20.605897677914847
2.6,21.12287178370216
2.61,21.64589319719222
2.62,22.174984373513464
2.63,22.710167767794225
2.64,23.251465835162925
2.65,23.7989010307479
2.66,24.352495809677578
2.67,24.912272627080284
2.68,25.478253938084464
2.69,26.050462197818423
2.7,26.62891986141061
2.71,27.21364938398934
2.72,27.804673220683057
2.73,28.402013826620085
2.74,29.00569365692885
2.75,29.61573516673769
2.76,30.23216081117499
2.77,30.85499304536917
2.78,31.48425432444857
2.79,32.119967103541605
2.8,32.76215383777661
2.81,33.41083698228201
2.82,34.06603899218612
2.83,34.72778232261741
2.84,35.39608942870418
2.85,36.07098276557486
2.86,36.7524847883578
2.87,37.4406179521814
2.88,38.135404712174
2.89,38.83686752346405
2.9,39.54502884117986
2.91,40.25991112044986
2.92,40.98153681640238
2.93,41.70992838416588
2.94,42.44510827886863
2.95,43.1870989556391
2.96,43.93592286960562
2.97,44.691602475896616
2.98,45.4541602296404
2.99,46.22361858596542
3.0,47.0
3.01,47.783338471744166
3.02,48.573714180684426
3.03,49.37121885117882
3.04,50.175944207585545
3.05,50.98798197426256
3.06,51.80742387556812
3.07,52.63436163586021
3.08,53.468886979497015
3.09,54.31109163083657
3.1,55.16106731423702
3.11,56.01890575405643
3.12,56.88469867465295
3.13,57.75853780038465
3.14,58.640514855609645
3.15,59.530721564686
3.16,60.42924965197192
3.17,61.336190841825335
3.18,62.25163685860451
3.19,63.17567942666744
3.2,64.10841027037232
3.21,65.04992111407716
3.22,66.00030368214013
3.23,66.95964969891925
3.24,67.92805088877274
3.25,68.9055989760586
3.26,69.89238568513494
3.27,70.88850274035997
3.28,71.89404186609163
3.29,72.90909478668817
3.3,73.93375322650759
3.31,74.96810890990805
3.32,76.0122535612476
3.33,77.06627890488441
3.34,78.13027666517648
3.35,79.20433856648206
3.36,80.28855633315908
3.37,81.38302168956578
3.38,82.48782636006018
3.39,83.60306206900046
3.4,84.7288205407446
3.41,85.86519349965084
3.42,87.01227267007717
3.43,88.17014977638179
3.44,89.33891654292268
3.45,90.51866469405807
3.46,91.70948595414596
3.47,92.91147204754458
3.48,94.12471469861184
3.49,95.349305631706
3.5,96.5853365711851
3.51,97.83289924140723
3.52,99.09208536673056
3.53,100.3629866715131
3.54,101.64569488011304
3.55,102.9403017168884
3.56,104.24689890619736
3.57,105.56557817239796
3.58,106.89643123984834
3.59,108.23954983290656
3.6,109.5950256759308
3.61,110.96295049327902
3.62,112.3434160093095
3.63,113.7365139483802
3.64,115.14233603484932
3.65,116.56097399307484
3.66,117.992519547415
3.67,119.4370644222278
3.68,120.89470034187144
3.69,122.36551903070392
3.7,123.8496122130834
3.71,125.3470716133679
3.72,126.8579889559157
3.73,128.38245596508472
3.74,129.9205643652332
3.75,131.47240588071907
3.76,133.03807223590053
3.77,134.61765515513582
3.78,136.2112463627828
3.79,137.81893758319973
3.8,139.4408205407446
3.81,141.07698695977567
3.82,142.72752856465087
3.83,144.3925370797284
3.84,146.07210422936632
3.85,147.7663217379228
3.86,149.47528132975583
3.87,151.19907472922367
3.88,152.9377936606842
3.89,154.69152984849575
3.9,156.46037501701622
3.91,158.24442089060392
3.92,160.04375919361678
3.93,161.858481650413
3.94,163.68867998535063
3.95,165.53444592278782
3.96,167.39587118708255
3.97,169.2730475025931
3.98,171.1660665936774
3.99,173.07502018469376
4.0,175.0
4.01,176.94107531325568
4.02,178.89822559532504
4.03,180.87140786637372
4.04,182.86057914656692
4.05,184.86569645607048
4.06,186.88671681504985
4.07,188.92359724367068
4.08,190.9762947620983
4.09,193.0447663904982
4.1,195.12896914903612
4.11,197.2288600578776
4.12,199.34439613718808
4.13,201.4755344071329
4.14,203.62223188787783
4.15,205.7844455995886
4.16,207.9621325624303
4.17,210.15524979656868
4.18,212.36375432216929
4.19,214.5876031593977
4.2,216.82675332841927
4.21,219.08116184939965
4.22,221.35078574250437
4.23,223.6355820278991
4.24,225.93550772574903
4.25,228.25051985621997
4.26,230.5805754394773
4.27,232.92563149568664
4.28,235.28564504501367
4.29,237.6605731076237
4.3,240.05037270368223
4.31,242.45500085335496
4.32,244.8744145768075
4.33,247.30857089420505
4.34,249.7574268257132
4.35,252.22093939149772
4.36,254.6990656117243
4.37,257.19176250655795
4.38,259.69898709616444
4.39,262.22069640070936
4.4,264.7568474403584
4.41,267.3073972352768
4.42,269.87230280563006
4.43,272.45152117158386
4.44,275.0450093533039
4.45,277.6527243709553
4.46,280.274623244704
4.47,282.9106629947152
4.48,285.56080064115486
4.49,288.224993204188
4.5,290.9031977039805
4.51,293.59537116069777
4.52,296.30147059450525
4.53,299.02145302556886
4.54,301.7552754740537
4.55,304.5028949601254
4.56,307.26426850394955
4.57,310.03935312569195
4.58,312.82810584551754
4.59,315.6304836835924
4.6,318.4464436600817
4.61,321.27594279515137
4.62,324.11893810896646
4.63,326.9753866216928
4.64,329.8452453534958
4.65,332.7284713245413
4.66,335.6250215549944
4.67,338.5348530650207
4.68,341.457922874786
4.69,344.39418800445577
4.7,347.3436054741954
4.71,350.3061323041703
4.72,353.2817255145463
4.73,356.270342125489
4.74,359.2719391571636
4.75,362.2864736297357
4.76,365.3139025633709
4.77,368.3541829782348
4.78,371.4072718944932
4.79,374.4731263323109
4.8,377.551703311854
4.81,380.6429598532878
4.82,383.7468529767782
4.83,386.86333970249024
4.84,389.9923770505896
4.85,393.1339220412419
4.86,396.2879316946128
4.87,399.4543630308676
4.88,402.63317307017184
4.89,405.8243188326911
4.9,409.0277573385913
4.91,412.2434456080372
4.92,415.4713406611948
4.93,418.71139951822965
4.94,421.9635791993074
4.95,425.2278367245931
4.96,428.50412911425263
4.97,431.7924133884516
4.98,435.09264656735553
4.99,438.4047856711296
5.0,441.7287877199397
5.01,445.0646097339509
5.02,448.4122087333294
5.03,451.7715417382406
5.04,455.1425657688496
5.05,458.5252378453221
5.06,461.9195149878238
5.07,465.3253542165204
5.08,468.74271255157686
5.09,472.1715470131591
5.1,475.6118146214324
5.11,479.0634723965629
5.12,482.5264773587153
5.13,486.00078652805576
5.14,489.4863569247494
5.15,492.9831455689624
5.16,496.49110948085945
5.17,500.0102056806064
5.18,503.540391188369
5.19,507.0816230243128
5.2,510.63385820860304
5.21,514.1970537614053
5.22,517.7711667028851
5.23,521.3561540532085
5.24,524.9519728325404
5.25,528.5585800610463
5.26,532.1759327588921
5.27,535.8039879462431
5.28,539.4427026432654
5.29,543.0920338701236
5.3,546.7519386469838
5.31,550.4223739940115
5.32,554.1032969313724
5.33,557.7946644792316
5.34,561.4964336577546
5.35,565.2085614871074
5.36,568.9310049874555
5.37,572.6637211789639
5.38,576.4066670817987
5.39,580.1597997161248
5.4,583.9230761021088
5.41,587.6964532599151
5.42,591.4798882097095
5.43,595.273337971658
5.44,599.0767595659262
5.45,602.8901100126789
5.46,606.7133463320821
5.47,610.5464255443011
5.48,614.389304669502
5.49,618.2419407278497
5.5,622.1042907395098
5.51,625.9763117246481
5.52,629.8579607034302
5.53,633.7491946960215
5.54,637.6499707225873
5.55,641.5602458032932
5.56,645.479976958305
5.57,649.4091212077884
5.58,653.3476355719083
5.59,657.2954770708305
5.6,661.2526027247208
5.61,665.2189695537447
5.62,669.1945345780672
5.63,673.1792548178541
5.64,677.1730872932714
5.65,681.1759890244844
5.66,685.187917031658
5.67,689.2088283349584
5.68,693.2386799545508
5.69,697.2774289106013
5.7,701.3250322232749
5.71,705.381446912737
5.72,709.4466299991535
5.73,713.5205385026902
5.74,717.6031294435118
5.75,721.6943598417844
5.76,725.7941867176733
5.77,729.902567091344
5.78,734.019457982963
5.79,738.1448164126944
5.8,742.2785994007044
5.81,746.4207639671586
5.82,750.5712671322225
5.83,754.7300659160612
5.84,758.8971173388409
5.85,763.0723784207267
5.86,767.2558061818846
5.87,771.4473576424793
5.88,775.646989822677
5.89,779.8546597426429
5.9,784.0703244225432
5.91,788.2939408825426
5.92,792.5254661428066
5.93,796.7648572235014
5.94,801.0120711447925
5.95,805.2670649268448
5.96,809.5297955898243
5.97,813.8002201538962
5.98,818.0782956392269
5.99,822.3639790659806
6.0,826.6572274543237
6.01,830.9579978244215
6.02,835.2662471964395
6.03,839.5819325905438
6.04,843.905011026899
6.05,848.2354395256713
6.06,852.5731751070256
6.07,856.9181747911286
6.08,861.2703955981447
6.09,865.6297945482396
6.1,869.9963286615792
6.11,874.3699549583291
6.12,878.7506304586544
6.13,883.1383121827209
6.14,887.532957150694
6.15,891.9345223827394
6.16,896.3429648990225
6.17,900.7582417197088
6.18,905.180309864964
6.19,909.609126354954
6.2,914.0446482098432
6.21,918.4868324497978
6.22,922.9356360949836
6.23,927.3910161655664
6.24,931.8529296817104
6.25,936.321333663582
6.26,940.796185131347
6.27,945.27744110517
6.28,949.7650586052182
6.29,954.2589946516554
6.3,958.759206264648
6.31,963.2656504643612
6.32,967.7782842709609
6.33,972.2970647046122
6.34,976.8219487854808
6.35,981.3528935337322
6.36,985.8898559695324
6.37,990.4327931130464
6.38,994.9816619844396
6.39,999.536419603878
6.4,1004.0970229915272
6.41,1008.6634291675524
6.42,1013.2355951521188
6.43,1017.8134779653924
6.44,1022.3970346275388
6.45,1026.9862221587236
6.46,1031.580997579112
6.47,1036.1813179088697
6.48,1040.7871401681623
6.49,1045.398421377155
6.5,1050.0151185560132
6.51,1054.6371887249036
6.52,1059.2645889039904
6.53,1063.8972761134405
6.54,1068.5352073734175
6.55,1073.1783397040883
6.56,1077.8266301256183
6.57,1082.4800356581734
6.58,1087.138513321918
6.59,1091.8020201370182
6.6,1096.47051312364
6.61,1101.1439493019489
6.62,1105.8222856921095
6.63,1110.5054793142876
6.64,1115.1934871886494
6.65,1119.8862663353607
6.66,1124.5837737745856
6.67,1129.2859665264905
6.68,1133.9928016112408
6.69,1138.7042360490027
6.7,1143.4202268599404
6.71,1148.1407310642203
6.72,1152.865705682008
6.73,1157.5951077334691
6.74,1162.3288942387687
6.75,1167.067022218072
6.76,1171.8094486915456
6.77,1176.556130679354
6.78,1181.307025201664
6.79,1186.0620892786394
6.8,1190.821279930447
6.81,1195.584554177252
6.82,1200.3518690392202
6.83,1205.1231815365163
6.84,1209.8984486893069
6.85,1214.6776275177567
6.86,1219.460675042032
6.87,1224.2475482822974
6.88,1229.038204258719
6.89,1233.8325999914623
6.9,1238.6306925006934
6.91,1243.4324388065766
6.92,1248.237795929278
6.93,1253.0467208889631
6.94,1257.8591707057983
6.95,1262.6751023999475
6.96,1267.4944729915776
6.97,1272.3172395008532
6.98,1277.143358947941
6.99,1281.9727883530054
7.0,1286.805484736212
7.01,1291.641405117727
7.02,1296.480506517715
7.03,1301.3227459563427
7.04,1306.1680804537752
7.05,1311.0164670301774
7.06,1315.8678627057154
7.07,1320.7222245005555
7.08,1325.5795094348614
7.09,1330.4396745287995
7.1,1335.302676802536
7.11,1340.168473276236
7.12,1345.0370209700648
7.13,1349.9082769041877
7.14,1354.7821980987706
7.15,1359.6587415739798
7.16,1364.5378643499791
7.17,1369.4195234469355
7.18,1374.303675885014
7.19,1379.19027868438
7.2,1384.079288865199
7.21,1388.970663447637
7.22,1393.8643594518592
7.23,1398.7603338980318
7.24,1403.658543806319
7.25,1408.558946196887
7.26,1413.4614980899012
7.27,1418.366156505528
7.28,1423.2728784639316
7.29,1428.1816209852789
7.3,1433.092341089734
7.31,1438.0049957974632
7.32,1442.9195421286329
7.33,1447.8359371034069
7.34,1452.7541377419514
7.35,1457.674101064432
7.36,1462.5957840910153
7.37,1467.5191438418651
7.38,1472.4441373371478
7.39,1477.3707215970285
7.4,1482.298853641674
7.41,1487.228490491248
7.42,1492.159589165917
7.43,1497.0921066858466
7.44,1502.0260000712024
7.45,1506.9612263421493
7.46,1511.8977425188534
7.47,1516.8355056214805
7.48,1521.774472670195
7.49,1526.7146006851635
7.5,1531.6558466865513
7.51,1536.598167694523
7.52,1541.5415207292458
7.53,1546.4858628108848
7.54,1551.431150959604
7.55,1556.3773421955707
7.56,1561.3243935389494
7.57,1566.2722620099069
7.58,1571.2209046286066
7.59,1576.1702784152158
7.6,1581.1203403898994
7.61,1586.071047572823
7.62,1591.0223569841528
7.63,1595.974225644053
7.64,1600.9266105726902
7.65,1605.8794687902298
7.66,1610.8327573168365
7.67,1615.7864331726769
7.68,1620.7404533779154
7.69,1625.6947749527192
7.7,1630.649354917252
7.71,1635.6041502916803
7.72,1640.5591180961696
7.73,1645.5142153508862
7.74,1650.4693990759934
7.75,1655.424626291659
7.76,1660.379854018047
7.77,1665.3350392753237
7.78,1670.2901390836553
7.79,1675.2451104632055
7.8,1680.1999104341412
7.81,1685.1544960166275
7.82,1690.108824230831
7.83,1695.0628520969155
7.84,1700.016536635047
7.85,1704.9698348653917
7.86,1709.9227038081149
7.87,1714.8751004833816
7.88,1719.826981911358
7.89,1724.7783051122092
7.9,1729.7290271061013
7.91,1734.6791049131991
7.92,1739.6284955536682
7.93,1744.5771560476746
7.94,1749.525043415384
7.95,1754.4721146769614
7.96,1759.4183268525724
7.97,1764.363636962382
7.98,1769.308002026558
7.99,1774.2513790652629
8.0,1779.193725098664
8.01,1784.1349971469267
8.02,1789.0751522302155
8.03,1794.0141473686974
8.04,1798.9519395825369
8.05,1803.888485891901
8.06,1808.8237433169531
8.07,1813.7576688778595
8.08,1818.6902195947869
8.09,1823.621352487899
8.1,1828.5510245773623
8.11,1833.479192883343
8.12,1838.4058144260052
8.13,1843.3308462255168
8.14,1848.2542453020403
8.15,1853.175968675743
8.16,1858.0959733667892
8.17,1863.014216395346
8.18,1867.9306547815784
8.19,1872.8452455456516
8.2,1877.7579457077309
8.21,1882.6687122879832
8.22,1887.5775023065728
8.23,1892.4842727836644
8.24,1897.3889807394255
8.25,1902.29158319402
8.26,1907.1920371676156
8.27,1912.090299680375
8.28,1916.9863277524653
8.29,1921.8800784040525
8.3,1926.7715086553023
8.31,1931.660575526378
8.32,1936.5472360374472
8.33,1941.4314472086749
8.34,1946.3131660602264
8.35,1951.1923496122672
8.36,1956.0689548849627
8.37,1960.942938898479
8.38,1965.8142586729828
8.39,1970.682871228637
8.4,1975.5487335856085
8.41,1980.411802764062
8.42,1985.272035784164
8.43,1990.12938966608
8.44,1994.9838214299757
8.45,1999.835288096016
8.46,2004.6837466843667
8.47,2009.529154215193
8.48,2014.371467708661
8.49,2019.210644184935
8.5,2024.0466406641824
8.51,2028.879414166568
8.52,2033.708921712256
8.53,2038.5351203214143
8.54,2043.3579670142065
8.55,2048.1774188108
8.56,2052.9934327313576
8.57,2057.8059657960475
8.58,2062.614975025034
8.59,2067.420417438482
8.6,2072.2222500565586
8.61,2077.020429899428
8.62,2081.814913987256
8.63,2086.60565934021
8.64,2091.392622978453
8.65,2096.175761922152
8.66,2100.95503319147
8.67,2105.730393806577
8.68,2110.5018007876347
8.69,2115.2692111548104
8.7,2120.0325819282684
8.71,2124.7918701281774
8.72,2129.547032774699
8.73,2134.298026888
8.74,2139.0448094882468
8.75,2143.787337595604
8.76,2148.525568230238
8.77,2153.259458412314
8.78,2157.9889651619965
8.79,2162.714045499453
8.8,2167.434656444848
8.81,2172.150755018346
8.82,2176.8622982401143
8.83,2181.569243130318
8.84,2186.271546709121
8.85,2190.969165996691
8.86,2195.662058013193
8.87,2200.3501797787912
8.88,2205.033488313653
8.89,2209.711940637943
8.9,2214.385493771827
8.91,2219.054104735469
8.92,2223.7177305490377
8.93,2228.3763282326954
8.94,2233.02985480661
8.95,2237.6782672909453
8.96,2242.3215227058686
8.97,2246.9595780715435
8.98,2251.592390408137
8.99,2256.219916735813
9.0,2260.842114074739
9.01,2265.45893944508
9.02,2270.070349867001
9.03,2274.6763023606677
9.04,2279.276753946245
9.05,2283.871661643901
9.06,2288.4609824737977
9.07,2293.0446734561024
9.08,2297.62269161098
9.09,2302.194993958597
9.1,2306.761537519119
9.11,2311.32227931271
9.12,2315.8771763595373
9.13,2320.4261856797666
9.14,2324.969264293561
9.15,2329.5063692210883
9.16,2334.0374574825128
9.17,2338.562486098
9.18,2343.0814120877167
9.19,2347.594192471828
9.2,2352.100784270498
9.21,2356.601144503895
9.22,2361.0952301921816
9.23,2365.5829983555245
9.24,2370.06440601409
9.25,2374.5394101880424
9.26,2379.007967897548
9.27,2383.470036162772
9.28,2387.92557200388
9.29,2392.374532441037
9.3,2396.8168744944114
9.31,2401.2525551841645
9.32,2405.681531530465
9.33,2410.103760553476
9.34,2414.519199273364
9.35,2418.9278047102966
9.36,2423.329533884436
9.37,2427.72434381595
9.38,2432.1121915250037
9.39,2436.493034031761
9.4,2440.86682835639
9.41,2445.233531519054
9.42,2449.59310053992
9.43,2453.9454924391525
9.44,2458.290664236919
9.45,2462.628572953382
9.46,2466.95917560871
9.47,2471.282429223067
9.48,2475.5982908166184
9.49,2479.90671740953
9.5,2484.2076660219677
9.51,2488.5010936740964
9.52,2492.7869573860808
9.53,2497.0652141780893
9.54,2501.3358210702854
9.55,2505.598735082835
9.56,2509.8539132359037
9.57,2514.101312549656
9.58,2518.340890044259
9.59,2522.572602739877
9.6,2526.796407656677
9.61,2531.0122618148225
9.62,2535.220122234481
9.63,2539.4199459358183
9.64,2543.611689938997
9.65,2547.7953112641853
9.66,2551.970766931548
9.67,2556.13801396125
9.68,2560.297009373457
9.69,2564.4477101883363
9.7,2568.5900734260517
9.71,2572.724056106769
9.72,2576.849615250653
9.73,2580.966707877871
9.74,2585.075291008588
9.75,2589.175321662968
9.76,2593.266756861178
9.77,2597.3495536233822
9.78,2601.423668969749
9.79,2605.48905992044
9.8,2609.545683495625
9.81,2613.5934967154662
9.82,2617.6324566001304
9.83,2621.6625201697825
9.84,2625.683644444589
9.85,2629.695786444715
9.86,2633.698903190325
9.87,2637.692951701586
9.88,2641.677888998665
9.89,2645.653672101723
9.9,2649.6202580309296
9.91,2653.577603806448
9.92,2657.525666448445
9.93,2661.464402977085
9.94,2665.393770412535
9.95,2669.3137257749595
9.96,2673.224226084525
9.97,2677.125228361396
9.98,2681.016689625738
9.99,2684.8985668977166
10.0,2688.770817197498
10.01,2692.633397545248
10.02,2696.4862649611305
10.03,2700.3293764653126
10.04,2704.162689077959
10.05,2707.9861598192365
10.06,2711.7997457093084
10.07,2715.6034037683416
10.08,2719.3970910165017
10.09,2723.1807644739542
10.1,2726.954381160864
10.11,2730.7178980973977
10.12,2734.47127230372
10.13,2738.214460799997
10.14,2741.947420606394
10.15,2745.670108743076
10.16,2749.382482230209
10.17,2753.0844980879583
10.18,2756.7761133364893
10.19,2760.4572849959686
10.2,2764.127970086561
10.21,2767.7881256284327
10.22,2771.437708641747
10.23,2775.076676146672
10.24,2778.704985163372
10.25,2782.322592712012
10.26,2785.9294558127594
10.27,2789.5255314857777
10.28,2793.1107767512344
10.29,2796.685148629293
10.3,2800.2486041401216
10.31,2803.8011003038832
10.32,2807.342594140744
10.33,2810.8730426708703
10.34,2814.392402914427
10.35,2817.900631891579
10.36,2821.397686622494
10.37,2824.8835241273346
10.38,2828.35810142627
10.39,2831.8213755394627
10.4,2835.273303487078
10.41,2838.713842289284
10.42,2842.142948966244
10.43,2845.5605805381247
10.44,2848.966694025092
10.45,2852.361246447309
10.46,2855.744194824945
10.47,2859.115496178162
10.48,2862.475107527128
10.49,2865.8229858920067
10.5,2869.159088292965
10.51,2872.483371750168
10.52,2875.7957932837803
10.53,2879.096309913969
10.54,2882.3848786608987
10.55,2885.661456544736
10.56,2888.926000585645
10.57,2892.178467803792
10.58,2895.418815219342
10.59,2898.646999852461
10.6,2901.862978723314
10.61,2905.066708852067
10.62,2908.2581472588863
10.63,2911.4372509639365
10.64,2914.6039769873832
10.65,2917.758282349392
10.66,2920.9001240701277
10.67,2924.029459169757
10.68,2927.146244668445
10.69,2930.2504375863573
10.7,2933.3419949436598
10.71,2936.4208737605168
10.72,2939.4870310570946
10.73,2942.54042385356
10.74,2945.581009170075
10.75,2948.6087440268093
10.76,2951.623585443926
10.77,2954.6254904415914
10.78,2957.6144160399704
10.79,2960.5903192592286
10.8,2963.5531571195334
10.81,2966.502886641048
10.82,2969.439464843939
10.83,2972.36284874837
10.84,2975.27299537451
10.85,2978.1698617425222
10.86,2981.053404872573
10.87,2983.923581784827
10.88,2986.780349499451
10.89,2989.62366503661
10.9,2992.453485416469
10.91,2995.269767659194
10.92,2998.0724687849506
10.93,3000.8615458139034
10.94,3003.6369557662206
10.95,3006.398655662064
10.96,3009.1466025216023
10.97,3011.8807533649992
10.98,3014.6010652124205
10.99,3017.3074950840323
11.0,3020.0
11.01,3022.678525430661
11.02,3025.34297064704
11.03,3027.993223370336
11.04,3030.6291713217447
11.05,3033.250702222466
11.06,3035.857703793694
11.07,3038.450063756629
11.08,3041.027669832468
11.09,3043.590409742406
11.1,3046.138171207643
11.11,3048.6708419493766
11.12,3051.1883096888023
11.13,3053.690462147119
11.14,3056.177187045523
11.15,3058.648372105214
11.16,3061.1039050473864
11.17,3063.54367359324
11.18,3065.9675654639705
11.19,3068.3754683807765
11.2,3070.7672700648554
11.21,3073.1428582374056
11.22,3075.5021206196216
11.23,3077.844944932703
11.24,3080.171218897848
11.25,3082.480830236252
11.26,3084.773666669112
11.27,3087.0496159176287
11.28,3089.308565702997
11.29,3091.5504037464148
11.3,3093.77501776908
11.31,3095.9822954921888
11.32,3098.17212463694
11.33,3100.344392924532
11.34,3102.498988076158
11.35,3104.63579781302
11.36,3106.754709856314
11.37,3108.855611927236
11.38,3110.9383917469863
11.39,3113.0029370367592
11.4,3115.049135517754
11.41,3117.076874911169
11.42,3119.0860429381983
11.43,3121.0765273200427
11.44,3123.048215777898
11.45,3125.0009960329617
11.46,3126.9347558064323
11.47,3128.849382819505
11.48,3130.744764793381
11.49,3132.620789449253
11.5,3134.477344508322
11.51,3136.3143176917847
11.52,3138.1315967208384
11.53,3139.929069316679
11.54,3141.706623200507
11.55,3143.464146093517
11.56,3145.201525716907
11.57,3146.9186497918763
11.58,3148.61540603962
11.59,3150.291682181337
11.6,3151.947365938225
11.61,3153.58234503148
11.62,3155.1965071823
11.63,3156.789740111883
11.64,3158.361931541426
11.65,3159.912969192126
11.66,3161.4427407851827
11.67,3162.95113404179
11.68,3164.4380366831474
11.69,3165.9033364304523
11.7,3167.3469210049016
11.71,3168.7686781276943
11.72,3170.1684955200258
11.73,3171.546260903094
11.74,3172.901861998097
11.75,3174.2351865262326
11.76,3175.546122208697
11.77,3176.8345567666875
11.78,3178.100377921403
11.79,3179.3434733940403
11.8,3180.563730905797
11.81,3181.761038177869
11.82,3182.9352829314566
11.83,3184.0863528877544
11.84,3185.214135767962
11.85,3186.318519293275
11.86,3187.3993911848925
11.87,3188.456639164012
11.88,3189.4901509518286
11.89,3190.499814269542
11.9,3191.4855168383483
11.91,3192.447146379447
11.92,3193.384590614033
11.93,3194.297737263306
11.94,3195.1864740484607
11.95,3196.050688690697
11.96,3196.890268911212
11.97,3197.7051024312013
11.98,3198.495076971865
11.99,3199.260080254399
12.0,3200.0
12.01,3200.714795888025
12.02,3201.404715430456
12.03,3202.070078097436
12.04,3202.711203359106
12.05,3203.328410685607
12.06,3203.9220195470807
12.07,3204.4923494136697
12.08,3205.039719755515
12.09,3205.564450042757
12.1,3206.066859745538
12.11,3206.5472683339995
12.12,3207.0059952782835
12.13,3207.443360048532
12.14,3207.859682114884
12.15,3208.2552809474832
12.16,3208.6304760164708
12.17,3208.9855867919887
12.18,3209.320932744177
12.19,3209.636833343178
12.2,3209.933608059134
12.21,3210.2115763621846
12.22,3210.4710577224723
12.23,3210.71237161014
12.24,3210.935837495328
12.25,3211.1417748481763
12.26,3211.330503138829
12.27,3211.5023418374267
12.28,3211.65761041411
12.29,3211.796628339021
12.3,3211.919715082303
12.31,3212.0271901140954
12.32,3212.119372904539
12.33,3212.196582923778
12.34,3212.259139641951
12.35,3212.307362529202
12.36,3212.3415710556715
12.37,3212.362084691501
12.38,3212.369222906831
12.39,3212.363305171805
12.4,3212.344650956564
12.41,3212.3135797312484
12.42,3212.270410966001
12.43,3212.215464130962
12.44,3212.1490586962736
12.45,3212.071514132077
12.46,3211.9831499085158
12.47,3211.8842854957284
12.48,3211.7752403638583
12.49,3211.656333983046
12.5,3211.5278858234333
12.51,3211.390215355162
12.52,3211.243642048374
12.53,3211.088485373209
12.54,3210.9250647998115
12.55,3210.75369979832
12.56,3210.5747098388783
12.57,3210.388414391626
12.58,3210.195132926706
12.59,3209.9951849142594
12.6,3209.7888898244287
12.61,3209.576567127352
12.62,3209.358536293176
12.63,3209.135116792037
12.64,3208.906628094081
12.65,3208.673389669447
12.66,3208.435720988276
12.67,3208.193941520711
12.68,3207.948370736893
12.69,3207.699328106964
12.7,3207.447133101065
12.71,3207.192105189337
12.72,3206.9345638419227
12.73,3206.6748285289627
12.74,3206.4132187206
12.75,3206.150053886973
12.76,3205.8856534982265
12.77,3205.6203370245007
12.78,3205.3544239359367
12.79,3205.088233702676
12.8,3204.8220857948613
12.81,3204.556299682633
12.82,3204.2911948361334
12.83,3204.027090725503
12.84,3203.7643068208845
12.85,3203.503162592418
12.86,3203.2439775102466
12.87,3202.987071044511
12.88,3202.7327626653528
12.89,3202.481371842913
12.9,3202.2332180473336
12.91,3201.9886207487566
12.92,3201.7478994173234
12.93,3201.511373523175
12.94,3201.2793625364525
12.95,3201.052185927298
12.96,3200.8301631658533
12.97,3200.61361372226
12.98,3200.4028570666587
12.99,3200.1982126691914
13.0,3200.0
13.01,3199.8084710172416
13.02,3199.623607631137
13.03,3199.445324239922
13.04,3199.273535241834
13.05,3199.1081550351087
13.06,3198.9490980179826
13.07,3198.796278588693
13.08,3198.649611145476
13.09,3198.509010086568
13.1,3198.374389810205
13.11,3198.245664714625
13.12,3198.1227491980626
13.13,3198.005557658756
13.14,3197.8940044949404
13.15,3197.788004104853
13.16,3197.68747088673
13.17,3197.5923192388072
13.18,3197.502463559323
13.19,3197.417818246512
13.2,3197.338297698612
13.21,3197.2638163138586
13.22,3197.194288490489
13.23,3197.1296286267384
13.24,3197.069751120845
13.25,3197.014570371044
13.26,3196.9640007755725
13.27,3196.917956732667
13.28,3196.876352640564
13.29,3196.839102897499
13.3,3196.8061219017104
13.31,3196.777324051433
13.32,3196.752623744904
13.33,3196.7319353803605
13.34,3196.7151733560377
13.35,3196.702252070173
13.36,3196.6930859210024
13.37,3196.6875893067613
13.38,3196.685676625689
13.39,3196.68726227602
13.4,3196.692260655992
13.41,3196.7005861638395
13.42,3196.712153197801
13.43,3196.726876156112
13.44,3196.7446694370096
13.45,3196.765447438729
13.46,3196.789124559508
13.47,3196.8156151975827
13.48,3196.844833751189
13.49,3196.8766946185656
13.5,3196.911112197946
13.51,3196.9480008875685
13.52,3196.987275085669
13.53,3197.0288491904844
13.54,3197.0726376002503
13.55,3197.1185547132045
13.56,3197.1665149275827
13.57,3197.2164326416214
13.58,3197.268222253557
13.59,3197.321798161626
13.6,3197.377074764065
13.61,3197.4339664591107
13.62,3197.492387645
13.63,3197.552252719968
13.64,3197.6134760822533
13.65,3197.6759721300896
13.66,3197.739655261716
13.67,3197.8044398753677
13.68,3197.8702403692805
13.69,3197.936971141692
13.7,3198.0045465908397
13.71,3198.072881114957
13.72,3198.141889112284
13.73,3198.2114849810546
13.74,3198.2815831195057
13.75,3198.352097925875
13.76,3198.422943798398
13.77,3198.494035135312
13.78,3198.565286334852
13.79,3198.636611795256
13.8,3198.707925914759
13.81,3198.779143091599
13.82,3198.850177724012
13.83,3198.9209442102338
13.84,3198.9913569485025
13.85,3199.0613303370524
13.86,3199.1307787741216
13.87,3199.1996166579456
13.88,3199.267758386762
13.89,3199.3351183588065
13.9,3199.401610972316
13.91,3199.467150625526
13.92,3199.531651716676
13.93,3199.595028643998
13.94,3199.657195805731
13.95,3199.718067600112
13.96,3199.777558425376
13.97,3199.83558267976
13.98,3199.8920547615016
13.99,3199.946889068836
14.0,3200.0
14.01,3200.0513200430096
14.02,3200.1008540449984
14.03,3200.148624942878
14.04,3200.194655673561
14.05,3200.238969173961
14.06,3200.281588380989
14.07,3200.3225362315598
14.08,3200.361835662583
14.09,3200.399509610972
14.1,3200.435581013641
14.11,3200.4700728075013
14.12,3200.503007929465
14.13,3200.534409316446
14.14,3200.564299905355
14.15,3200.592702633106
14.16,3200.61964043661
14.17,3200.6451362527814
14.18,3200.6692130185324
14.19,3200.691893670774
14.2,3200.71320114642
14.21,3200.7331583823825
14.22,3200.751788315574
14.23,3200.769113882907
14.24,3200.785158021294
14.25,3200.799943667648
14.26,3200.8134937588816
14.27,3200.8258312319067
14.28,3200.836979023636
14.29,3200.8469600709814
14.3,3200.855797310857
14.31,3200.8635136801736
14.32,3200.8701321158446
14.33,3200.875675554783
14.34,3200.8801669339005
14.35,3200.88362919011
14.36,3200.886085260323
14.37,3200.8875580814533
14.38,3200.888070590413
14.39,3200.887645724115
14.4,3200.886306419471
14.41,3200.8840756133945
14.42,3200.8809762427973
14.43,3200.877031244592
14.44,3200.8722635556915
14.45,3200.866696113008
14.46,3200.8603518534537
14.47,3200.8532537139413
14.48,3200.8454246313845
14.49,3200.836887542694
14.5,3200.827665384783
14.51,3200.817781094565
14.52,3200.807257608951
14.53,3200.796117864855
14.54,3200.784384799188
14.55,3200.772081348863
14.56,3200.759230450793
14.57,3200.7458550418914
14.58,3200.7319780590688
14.59,3200.7176224392383
14.6,3200.702811119313
14.61,3200.6875670362047
14.62,3200.6719131268264
14.63,3200.655872328091
14.64,3200.63946757691
14.65,3200.6227218101967
14.66,3200.6056579648634
14.67,3200.5882989778224
14.68,3200.570667785986
14.69,3200.552787326268
14.7,3200.53468053558
14.71,3200.5163703508333
14.72,3200.497879708943
14.73,3200.47923154682
14.74,3200.4604488013765
14.75,3200.4415544095264
14.76,3200.422571308181
14.77,3200.403522434254
14.78,3200.384430724657
14.79,3200.365319116302
14.8,3200.346210546103
14.81,3200.327127950972
14.82,3200.3080942678207
14.83,3200.289132433561
14.84,3200.2702653851093
14.85,3200.251516059374
14.86,3200.2329073932688
14.87,3200.214462323707
14.88,3200.1962037876
14.89,3200.1781547218616
14.9,3200.160338063403
14.91,3200.1427767491377
14.92,3200.125493715979
14.93,3200.108511900837
14.94,3200.0918542406253
14.95,3200.075543672257
14.96,3200.059603132645
14.97,3200.0440555587
14.98,3200.028923887336
14.99,3200.014231055465
15.0,3200.0
15.01,3199.98624881072
15.02,3199.972976188871
15.03,3199.960175988568
15.04,3199.947842063923
15.05,3199.935968269049
15.06,3199.924548458062
15.07,3199.913576485073
15.08,3199.903046204196
15.09,3199.892951469544
15.1,3199.883286135232
15.11,3199.8740440553715
15.12,3199.865219084078
15.13,3199.8568050754634
15.14,3199.8487958836413
15.15,3199.841185362726
15.16,3199.83396736683
15.17,3199.827135750066
15.18,3199.8206843665503
15.19,3199.814607070393
15.2,3199.80889771571
15.21,3199.803550156613
15.22,3199.7985582472165
15.23,3199.793915841634
15.24,3199.7896167939784
15.25,3199.785654958363
15.26,3199.7820241889017
15.27,3199.778718339708
15.28,3199.775731264894
15.29,3199.7730568185752
15.3,3199.770688854864
15.31,3199.7686212278736
15.32,3199.766847791718
15.33,3199.76536240051
15.34,3199.764158908364
15.35,3199.763231169392
15.36,3199.7625730377085
15.37,3199.762178367426
15.38,3199.762041012659
15.39,3199.762154827521
15.4,3199.762513666125
15.41,3199.763111382584
15.42,3199.763941831012
15.43,3199.7649988655216
15.44,3199.766276340228
15.45,3199.767768109242
15.46,3199.769468026679
15.47,3199.7713699466526
15.48,3199.7734677232747
15.49,3199.77575521066
15.5,3199.778226262921
15.51,3199.7808747341733
15.52,3199.783694478527
15.53,3199.786679350098
15.54,3199.7898232029997
15.55,3199.7931198913434
15.56,3199.7965632692444
15.57,3199.800147190816
15.58,3199.80386551017
15.59,3199.8077120814223
15.6,3199.811680758685
15.61,3199.815765396071
15.62,3199.819959847695
15.63,3199.82425796767
15.64,3199.828653610109
15.65,3199.833140629126
15.66,3199.8377128788334
15.67,3199.8423642133457
15.68,3199.847088486776
15.69,3199.8518795532377
15.7,3199.8567312668447
15.71,3199.861637481709
15.72,3199.8665920519456
15.73,3199.871588831667
15.74,3199.8766216749877
15.75,3199.8816844360194
15.76,3199.8867709688766
15.77,3199.8918751276733
15.78,3199.896990766522
15.79,3199.9021117395364
15.8,3199.90723190083
15.81,3199.912345104516
15.82,3199.917445204708
15.83,3199.92252605552
15.84,3199.9275815110645
15.85,3199.9326054254548
15.86,3199.937591652805
15.87,3199.942534047229
15.88,3199.9474264628384
15.89,3199.952262753748
15.9,3199.957036774072
15.91,3199.961742377922
15.92,3199.966373419413
15.93,3199.9709237526577
15.94,3199.975387231769
15.95,3199.979757710861
15.96,3199.984029044047
15.97,3199.988195085441
15.98,3199.992249689155
15.99,3199.9961867093034
16.0,3200.0
16.01,3200.003684714111
16.02,3200.007241199517
16.03,3200.0106711028507
16.04,3200.013976070749
16.05,3200.017157749842
16.06,3200.020217786765
16.07,3200.0231578281523
16.08,3200.0259795206366
16.09,3200.028684510852
16.1,3200.031274445433
16.11,3200.033750971012
16.12,3200.0361157342245
16.13,3200.0383703817024
16.14,3200.0405165600805
16.15,3200.042555915993
16.16,3200.0444900960724
16.17,3200.0463207469534
16.18,3200.0480495152697
16.19,3200.049678047654
16.2,3200.051207990742
16.21,3200.052640991166
16.22,3200.05397869556
16.23,3200.0552227505573
16.24,3200.056374802793
16.25,3200.0574364989
16.26,3200.058409485512
16.27,3200.059295409263
16.28,3200.0600959167878
16.29,3200.060812654717
16.3,3200.061447269688
16.31,3200.0620014083324
16.32,3200.062476717284
16.33,3200.0628748431773
16.34,3200.063197432647
16.35,3200.063446132325
16.36,3200.0636225888456
16.37,3200.063728448842
16.38,3200.063765358949
16.39,3200.063734965801
16.4,3200.0636389160304
16.41,3200.063478856272
16.42,3200.063256433158
16.43,3200.062973293324
16.44,3200.0626310834014
16.45,3200.0622314500265
16.46,3200.061776039832
16.47,3200.0612664994505
16.48,3200.060704475518
16.49,3200.060091614667
16.5,3200.0594295635306
16.51,3200.0587199687448
16.52,3200.0579644769405
16.53,3200.0571647347533
16.54,3200.056322388817
16.55,3200.055439085765
16.56,3200.0545164722307
16.57,3200.053556194848
16.58,3200.052559900251
16.59,3200.0515292350733
16.6,3200.050465845949
16.61,3200.0493713795104
16.62,3200.048247482393
16.63,3200.0470958012293
16.64,3200.045917982655
16.65,3200.0447156733017
16.66,3200.0434905198044
16.67,3200.0422441687947
16.68,3200.0409782669103
16.69,3200.039694460781
16.7,3200.038394397044
16.71,3200.0370797223304
16.72,3200.035752083275
16.73,3200.034413126512
16.74,3200.0330644986734
16.75,3200.0317078463954
16.76,3200.030344816311
16.77,3200.028977055053
16.78,3200.027606209255
16.79,3200.0262339255523
16.8,3200.024861850577
16.81,3200.023491630965
16.82,3200.0221249133474
16.83,3200.02076334436
16.84,3200.019408570636
16.85,3200.0180622388084
16.86,3200.016725995512
16.87,3200.0154014873806
16.88,3200.014090361047
16.89,3200.0127942631448
16.9,3200.011514840309
16.91,3200.010253739173
16.92,3200.009012606371
16.93,3200.0077930885354
16.94,3200.0065968323006
16.95,3200.0054254843003
16.96,3200.0042806911683
16.97,3200.003164099538
16.98,3200.0020773560445
16.99,3200.0010221073203
17.0,3200.0
17.01,3199.999012332836
17.02,3199.9980590130604
17.03,3199.997139600025
17.04,3199.996253653083
17.05,3199.995400731584
17.06,3199.994580394879
17.07,3199.99379220232
17.08,3199.99303571326
17.09,3199.992310487048
17.1,3199.991616083038
17.11,3199.99095206058
17.12,3199.9903179790263
17.13,3199.989713397728
17.14,3199.989137876036
17.15,3199.9885909733034
17.16,3199.988072248881
17.17,3199.9875812621203
17.18,3199.9871175723724
17.19,3199.986680738989
17.2,3199.986270321323
17.21,3199.9858858787243
17.22,3199.9855269705445
17.23,3199.985193156136
17.24,3199.984883994848
17.25,3199.984599046036
17.26,3199.984337869049
17.27,3199.984100023239
17.28,3199.983885067957
17.29,3199.9836925625555
17.3,3199.983522066385
17.31,3199.9833731387976
17.32,3199.983245339145
17.33,3199.9831382267785
17.34,3199.9830513610505
17.35,3199.982984301311
17.36,3199.982936606911
17.37,3199.9829078372045
17.38,3199.9828975515416
17.39,3199.982905309273
17.4,3199.982930669753
17.41,3199.98297319233
17.42,3199.983032436358
17.43,3199.9831079611868
17.44,3199.983199326168
17.45,3199.9833060906544
17.46,3199.9834278139965
17.47,3199.983564055546
17.48,3199.9837143746545
17.49,3199.9838783306745
17.5,3199.984055482955
17.51,3199.984245390851
17.52,3199.9844476137105
17.53,3199.9846617108874
17.54,3199.984887241733
17.55,3199.985123765597
17.56,3199.9853708418336
17.57,3199.9856280297927
17.58,3199.985894888826
17.59,3199.9861709782854
17.6,3199.986455857522
17.61,3199.986749085887
17.62,3199.987050222733
17.63,3199.987358827411
17.64,3199.987674459272
17.65,3199.987996677669
17.66,3199.988325041952
17.67,3199.9886591114728
17.68,3199.9889984455835
17.69,3199.989342603635
17.7,3199.9896911449805
17.71,3199.9900436289686
17.72,3199.9903996149533
17.73,3199.990758662285
17.74,3199.991120330316
17.75,3199.9914841783966
17.76,3199.99184976588
17.77,3199.9922166521164
17.78,3199.992584396457
17.79,3199.9929525582543
17.8,3199.993320696861
17.81,3199.993688371626
17.82,3199.9940551419013
17.83,3199.99442056704
17.84,3199.9947842063925
17.85,3199.995145619311
17.86,3199.995504365146
17.87,3199.995860003251
17.88,3199.996212092976
17.89,3199.996560193671
17.9,3199.996903864691
17.91,3199.997242665385
17.92,3199.997576155105
17.93,3199.997903893204
17.94,3199.998225439031
17.95,3199.99854035194
17.96,3199.998848191281
17.97,3199.999148516406
17.98,3199.999440886667
17.99,3199.9997248614145
18.0,3200.0
18.01,3200.0002659545453
18.02,3200.0005227482397
18.03,3200.0007704970444
18.04,3200.0010093169194
18.05,3200.0012393238253
18.06,3200.001460633722
18.07,3200.00167336257
18.08,3200.001877626328
18.09,3200.002073540957
18.1,3200.002261222417
18.11,3200.002440786669
18.12,3200.0026123496737
18.13,3200.002776027388
18.14,3200.0029319357745
18.15,3200.0030801907933
18.16,3200.003220908404
18.17,3200.003354204566
18.18,3200.0034801952406
18.19,3200.003598996388
18.2,3200.003710723968
18.21,3200.003815493939
18.22,3200.003913422264
18.23,3200.0040046249014
18.24,3200.004089217812
18.25,3200.004167316955
18.26,3200.004239038292
18.27,3200.004304497782
18.28,3200.0043638113857
18.29,3200.0044170950623
18.3,3200.004464464773
18.31,3200.004506036478
18.32,3200.0045419261355
18.33,3200.0045722497084
18.34,3200.0045971231552
18.35,3200.004616662436
18.36,3200.004630983512
18.37,3200.004640202341
18.38,3200.004644434885
18.39,3200.004643797105
18.4,3200.0046384049588
18.41,3200.004628374408
18.42,3200.0046138214134
18.43,3200.0045948619327
18.44,3200.004571611928
18.45,3200.0045441873585
18.46,3200.004512704185
18.47,3200.0044772783663
18.48,3200.0044380258646
18.49,3200.0043950626387
18.5,3200.0043485046485
18.51,3200.0042984678557
18.52,3200.0042450682186
18.53,3200.004188421698
18.54,3200.004128644254
18.55,3200.004065851847
18.56,3200.0040001604366
18.57,3200.0039316859834
18.58,3200.0038605444474
18.59,3200.0037868517884
18.6,3200.0037107239677
18.61,3200.003632276944
18.62,3200.003551626677
18.63,3200.0034688891287
18.64,3200.0033841802583
18.65,3200.003297616026
18.66,3200.0032093123914
18.67,3200.003119385315
18.68,3200.003027950757
18.69,3200.0029351246776
18.7,3200.002841023037
18.71,3200.0027457617957
18.72,3200.0026494569124
18.73,3200.0025522243486
18.74,3200.002454180064
18.75,3200.002355440018
18.76,3200.002256120172
18.77,3200.0021563364858
18.78,3200.002056204919
18.79,3200.0019558414306
18.8,3200.001855361984
18.81,3200.001754882536
18.82,3200.0016545190488
18.83,3200.0015543874824
18.84,3200.0014546037955
18.85,3200.001355283949
18.86,3200.001256543903
18.87,3200.001158499619
18.88,3200.001061267055
18.89,3200.000964962172
18.9,3200.0008697009307
18.91,3200.0007755992897
18.92,3200.0006827732104
18.93,3200.000591338652
18.94,3200.000501411576
18.95,3200.000413107942
18.96,3200.000326543709
18.97,3200.000241834839
18.98,3200.00015909729
18.99,3200.0000784470244
19.0,3200.0
19.01,3199.9999238489863
19.02,3199.999849993984
19.03,3199.999778411799
19.04,3199.9997090792413
19.05,3199.999641973118
19.06,3199.999577070236
19.07,3199.999514347405
19.08,3199.999453781432
19.09,3199.9993953491257
19.1,3199.999339027294
19.11,3199.999284792744
19.12,3199.9992326222846
19.13,3199.999182492722
19.14,3199.9991343808665
19.15,3199.9990882635257
19.16,3199.999044117506
19.17,3199.999001919617
19.18,3199.9989616466664
19.19,3199.998923275462
19.2,3199.9988867828097
19.21,3199.998852145521
19.22,3199.998819340402
19.23,3199.9987883442614
19.24,3199.998759133906
19.25,3199.998731686145
19.26,3199.998705977785
19.27,3199.998681985635
19.28,3199.9986596865037
19.29,3199.998639057197
19.3,3199.998620074525
19.31,3199.998602715295
19.32,3199.998586956314
19.33,3199.99857277439
19.34,3199.9985601463327
19.35,3199.9985490489494
19.36,3199.9985394590462
19.37,3199.9985313534344
19.38,3199.9985247089194
19.39,3199.99851950231
19.4,3199.9985157104134
19.41,3199.9985133100386
19.42,3199.998512277994
19.43,3199.998512591086
19.44,3199.998514226124
19.45,3199.9985171599155
19.46,3199.998521369268
19.47,3199.998526830989
19.48,3199.9985335218885
19.49,3199.998541418773
19.5,3199.99855049845
19.51,3199.99856073773
19.52,3199.998572113418
19.53,3199.9985846023237
19.54,3199.998598181254
19.55,3199.998612827017
19.56,3199.9986285164223
19.57,3199.998645226276
19.58,3199.998662933386
19.59,3199.998681614564
19.6,3199.998701246612
19.61,3199.998721806342
19.62,3199.998743270561
19.63,3199.998765616077
19.64,3199.998788819697
19.65,3199.9988128582318
19.66,3199.9988377084856
19.67,3199.9988633472685
19.68,3199.998889751389
19.69,3199.998916897655
19.7,3199.9989447628723
19.71,3199.998973323851
19.72,3199.999002557399
19.73,3199.9990324403225
19.74,3199.999062949431
19.75,3199.999094061532
19.76,3199.999125753434
19.77,3199.9991580019446
19.78,3199.999190783872
19.79,3199.9992240760225
19.8,3199.999257855207
19.81,3199.999292098232
19.82,3199.9993267819045
19.83,3199.999361883035
19.84,3199.999397378428
19.85,3199.9994332448946
19.86,3199.999469459241
19.87,3199.999505998276
19.88,3199.999542838808
19.89,3199.999579957644
19.9,3199.9996173315917
19.91,3199.99965493746
19.92,3199.999692752056
19.93,3199.9997307521885
19.94,3199.9997689146653
19.95,3199.999807216295
19.96,3199.999845633884
19.97,3199.99988414424
19.98,3199.999922724174
19.99,3199.9999613504915
20.0,3200.0
20.01,3200.00003864951
20.02,3200.0000772758267
20.03,3200.0001158557607
20.04,3200.0001543661174
20.05,3200.000192783707
20.06,3200.000231085335
20.07,3200.000269247812
20.08,3200.000307247945
20.09,3200.000345062542
20.1,3200.0003826684097
20.11,3200.0004200423573
20.12,3200.000457161193
20.13,3200.0004940017243
20.14,3200.00053054076
20.15,3200.000566755107
20.16,3200.000602621573
20.17,3200.000638116967
20.18,3200.0006732180964
20.19,3200.0007079017696
20.2,3200.000742144794
20.21,3200.000775923978
20.22,3200.0008092161293
20.23,3200.0008419980563
20.24,3200.000874246567
20.25,3200.000905938469
20.26,3200.0009370505704
20.27,3200.000967559679
20.28,3200.000997442603
20.29,3200.0010266761496
20.3,3200.0010552371286
20.31,3200.001083102347
20.32,3200.0011102486114
20.33,3200.0011366527315
20.34,3200.001162291515
20.35,3200.00118714177
20.36,3200.0012111803035
20.37,3200.0012343839235
20.38,3200.00125672944
20.39,3200.0012781936584
20.4,3200.001298753389
20.41,3200.001318385438
20.42,3200.001337066614
20.43,3200.0013547737253
20.44,3200.0013714835786
20.45,3200.0013871729834
20.46,3200.001401818747
20.47,3200.0014153976776
20.48,3200.001427886583
20.49,3200.001439262271
20.5,3200.0014495015503
20.51,3200.001458581228
20.52,3200.001466478112
20.53,3200.001473169012
20.54,3200.001478630733
20.55,3200.0014828400854
20.56,3200.001485773877
20.57,3200.0014874089147
20.58,3200.001487722008
20.59,3200.001486689961
20.6,3200.001484289587
20.61,3200.001480497692
20.62,3200.001475291081
20.63,3200.001468646566
20.64,3200.0014605409533
20.65,3200.001450951051
20.66,3200.001439853668
20.67,3200.00142722561
20.68,3200.0014130436866
20.69,3200.0013972847064
20.7,3200.001379925476
20.71,3200.001360942804
20.72,3200.001340313497
20.73,3200.001318014365
20.74,3200.001294022216
20.75,3200.001268313856
20.76,3200.001240866095
20.77,3200.00121165574
20.78,3200.0011806595985
20.79,3200.0011478544798
20.8,3200.0011132171903
20.81,3200.0010767245394
20.82,3200.001038353334
20.83,3200.0009980803834
20.84,3200.000955882494
20.85,3200.0009117364752
20.86,3200.000865619133
20.87,3200.000817507278
20.88,3200.0007673777163
20.89,3200.0007152072567
20.9,3200.000660972707
20.91,3200.0006046508743
20.92,3200.000546218568
20.93,3200.000485652595
20.94,3200.0004229297647
20.95,3200.0003580268826
20.96,3200.0002909207587
20.97,3200.000221588201
20.98,3200.000150006016
20.99,3200.0000761510137
21.0,3200.0
