wind_speed,Windspot 7.5Kw
1.0,0.0
1.01,0.0
1.02,0.0
1.03,0.0
1.04,0.0
1.05,0.0
1.06,0.0
1.07,0.0
1.08,0.0
1.09,0.0
1.1,0.0
1.11,0.0
1.12,0.0
1.13,0.0
1.14,0.0
1.15,0.0
1.16,0.0
1.17,0.0
1.18,0.0
1.19,0.0
1.2,0.0
1.21,0.0
1.22,0.0
1.23,0.0
1.24,0.0
1.25,0.0
1.26,0.0
1.27,0.0
1.28,0.0
1.29,0.0
1.3,0.0
1.31,0.0
1.32,0.0
1.33,0.0
1.34,0.0
1.35,0.0
1.36,0.0
1.37,0.0
1.38,0.0
1.39,0.0
1.4,0.0
1.41,0.0
1.42,0.0
1.43,0.0
1.44,0.0
1.45,0.0
1.46,0.0
1.47,0.0
1.48,0.0
1.49,0.0
1.5,0.0
1.51,0.0
1.52,0.0
1.53,0.0
1.54,0.0
1.55,0.0
1.56,0.0
1.57,0.0
1.58,0.0
1.59,0.0
1.6,0.0
1.61,0.0
1.62,0.0
1.63,0.0
1.64,0.0
1.65,0.0
1.66,0.0
1.67,0.0
1.68,0.0
1.69,0.0
1.7,0.0
1.71,0.0
1.72,0.0
1.73,0.0
1.74,0.0
1.75,0.0
1.76,0.0
1.77,0.0
1.78,0.0
1.79,0.0
1.8,0.0
1.81,0.0
1.82,0.0
1.83,0.0
1.84,0.0
1.85,0.0
1.86,0.0
1.87,0.0
1.88,0.0
1.89,0.0
1.9,0.0
1.91,0.0
1.92,0.0
1.93,0.0
1.94,0.0
1.95,0.0
1.96,0.0
1.97,0.0
1.98,0.0
1.99,0.0
2.0,0.0
2.01,0.0017776340950774
2.02,0.0035799590787868
2.03,0.0054066658397598
2.04,0.0072574452666283
2.05,0.0091319882480239
2.06,0.0110299856725788
2.07,0.0129511284289244
2.08,0.0148951074056929
2.09,0.0168616134915158
2.1,0.0188503375750251
2.11,0.0208609705448525
2.12,0.02289320328963
2.13,0.0249467266979892
2.14,0.0270212316585621
2.15,0.0291164090599803
2.16,0.0312319497908759
2.17,0.0333675447398805
2.18,0.035522884795626
2.19,0.0376976608467442
2.2,0.0398915637818669
2.21,0.0421042844896259
2.22,0.0443355138586532
2.23,0.0465849427775803
2.24,0.0488522621350393
2.25,0.0511371628196617
2.26,0.0534393357200797
2.27,0.0557584717249249
2.28,0.0580942617228291
2.29,0.0604463966024242
2.3,0.062814567252342
2.31,0.0651984645612143
2.32,0.0675977794176729
2.33,0.0700122027103496
2.34,0.0724414253278763
2.35,0.0748851381588848
2.36,0.0773430320920068
2.37,0.0798147980158743
2.38,0.0823001268191189
2.39,0.0847987093903726
2.4,0.0873102366182671
2.41,0.0898343993914343
2.42,0.092370888598506
2.43,0.094919395128114
2.44,0.09747960986889
2.45,0.1000512237094662
2.46,0.1026339275384738
2.47,0.1052274122445453
2.48,0.1078313687163119
2.49,0.1104454878424059
2.5,0.1130694605114588
2.51,0.1157029776121026
2.52,0.1183457300329691
2.53,0.1209974086626899
2.54,0.1236577043898971
2.55,0.1263263081032223
2.56,0.1290029106912976
2.57,0.1316872030427545
2.58,0.134378876046225
2.59,0.1370776205903408
2.6,0.1397831275637339
2.61,0.1424950878550358
2.62,0.1452131923528787
2.63,0.1479371319458942
2.64,0.1506665975227141
2.65,0.1534012799719702
2.66,0.1561408701822946
2.67,0.1588850590423187
2.68,0.1616335374406747
2.69,0.164385996265994
2.7,0.1671421264069089
2.71,0.1699016187520507
2.72,0.1726641641900517
2.73,0.1754294536095434
2.74,0.1781971778991578
2.75,0.1809670279475265
2.76,0.1837386946432814
2.77,0.1865118688750546
2.78,0.1892862415314775
2.79,0.1920615035011822
2.8,0.1948373456728003
2.81,0.1976134589349639
2.82,0.2003895341763044
2.83,0.2031652622854542
2.84,0.2059403341510446
2.85,0.2087144406617076
2.86,0.211487272706075
2.87,0.2142585211727787
2.88,0.2170278769504503
2.89,0.2197950309277219
2.9,0.2225596739932251
2.91,0.225321497035592
2.92,0.228080190943454
2.93,0.2308354466054433
2.94,0.2335869549101914
2.95,0.2363344067463303
2.96,0.2390774930024918
2.97,0.2418159045673077
2.98,0.2445493323294098
2.99,0.24727746717743
3.0,0.25
3.01,0.2527167307971198
3.02,0.2554278960142622
3.03,0.2581338412082681
3.04,0.2608349119359786
3.05,0.2635314537542341
3.06,0.2662238122198761
3.07,0.2689123328897451
3.08,0.2715973613206824
3.09,0.2742792430695285
3.1,0.2769583236931247
3.11,0.2796349487483115
3.12,0.2823094637919303
3.13,0.2849822143808215
3.14,0.2876535460718265
3.15,0.2903238044217859
3.16,0.2929933349875409
3.17,0.2956624833259319
3.18,0.2983315949938004
3.19,0.3010010155479869
3.2,0.3036710905453326
3.21,0.3063421655426783
3.22,0.3090145860968649
3.23,0.3116886977647332
3.24,0.3143648461031245
3.25,0.3170433766688794
3.26,0.3197246350188386
3.27,0.3224089667098437
3.28,0.3250967172987349
3.29,0.3277882323423537
3.3,0.3304838573975405
3.31,0.3331839380211366
3.32,0.3358888197699828
3.33,0.33859884820092
3.34,0.3413143688707891
3.35,0.3440357273364312
3.36,0.3467632691546867
3.37,0.3494973398823971
3.38,0.3522382850764029
3.39,0.3549864502935455
3.4,0.3577421810906652
3.41,0.3605058230246035
3.42,0.3632777216522009
3.43,0.3660582225302985
3.44,0.3688476712157371
3.45,0.3716464132653579
3.46,0.3744547942360014
3.47,0.377273159684509
3.48,0.3801018551677211
3.49,0.3829412262424789
3.5,0.3857916184656233
3.51,0.3886533773939952
3.52,0.3915268485844357
3.53,0.3944123775937853
3.54,0.3973103099788854
3.55,0.4002209912965763
3.56,0.4031447671036995
3.57,0.4060819829570957
3.58,0.4090329844136059
3.59,0.4119981170300709
3.6,0.4149777263633317
3.61,0.4179721579702289
3.62,0.4209817574076039
3.63,0.4240068702322974
3.64,0.4270478420011503
3.65,0.4301050182710035
3.66,0.4331787445986981
3.67,0.4362693665410745
3.68,0.4393772296549744
3.69,0.442502679497238
3.7,0.4456460616247067
3.71,0.4488077215942211
3.72,0.4519880049626224
3.73,0.4551872572867512
3.74,0.4584058241234489
3.75,0.4616440510295557
3.76,0.4649022835619131
3.77,0.468180867277362
3.78,0.4714801477327429
3.79,0.4748004704848971
3.8,0.4781421810906652
3.81,0.4815056251068885
3.82,0.4848911480904077
3.83,0.4882990955980638
3.84,0.4917298131866975
3.85,0.4951836464131499
3.86,0.4986609408342619
3.87,0.5021620420068745
3.88,0.5056872954878284
3.89,0.5092370468339646
3.9,0.5128116416021242
3.91,0.516411425349148
3.92,0.5200367436318767
3.93,0.5236879420071516
3.94,0.5273653660318132
3.95,0.5310693612627029
3.96,0.534800273256661
3.97,0.5385584475705291
3.98,0.5423442297611476
3.99,0.5461579653853577
4.0,0.55
4.01,0.553870611751839
4.02,0.5577698091473318
4.03,0.5616975332828589
4.04,0.5656537252548001
4.05,0.5696383261595361
4.06,0.5736512770934472
4.07,0.5776925191529144
4.08,0.5817619934343172
4.09,0.5858596410340361
4.1,0.5899854030484519
4.11,0.594139220573945
4.12,0.5983210347068952
4.13,0.6025307865436831
4.14,0.6067684171806893
4.15,0.6110338677142942
4.16,0.6153270792408777
4.17,0.6196479928568205
4.18,0.623996549658503
4.19,0.6283726907423058
4.2,0.6327763572046085
4.21,0.6372074901417922
4.22,0.6416660306502369
4.23,0.6461519198263235
4.24,0.6506650987664316
4.25,0.6552055085669419
4.26,0.6597730903242349
4.27,0.6643677851346906
4.28,0.6689895340946904
4.29,0.6736382783006133
4.3,0.6783139588488404
4.31,0.6830165168357519
4.32,0.6877458933577287
4.33,0.6925020295111504
4.34,0.6972848663923973
4.35,0.7020943450978504
4.36,0.7069304067238903
4.37,0.7117929923668963
4.38,0.7166820431232496
4.39,0.72159750008933
4.4,0.7265393043615188
4.41,0.7315073970361956
4.42,0.7365017192097405
4.43,0.7415222119785345
4.44,0.7465688164389582
4.45,0.7516414736873912
4.46,0.7567401248202142
4.47,0.7618647109338076
4.48,0.7670151731245521
4.49,0.7721914524888275
4.5,0.7773934901230141
4.51,0.7826212271234929
4.52,0.7878746045866437
4.53,0.7931535636088477
4.54,0.7984580452864843
4.55,0.8037879907159342
4.56,0.8091433409935779
4.57,0.8145240372157959
4.58,0.8199300204789682
4.59,0.8253612318794753
4.6,0.8308176125136975
4.61,0.8362991034780158
4.62,0.8418056458688097
4.63,0.8473371807824599
4.64,0.8528936493153467
4.65,0.8584749925638512
4.66,0.8640811516243524
4.67,0.8697120675932317
4.68,0.875367681566869
4.69,0.8810479346416453
4.7,0.8867527679139404
4.71,0.8924821224801344
4.72,0.8982359394366083
4.73,0.9040141598797428
4.74,0.9098167249059168
4.75,0.915643575611512
4.76,0.921494653092908
4.77,0.927369898446486
4.78,0.933269252768626
4.79,0.939192657155708
4.8,0.9451400527041124
4.81,0.95111138051022
4.82,0.9571065816704112
4.83,0.963125597281066
4.84,0.9691683684385646
4.85,0.975234836239288
4.86,0.9813249417796168
4.87,0.98743862615593
4.88,0.9935758304646092
4.89,0.999736495802034
4.9,1.0059205632645858
4.91,1.0121279739486435
4.92,1.0183586689505888
4.93,1.0246125893668014
4.94,1.030889676293662
4.95,1.0371898708275509
4.96,1.043513114064848
4.97,1.049859347101934
4.98,1.05622851103519
4.99,1.062620546960995
5.0,1.0690353959757302
5.01,1.075472999175776
5.02,1.081933297657512
5.03,1.08841623251732
5.04,1.094921744851579
5.05,1.10144977575667
5.06,1.1080002663289734
5.07,1.11457315766487
5.08,1.1211683908607388
5.09,1.127785907012961
5.1,1.1344256472179168
5.11,1.1410875525719877
5.12,1.1477715641715525
5.13,1.154477623112992
5.14,1.1612056704926867
5.15,1.167955647407018
5.16,1.174727494952364
5.17,1.1815211542251072
5.18,1.1883365663216263
5.19,1.1951736723383035
5.2,1.202032413371518
5.21,1.2089127305176497
5.22,1.2158145648730798
5.23,1.2227378575341894
5.24,1.229682549597357
5.25,1.2366485821589634
5.26,1.2436358963153906
5.27,1.250644433163017
5.28,1.257674133798225
5.29,1.2647249393173927
5.3,1.2717967908169023
5.31,1.2788896293931329
5.32,1.2860033961424662
5.33,1.2931380321612815
5.34,1.3002934785459586
5.35,1.3074696763928793
5.36,1.314666566798424
5.37,1.321884090858972
5.38,1.329122189670904
5.39,1.3363808043306
5.4,1.3436598759344425
5.41,1.3509593455788087
5.42,1.3582791543600814
5.43,1.3656192433746397
5.44,1.3729795537188645
5.45,1.380360026489136
5.46,1.3877606027818348
5.47,1.3951812236933403
5.48,1.4026218303200348
5.49,1.410082363758297
5.5,1.4175627651045075
5.51,1.4250629754550472
5.52,1.4325829359062965
5.53,1.4401225875546355
5.54,1.4476818714964446
5.55,1.4552607288281036
5.56,1.4628591006459934
5.57,1.4704769280464955
5.58,1.4781141521259884
5.59,1.485770713980853
5.6,1.49344655470747
5.61,1.5011416154022204
5.62,1.508855837161483
5.63,1.516589161081639
5.64,1.524341528259069
5.65,1.5321128797901542
5.66,1.5399031567712729
5.67,1.5477123002988065
5.68,1.555540251469135
5.69,1.5633869513786405
5.7,1.571252341123701
5.71,1.5791363618006975
5.72,1.5870389545060113
5.73,1.5949600603360228
5.74,1.6028996203871106
5.75,1.6108575757556571
5.76,1.6188338675380414
5.77,1.6268284368306445
5.78,1.6348412247298472
5.79,1.6428721723320283
5.8,1.6509212207335695
5.81,1.6589883110308503
5.82,1.6670733843202528
5.83,1.675176381698155
5.84,1.6832972442609386
5.85,1.691435913104984
5.86,1.699592329326672
5.87,1.7077664340223813
5.88,1.7159581682884937
5.89,1.7241674732213887
5.9,1.7323942899174485
5.91,1.740638559473051
5.92,1.7489002229845771
5.93,1.7571792215484083
5.94,1.7654754962609251
5.95,1.7737889882185065
5.96,1.7821196385175333
5.97,1.790467388254387
5.98,1.798832178525447
5.99,1.8072139504270928
6.0,1.8156126450557064
6.01,1.824028203507668
6.02,1.8324605668793563
6.03,1.840909676267154
6.04,1.84937547276744
6.05,1.8578578974765945
6.06,1.8663568914909985
6.07,1.874872395907033
6.08,1.8834043518210768
6.09,1.891952700329511
6.1,1.9005173825287165
6.11,1.9090983395150731
6.12,1.9176955123849613
6.13,1.9263088422347612
6.14,1.934938270160854
6.15,1.9435837372596196
6.16,1.9522451846274376
6.17,1.960922553360689
6.18,1.969615784555755
6.19,1.9783248193090148
6.2,1.987049598716849
6.21,1.9957900638756376
6.22,2.004546155881762
6.23,2.013317815831603
6.24,2.022104984821539
6.25,2.0309076039479512
6.26,2.039725614307221
6.27,2.048558956995727
6.28,2.057407573109852
6.29,2.066271403745973
6.3,2.075150390000474
6.31,2.0840444729697323
6.32,2.092953593750131
6.33,2.1018776934380483
6.34,2.1108167131298647
6.35,2.1197705939219618
6.36,2.12873927691072
6.37,2.1377227031925186
6.38,2.146720813863738
6.39,2.1557335500207597
6.4,2.164760852759963
6.41,2.173802663177729
6.42,2.182858922370437
6.43,2.191929571434468
6.44,2.201014551466203
6.45,2.2101138035620225
6.46,2.219227268818305
6.47,2.2283548883314324
6.48,2.2374966031977856
6.49,2.246652354513744
6.5,2.2558220833756857
6.51,2.265005730879996
6.52,2.2742032381230515
6.53,2.283414546201235
6.54,2.292639596210925
6.55,2.3018783292485017
6.56,2.311130686410348
6.57,2.3203966087928416
6.58,2.3296760374923635
6.59,2.3389689136052945
6.6,2.348275178228016
6.61,2.357594772456906
6.62,2.366927637388347
6.63,2.3762737141187182
6.64,2.3856329437444
6.65,2.395005267361774
6.66,2.4043906260672188
6.67,2.413788960957115
6.68,2.4232002131278443
6.69,2.432624323675787
6.7,2.442061233697322
6.71,2.45151088428883
6.72,2.4609732165466927
6.73,2.470448171567289
6.74,2.479935690447001
6.75,2.4894357142822066
6.76,2.4989481841692887
6.77,2.508473041204625
6.78,2.5180102264845994
6.79,2.5275596811055885
6.8,2.5371213461639748
6.81,2.546695162756138
6.82,2.5562810719784603
6.83,2.5658790149273187
6.84,2.575488932699097
6.85,2.5851107663901725
6.86,2.594744457096928
6.87,2.604389945915743
6.88,2.614047173942996
6.89,2.6237160822750707
6.9,2.633396612008347
6.91,2.6430887042392026
6.92,2.6527923000640192
6.93,2.662507340579178
6.94,2.6722337668810594
6.95,2.6819715200660426
6.96,2.6917205412305085
6.97,2.701480771470837
6.98,2.7112521518834107
6.99,2.721034623564607
7.0,2.730828127610807
7.01,2.7406326051183925
7.02,2.750447997183742
7.03,2.7602742449032376
7.04,2.77011128937326
7.05,2.7799590716901865
7.06,2.7898175329504
7.07,2.7996866142502816
7.08,2.8095662566862094
7.09,2.8194564013545644
7.1,2.8293569893517274
7.11,2.8392679617740795
7.12,2.849189259718
7.13,2.859120824279869
7.14,2.869062596556068
7.15,2.879014517642977
7.16,2.888976528636975
7.17,2.8989485706344444
7.18,2.908930584731764
7.19,2.9189225120253166
7.2,2.928924293611479
7.21,2.938935870586634
7.22,2.948957184047162
7.23,2.9589881750894427
7.24,2.9690287848098555
7.25,2.979078954304783
7.26,2.989138624670603
7.27,2.9992077370036982
7.28,3.009286232400448
7.29,3.019374051957233
7.3,3.0294711367704323
7.31,3.039577427936428
7.32,3.0496928665516005
7.33,3.0598173937123283
7.34,3.069950950514994
7.35,3.0800934780559754
7.36,3.090244917431656
7.37,3.1004052097384136
7.38,3.1105742960726297
7.39,3.120752117530684
7.4,3.1309386152089598
7.41,3.1411337302038325
7.42,3.151337403611685
7.43,3.1615495765288983
7.44,3.171770190051853
7.45,3.181999185276927
7.46,3.192236503300503
7.47,3.202482085218961
7.48,3.2127358721286816
7.49,3.222997805126043
7.5,3.2332678253074283
7.51,3.243545873769215
7.52,3.253831891607787
7.53,3.264125819919524
7.54,3.274427599800803
7.55,3.284737172348007
7.56,3.295054478657516
7.57,3.305379459825712
7.58,3.3157120569489726
7.59,3.3260522111236783
7.6,3.3363998634462115
7.61,3.346754955012952
7.62,3.3571174269202797
7.63,3.367487220264574
7.64,3.3778642761422164
7.65,3.388248535649588
7.66,3.398639939883068
7.67,3.409038429939036
7.68,3.4194439469138747
7.69,3.4298564319039637
7.7,3.440275826005681
7.71,3.45070207031541
7.72,3.4611351059295297
7.73,3.471574873944422
7.74,3.482021315456463
7.75,3.4924743715620385
7.76,3.5029339833575253
7.77,3.5134000919393054
7.78,3.523872638403759
7.79,3.534351563847266
7.8,3.5448368093662057
7.81,3.5553283160569604
7.82,3.5658260250159115
7.83,3.576329877339436
7.84,3.5868398141239157
7.85,3.5973557764657307
7.86,3.607877705461263
7.87,3.618405542206891
7.88,3.628939227798997
7.89,3.639478703333958
7.9,3.650023909908159
7.91,3.6605747886179767
7.92,3.6711312805597935
7.93,3.681693326829988
7.94,3.692260868524943
7.95,3.702833846741037
7.96,3.71341220257465
7.97,3.7239958771221615
7.98,3.734584811479958
7.99,3.7451789467444128
8.0,3.755778224011909
8.01,3.766382584378828
8.02,3.776991968941547
8.03,3.78760631879645
8.04,3.7982255750399143
8.05,3.8088496787683255
8.06,3.8194785710780574
8.07,3.8301121930654927
8.08,3.8407504858270136
8.09,3.851393390458997
8.1,3.862040848057828
8.11,3.872692799719883
8.12,3.883349186541544
8.13,3.894009949619193
8.14,3.9046750300492072
8.15,3.915344368927968
8.16,3.9260179073518553
8.17,3.93669558641725
8.18,3.947377347220534
8.19,3.958063130858085
8.2,3.968752878426286
8.21,3.979446531021517
8.22,3.990144029740157
8.23,4.0008453156785855
8.24,4.011550329933185
8.25,4.022259013600334
8.26,4.032971307776416
8.27,4.043687153557808
8.28,4.054406492040891
8.29,4.065129264322046
8.3,4.075855411497657
8.31,4.086584874664098
8.32,4.097317594917752
8.33,4.108053513355
8.34,4.118792571072222
8.35,4.129534709165798
8.36,4.140279868732109
8.37,4.151027990867534
8.38,4.161779016668458
8.39,4.172532887231254
8.4,4.183289543652307
8.41,4.194048927027996
8.42,4.204810978454704
8.43,4.215575639028807
8.44,4.226342849846688
8.45,4.237112552004728
8.46,4.247884686599306
8.47,4.258659194726804
8.48,4.2694360174836
8.49,4.280215095966074
8.5,4.290996371270609
8.51,4.3017797844935854
8.52,4.312565276731381
8.53,4.323352789080378
8.54,4.334142262636956
8.55,4.344933638497497
8.56,4.355726857758379
8.57,4.366521861515984
8.58,4.377318590866691
8.59,4.388116986906882
8.6,4.398916990732936
8.61,4.409718543441234
8.62,4.420521586128156
8.63,4.431326059890084
8.64,4.442131905823397
8.65,4.452939065024474
8.66,4.463747478589697
8.67,4.474557087615446
8.68,4.485367833198103
8.69,4.4961796564340455
8.7,4.506992498419655
8.71,4.517806300251315
8.72,4.5286210030254015
8.73,4.539436547838295
8.74,4.550252875786379
8.75,4.56106992796603
8.76,4.571887645473632
8.77,4.582705969405564
8.78,4.593524840858205
8.79,4.604344200927938
8.8,4.615163990711142
8.81,4.625984151304197
8.82,4.636804623803483
8.83,4.647625349305383
8.84,4.658446268906273
8.85,4.669267323702536
8.86,4.680088454790553
8.87,4.690909603266705
8.88,4.70173071022737
8.89,4.712551716768929
8.9,4.723372563987763
8.91,4.734193192980252
8.92,4.745013544842776
8.93,4.755833560671715
8.94,4.766653181563452
8.95,4.777472348614364
8.96,4.788291002920836
8.97,4.799109085579242
8.98,4.809926537685967
8.99,4.820743300337389
9.0,4.83155931462989
9.01,4.84237452165985
9.02,4.853188862523649
9.03,4.864002278317667
9.04,4.874814710138285
9.05,4.885626099081886
9.06,4.8964363862448455
9.07,4.907245512723546
9.08,4.918053419614366
9.09,4.928860048013689
9.1,4.939665339017894
9.11,4.950469233723362
9.12,4.961271673226474
9.13,4.972072598623609
9.14,4.9828719510111465
9.15,4.993669671485469
9.16,5.004465701142953
9.17,5.015259981079984
9.18,5.02605245239294
9.19,5.036843056178202
9.2,5.047631733532148
9.21,5.058418425551164
9.22,5.069203073331623
9.23,5.079985617969909
9.24,5.090766000562403
9.25,5.101544162205485
9.26,5.112320043995535
9.27,5.123093587028933
9.28,5.133864732402059
9.29,5.144633421211296
9.3,5.155399594553023
9.31,5.166163193523618
9.32,5.176924159219464
9.33,5.18768243273694
9.34,5.198437955172427
9.35,5.209190667622307
9.36,5.219940511182957
9.37,5.230687426950761
9.38,5.241431356022097
9.39,5.252172239493344
9.4,5.262910018460886
9.41,5.2736446340211
9.42,5.284376027270369
9.43,5.295104139305071
9.44,5.305828911221591
9.45,5.316550284116303
9.46,5.327268199085593
9.47,5.337982597225839
9.48,5.348693419633419
9.49,5.359400607404716
9.5,5.370104101636109
9.51,5.3808038434239815
9.52,5.391499773864711
9.53,5.402191834054677
9.54,5.412879965090263
9.55,5.423564108067849
9.56,5.434244204083813
9.57,5.444920194234536
9.58,5.455592019616399
9.59,5.466259621325781
9.6,5.476922940459066
9.61,5.48758191811263
9.62,5.498236495382857
9.63,5.508886613366127
9.64,5.519532213158817
9.65,5.53017323585731
9.66,5.540809622557985
9.67,5.551441314357224
9.68,5.562068252351407
9.69,5.572690377636913
9.7,5.583307631310124
9.71,5.593919954467422
9.72,5.6045272882051815
9.73,5.6151295736197895
9.74,5.625726751807621
9.75,5.636318763865059
9.76,5.646905550888484
9.77,5.657487053974275
9.78,5.668063214218815
9.79,5.678633972718481
9.8,5.689199270569659
9.81,5.699759048868723
9.82,5.710313248712054
9.83,5.720861811196036
9.84,5.731404677417046
9.85,5.741941788471468
9.86,5.752473085455678
9.87,5.76299850946606
9.88,5.773518001598996
9.89,5.784031502950858
9.9,5.794538954618036
9.91,5.805040297696904
9.92,5.815535473283845
9.93,5.826024422475238
9.94,5.836507086367465
9.95,5.846983406056905
9.96,5.857453322639941
9.97,5.867916777212951
9.98,5.878373710872316
9.99,5.888824064714413
10.0,5.899267779835628
10.01,5.909704797332338
10.02,5.920135058300924
10.03,5.930558503837768
10.04,5.940975075039248
10.05,5.951384713001747
10.06,5.961787358821642
10.07,5.972182953595315
10.08,5.982571438419146
10.09,5.992952754389517
10.1,6.003326842602807
10.11,6.0136936441553965
10.12,6.024053100143664
10.13,6.0344051516639965
10.14,6.044749739812767
10.15,6.055086805686358
10.16,6.065416290381151
10.17,6.075738134993525
10.18,6.086052280619861
10.19,6.09635866835654
10.2,6.106657239299944
10.21,6.116947934546451
10.22,6.127230695192439
10.23,6.137505462334292
10.24,6.14777217706839
10.25,6.158030780491112
10.26,6.168281213698839
10.27,6.178523417787951
10.28,6.18875733385483
10.29,6.198982902995855
10.3,6.2092000663074085
10.31,6.219408764885867
10.32,6.229608939827612
10.33,6.239800532229028
10.34,6.249983483186488
10.35,6.260157733796379
10.36,6.270323225155078
10.37,6.280479898358966
10.38,6.290627694504426
10.39,6.300766554687834
10.4,6.310896420005571
10.41,6.321017231554021
10.42,6.331128930429561
10.43,6.341231457728571
10.44,6.351324754547436
10.45,6.36140876198253
10.46,6.371483421130241
10.47,6.381548673086941
10.48,6.391604458949015
10.49,6.401650719812843
10.5,6.411687396774805
10.51,6.4217144309312815
10.52,6.431731763378652
10.53,6.441739335213297
10.54,6.451737087531599
10.55,6.461724961429939
10.56,6.471702898004693
10.57,6.481670838352244
10.58,6.491628723568972
10.59,6.501576494751255
10.6,6.511514092995478
10.61,6.5214414593980194
10.62,6.531358535055259
10.63,6.541265261063579
10.64,6.551161578519356
10.65,6.561047428518972
10.66,6.5709227521588085
10.67,6.580787490535247
10.68,6.590641584744665
10.69,6.600484975883443
10.7,6.610317605047964
10.71,6.620139413334607
10.72,6.629950341839752
10.73,6.639750331659779
10.74,6.649539323891069
10.75,6.6593172596300025
10.76,6.66908407997296
10.77,6.678839726016321
10.78,6.688584138856466
10.79,6.698317259589776
10.8,6.7080390293126335
10.81,6.717749389121415
10.82,6.727448280112501
10.83,6.737135643382273
10.84,6.746811420027114
10.85,6.7564755511434
10.86,6.766127977827515
10.87,6.775768641175837
10.88,6.785397482284748
10.89,6.795014442250627
10.9,6.804619462169854
10.91,6.814212483138811
10.92,6.823793446253877
10.93,6.833362292611433
10.94,6.842918963307861
10.95,6.852463399439537
10.96,6.861995542102847
10.97,6.871515332394168
10.98,6.88102271140988
10.99,6.890517620246364
11.0,6.9
11.01,6.909469716914815
11.02,6.918926337825408
11.03,6.928369354714032
11.04,6.937798259562928
11.05,6.947212544354349
11.06,6.956611701070538
11.07,6.965995221693747
11.08,6.975362598206218
11.09,6.984713322590202
11.1,6.994046886827947
11.11,7.003362782901698
11.12,7.012660502793704
11.13,7.021939538486213
11.14,7.031199381961468
11.15,7.040439525201721
11.16,7.049659460189218
11.17,7.058858678906207
11.18,7.068036673334935
11.19,7.077192935457648
11.2,7.0863269572565954
11.21,7.095438230714027
11.22,7.104526247812184
11.23,7.113590500533316
11.24,7.122630480859674
11.25,7.131645680773501
11.26,7.140635592257045
11.27,7.149599707292556
11.28,7.15853751786228
11.29,7.167448515948465
11.3,7.176332193533358
11.31,7.185188042599204
11.32,7.194015555128255
11.33,7.202814223102754
11.34,7.211583538504951
11.35,7.220322993317092
11.36,7.229032079521428
11.37,7.237710289100199
11.38,7.246357114035662
11.39,7.2549720463100575
11.4,7.263554577905635
11.41,7.272104200804642
11.42,7.280620406989322
11.43,7.289102688441932
11.44,7.29755053714471
11.45,7.305963445079906
11.46,7.3143409042297725
11.47,7.322682406576549
11.48,7.330987444102488
11.49,7.339255508789835
11.5,7.347486092620838
11.51,7.355678687577743
11.52,7.363832785642802
11.53,7.371947878798256
11.54,7.380023459026359
11.55,7.388059018309352
11.56,7.396054048629486
11.57,7.404008041969009
11.58,7.411920490310166
11.59,7.419790885635204
11.6,7.427618719926376
11.61,7.435403485165922
11.62,7.443144673336093
11.63,7.4508417764191375
11.64,7.458494286397302
11.65,7.466101695252831
11.66,7.473663494967979
11.67,7.481179177524984
11.68,7.488648234906101
11.69,7.496070159093573
11.7,7.50344444206965
11.71,7.51077057581658
11.72,7.518048052316608
11.73,7.525276363551981
11.74,7.532455001504949
11.75,7.539583458157757
11.76,7.546661225492655
11.77,7.553687795491886
11.78,7.560662660137703
11.79,7.56758531141235
11.8,7.574455241298077
11.81,7.581271941777127
11.82,7.588034904831752
11.83,7.594743622444194
11.84,7.601397586596706
11.85,7.607996289271535
11.86,7.614539222450923
11.87,7.621025878117124
11.88,7.627455748252381
11.89,7.633828324838943
11.9,7.640143099859057
11.91,7.6463995652949714
11.92,7.652597213128932
11.93,7.658735535343188
11.94,7.664814023919984
11.95,7.67083217084157
11.96,7.676789468090194
11.97,7.682685407648101
11.98,7.68851948149754
11.99,7.694291181620757
12.0,7.7
12.01,7.705645562515136
12.02,7.711228030636495
12.03,7.71674769973203
12.04,7.722204865169692
12.05,7.727599822317432
12.06,7.7329328665432
12.07,7.738204293214948
12.08,7.743414397700627
12.09,7.748563475368187
12.1,7.753651821585579
12.11,7.758679731720753
12.12,7.763647501141665
12.13,7.768555425216262
12.14,7.773403799312494
12.15,7.778192918798314
12.16,7.782923079041673
12.17,7.787594575410521
12.18,7.792207703272811
12.19,7.796762757996491
12.2,7.801260034949512
12.21,7.805699829499829
12.22,7.810082437015389
12.23,7.814408152864145
12.24,7.818677272414046
12.25,7.822890091033045
12.26,7.827046904089093
12.27,7.831148006950142
12.28,7.835193694984137
12.29,7.839184263559036
12.3,7.843120008042788
12.31,7.847001223803343
12.32,7.850828206208649
12.33,7.854601250626663
12.34,7.858320652425333
12.35,7.861986706972611
12.36,7.865599709636444
12.37,7.86915995578479
12.38,7.872667740785595
12.39,7.876123360006811
12.4,7.879527108816389
12.41,7.88287928258228
12.42,7.886180176672434
12.43,7.889430086454804
12.44,7.892629307297341
12.45,7.895778134567993
12.46,7.898876863634716
12.47,7.901925789865456
12.48,7.904925208628165
12.49,7.907875415290797
12.5,7.910776705221299
12.51,7.913629373787627
12.52,7.9164337163577265
12.53,7.919190028299551
12.54,7.921898604981053
12.55,7.924559741770181
12.56,7.927173734034888
12.57,7.9297408771431215
12.58,7.932261466462836
12.59,7.934735797361981
12.6,7.937164165208508
12.61,7.939546865370368
12.62,7.941884193215511
12.63,7.94417644411189
12.64,7.946423913427456
12.65,7.948626896530157
12.66,7.950785688787946
12.67,7.952900585568773
12.68,7.954971882240589
12.69,7.956999874171348
12.7,7.958984856728998
12.71,7.960927125281488
12.72,7.962826975196775
12.73,7.964684701842805
12.74,7.966500600587532
12.75,7.968274966798904
12.76,7.970008095844875
12.77,7.971700283093393
12.78,7.973351823912413
12.79,7.97496301366988
12.8,7.976534147733753
12.81,7.978065521471974
12.82,7.979557430252502
12.83,7.981010169443282
12.84,7.982424034412269
12.85,7.983799320527412
12.86,7.985136323156662
12.87,7.986435337667971
12.88,7.9876966594292895
12.89,7.988920583808567
12.9,7.990107406173757
12.91,7.99125742189281
12.92,7.992370926333677
12.93,7.993448214864307
12.94,7.994489582852653
12.95,7.9954953256666625
12.96,7.996465738674291
12.97,7.99740111724349
12.98,7.998301756742205
12.99,7.999167952538391
13.0,8.0
13.01,8.000798233024646
13.02,8.001563139628614
13.03,8.00229524635785
13.04,8.002995079758305
13.05,8.003663166375928
13.06,8.004300032756666
13.07,8.004906205446467
13.08,8.00548221099128
13.09,8.006028575937055
13.1,8.00654582682974
13.11,8.007034490215284
13.12,8.007495092639637
13.13,8.007928160648746
13.14,8.008334220788559
13.15,8.008713799605024
13.16,8.00906742364409
13.17,8.009395619451709
13.18,8.009698913573828
13.19,8.009977832556393
13.2,8.010232902945356
13.21,8.010464651286663
13.22,8.010673604126266
13.23,8.010860288010107
13.24,8.011025229484144
13.25,8.011168955094318
13.26,8.011291991386583
13.27,8.011394864906883
13.28,8.01147810220117
13.29,8.011542229815392
13.3,8.011587774295498
13.31,8.011615262187432
13.32,8.011625220037148
13.33,8.011618174390595
13.34,8.01159465179372
13.35,8.011555178792468
13.36,8.011500281932793
13.37,8.01143048776064
13.38,8.01134632282196
13.39,8.011248313662703
13.4,8.011136986828816
13.41,8.011012868866246
13.42,8.01087648632094
13.43,8.010728365738853
13.44,8.01056903366593
13.45,8.01039901664812
13.46,8.01021884123137
13.47,8.010029033961633
13.48,8.009830121384852
13.49,8.00962263004698
13.5,8.009407086493962
13.51,8.009184017271751
13.52,8.008953948926296
13.53,8.00871740800354
13.54,8.008474921049435
13.55,8.008227014609929
13.56,8.007974215230973
13.57,8.007717049458511
13.58,8.007456043838495
13.59,8.007191724916876
13.6,8.006924619239596
13.61,8.006655253352609
13.62,8.00638415380186
13.63,8.006111847133303
13.64,8.005838859892883
13.65,8.005565718626547
13.66,8.005292949880246
13.67,8.00502108019993
13.68,8.004750636131545
13.69,8.004482144221038
13.7,8.004216131014365
13.71,8.003953123057466
13.72,8.003693646896295
13.73,8.003438229076798
13.74,8.003187396144927
13.75,8.002941674646625
13.76,8.002701591127847
13.77,8.00246767213454
13.78,8.002240444212648
13.79,8.002020433908125
13.8,8.001808167766917
13.81,8.001604172334975
13.82,8.001408974158245
13.83,8.001223099782678
13.84,8.001047075754219
13.85,8.00088142861882
13.86,8.000726684922428
13.87,8.000583371210993
13.88,8.000452014030463
13.89,8.000333139926786
13.9,8.000227275445912
13.91,8.00013494713379
13.92,8.000056681536366
13.93,7.999993005199592
13.94,7.999944444669413
13.95,7.999911526491779
13.96,7.99989477721264
13.97,7.999894723377944
13.98,7.99991189153364
13.99,7.999946808225674
14.0,8.0
14.01,8.000071805386279
14.02,8.000161810849049
14.03,8.000269414836568
14.04,8.000394015797088
14.05,8.00053501217886
14.06,8.000691802430143
14.07,8.00086378499919
14.08,8.001050358334254
14.09,8.001250920883594
14.1,8.001464871095456
14.11,8.001691607418103
14.12,8.001930528299786
14.13,8.002181032188759
14.14,8.002442517533275
14.15,8.002714382781592
14.16,8.002996026381963
14.17,8.00328684678264
14.18,8.00358624243188
14.19,8.003893611777936
14.2,8.004208353269064
14.21,8.004529865353517
14.22,8.004857546479549
14.23,8.00519079509542
14.24,8.005529009649376
14.25,8.005871588589676
14.26,8.006217930364574
14.27,8.006567433422322
14.28,8.006919496211179
14.29,8.007273517179396
14.3,8.007628894775229
14.31,8.007985027446928
14.32,8.008341313642754
14.33,8.00869715181096
14.34,8.009051940399797
14.35,8.009405077857519
14.36,8.009755962632385
14.37,8.010103993172647
14.38,8.010448567926558
14.39,8.010789085342376
14.4,8.011124943868351
14.41,8.011455541952742
14.42,8.0117802780438
14.43,8.012098550589782
14.44,8.012409758038938
14.45,8.012713298839527
14.46,8.013008571439801
14.47,8.013294974288016
14.48,8.013571905832425
14.49,8.013838764521282
14.5,8.014094948802843
14.51,8.014339857125362
14.52,8.014572887937094
14.53,8.014793439686292
14.54,8.015000910821211
14.55,8.015194699790104
14.56,8.015374205041228
14.57,8.015538825022835
14.58,8.01568795818318
14.59,8.01582100297052
14.6,8.015937357833108
14.61,8.016036421219196
14.62,8.01611759157704
14.63,8.016180267354896
14.64,8.016223847001017
14.65,8.016247728963656
14.66,8.01625131169107
14.67,8.016233993631511
14.68,8.016195173233235
14.69,8.016134248944496
14.7,8.01605061921355
14.71,8.015943682488647
14.72,8.015812837218046
14.73,8.01565748185
14.74,8.015477014832763
14.75,8.015270834614588
14.76,8.015038339643732
14.77,8.01477892836845
14.78,8.014491999236991
14.79,8.014176950697616
14.8,8.013833181198576
14.81,8.013460089188124
14.82,8.013057073114519
14.83,8.01262353142601
14.84,8.012158862570857
14.85,8.01166246499731
14.86,8.011133737153623
14.87,8.010572077488055
14.88,8.009976884448857
14.89,8.009347556484283
14.9,8.00868349204259
14.91,8.00798408957203
14.92,8.00724874752086
14.93,8.006476864337332
14.94,8.0056678384697
14.95,8.00482106836622
14.96,8.003935952475146
14.97,8.003011889244734
14.98,8.002048277123235
14.99,8.001044514558906
15.0,8.0
15.01,7.998914345430236
15.02,7.997788016975183
15.03,7.996621694295876
15.04,7.9954160570533475
15.05,7.994171784908633
15.06,7.992889557522764
15.07,7.991570054556777
15.08,7.990213955671702
15.09,7.988821940528576
15.1,7.98739468878843
15.11,7.9859328801123
15.12,7.98443719416122
15.13,7.982908310596223
15.14,7.981346909078341
15.15,7.97975366926861
15.16,7.978129270828064
15.17,7.976474393417734
15.18,7.974789716698654
15.19,7.973075920331861
15.2,7.971333683978387
15.21,7.969563687299265
15.22,7.967766609955528
15.23,7.965943131608211
15.24,7.964093931918351
15.25,7.962219690546975
15.26,7.960321087155123
15.27,7.958398801403824
15.28,7.956453512954114
15.29,7.954485901467025
15.3,7.952496646603595
15.31,7.950486428024852
15.32,7.948455925391834
15.33,7.946405818365573
15.34,7.944336786607103
15.35,7.942249509777456
15.36,7.940144667537669
15.37,7.938022939548773
15.38,7.935885005471803
15.39,7.933731544967793
15.4,7.931563237697778
15.41,7.929380763322787
15.42,7.927184801503859
15.43,7.924976031902026
15.44,7.92275513417832
15.45,7.920522787993775
15.46,7.918279673009426
15.47,7.916026468886307
15.48,7.913763855285451
15.49,7.911492511867892
15.5,7.909213118294662
15.51,7.906926354226798
15.52,7.904632899325331
15.53,7.902333433251298
15.54,7.90002863566573
15.55,7.897719186229658
15.56,7.895405764604122
15.57,7.8930890504501505
15.58,7.89076972342878
15.59,7.888448463201044
15.6,7.886125949427976
15.61,7.883802861770608
15.62,7.881479879889977
15.63,7.879157683447114
15.64,7.876836952103055
15.65,7.87451836551883
15.66,7.872202603355477
15.67,7.869890345274027
15.68,7.867582270935515
15.69,7.865279060000975
15.7,7.86298139213144
15.71,7.860689946987942
15.72,7.858405404231518
15.73,7.8561284435232
15.74,7.853859744524023
15.75,7.8515999868950175
15.76,7.84934985029722
15.77,7.8471100143916654
15.78,7.844881158839383
15.79,7.842663963301413
15.8,7.840459107438781
15.81,7.838267270912527
15.82,7.836089133383683
15.83,7.8339253745132815
15.84,7.831776673962359
15.85,7.829643711391946
15.86,7.827527166463077
15.87,7.825427718836789
15.88,7.82334604817411
15.89,7.8212828341360785
15.9,7.819238756383726
15.91,7.817214494578087
15.92,7.815210728380196
15.93,7.813228137451085
15.94,7.811267401451788
15.95,7.80932920004334
15.96,7.807414212886773
15.97,7.805523119643121
15.98,7.8036565999734195
15.99,7.8018153335387
16.0,7.8
16.01,7.798211112892777
16.02,7.796448521250218
16.03,7.794711907979928
16.04,7.793000955989523
16.05,7.79131534818661
16.06,7.789654767478801
16.07,7.788018896773708
16.08,7.78640741897894
16.09,7.784820017002105
16.1,7.78325637375082
16.11,7.781716172132692
16.12,7.780199095055334
16.13,7.778704825426352
16.14,7.777233046153359
16.15,7.775783440143969
16.16,7.774355690305788
16.17,7.772949479546429
16.18,7.771564490773502
16.19,7.770200406894618
16.2,7.768856910817389
16.21,7.767533685449423
16.22,7.766230413698333
16.23,7.764946778471727
16.24,7.76368246267722
16.25,7.76243714922242
16.26,7.761210521014936
16.27,7.760002260962381
16.28,7.758812051972366
16.29,7.7576395769525
16.3,7.756484518810397
16.31,7.755346560453663
16.32,7.754225384789911
16.33,7.753120674726753
16.34,7.752032113171799
16.35,7.750959383032658
16.36,7.749902167216942
16.37,7.74886014863226
16.38,7.747833010186226
16.39,7.746820434786446
16.4,7.745822105340538
16.41,7.7448377047561054
16.42,7.743866915940762
16.43,7.74290942180212
16.44,7.741964905247786
16.45,7.741033049185374
16.46,7.740113536522496
16.47,7.739206050166756
16.48,7.738310273025772
16.49,7.737425888007151
16.5,7.736552578018504
16.51,7.735690025967444
16.52,7.734837914761578
16.53,7.733995927308518
16.54,7.73316374651588
16.55,7.732341055291264
16.56,7.73152753654229
16.57,7.730722873176565
16.58,7.7299267481016996
16.59,7.7291388442253055
16.6,7.728358844454992
16.61,7.727586431698372
16.62,7.726821288863053
16.63,7.726063098856648
16.64,7.725311544586766
16.65,7.724566308961021
16.66,7.723827074887022
16.67,7.723093525272378
16.68,7.722365343024702
16.69,7.721642211051602
16.7,7.720923812260692
16.71,7.720209829559579
16.72,7.719499945855877
16.73,7.718793844057196
16.74,7.718091207071146
16.75,7.717391717805336
16.76,7.716695059167382
16.77,7.716000914064888
16.78,7.71530896540547
16.79,7.714618896096736
16.8,7.713930389046298
16.81,7.713243127161764
16.82,7.712556793350748
16.83,7.71187107052086
16.84,7.711185641579708
16.85,7.710500189434907
16.86,7.709814396994064
16.87,7.709127947164792
16.88,7.708440522854701
16.89,7.7077518069714
16.9,7.707061482422503
16.91,7.706369232115617
16.92,7.705674738958356
16.93,7.70497768585833
16.94,7.704277755723148
16.95,7.703574631460421
16.96,7.702867995977761
16.97,7.702157532182778
16.98,7.701442922983084
16.99,7.700723851286287
17.0,7.7
17.01,7.699271102998651
17.02,7.698537098023947
17.03,7.697797973784407
17.04,7.69705371898856
17.05,7.696304322344925
17.06,7.695549772562029
17.07,7.694790058348393
17.08,7.694025168412542
17.09,7.693255091462997
17.1,7.692479816208284
17.11,7.691699331356927
17.12,7.690913625617449
17.13,7.690122687698371
17.14,7.689326506308219
17.15,7.688525070155516
17.16,7.687718367948785
17.17,7.686906388396551
17.18,7.686089120207336
17.19,7.685266552089664
17.2,7.684438672752058
17.21,7.683605470903041
17.22,7.682766935251138
17.23,7.681923054504871
17.24,7.681073817372767
17.25,7.680219212563345
17.26,7.67935922878513
17.27,7.678493854746648
17.28,7.677623079156419
17.29,7.676746890722969
17.3,7.675865278154818
17.31,7.6749782301604945
17.32,7.674085735448518
17.33,7.673187782727414
17.34,7.672284360705706
17.35,7.671375458091913
17.36,7.670461063594567
17.37,7.669541165922185
17.38,7.668615753783293
17.39,7.667684815886414
17.4,7.666748340940072
17.41,7.665806317652788
17.42,7.664858734733089
17.43,7.663905580889496
17.44,7.662946844830534
17.45,7.661982515264725
17.46,7.661012580900596
17.47,7.660037030446666
17.48,7.65905585261146
17.49,7.658069036103503
17.5,7.657076569631316
17.51,7.656078441903426
17.52,7.655074641628353
17.53,7.654065157514623
17.54,7.653049978270759
17.55,7.652029092605281
17.56,7.651002489226717
17.57,7.649970156843589
17.58,7.648932084164422
17.59,7.647888259897735
17.6,7.646838672752058
17.61,7.645783311435908
17.62,7.644722164657813
17.63,7.643655221126294
17.64,7.642582469549875
17.65,7.641503898637082
17.66,7.640419497096436
17.67,7.63932925363646
17.68,7.638233156965678
17.69,7.637131195792615
17.7,7.636023358825793
17.71,7.634909634773735
17.72,7.633790012344968
17.73,7.632664480248013
17.74,7.631533027191392
17.75,7.63039564188363
17.76,7.629252313033251
17.77,7.628103029348778
17.78,7.626947779538733
17.79,7.6257865523116415
17.8,7.624619336376028
17.81,7.623446120440414
17.82,7.622266893213323
17.83,7.62108164340328
17.84,7.619890359718807
17.85,7.618693030868428
17.86,7.617489645560665
17.87,7.616280192504044
17.88,7.615064660407088
17.89,7.613843037978319
17.9,7.612615313926264
17.91,7.6113814769594414
17.92,7.610141515786379
17.93,7.608895419115596
17.94,7.607643175655621
17.95,7.606384774114975
17.96,7.605120203202181
17.97,7.603849451625763
17.98,7.602572508094244
17.99,7.601289361316149
18.0,7.6
18.01,7.598704475112616
18.02,7.597403086653999
18.03,7.59609619688244
18.04,7.594784168056239
18.05,7.593467362433689
18.06,7.5921461422730845
18.07,7.590820869832722
18.08,7.589491907370896
18.09,7.588159617145904
18.1,7.58682436141604
18.11,7.585486502439598
18.12,7.584146402474874
18.13,7.582804423780164
18.14,7.581460928613764
18.15,7.580116279233968
18.16,7.57877083789907
18.17,7.577424966867366
18.18,7.576079028397157
18.19,7.57473338474673
18.2,7.573388398174382
18.21,7.572044430938412
18.22,7.570701845297114
18.23,7.569361003508782
18.24,7.568022267831713
18.25,7.5666860005242
18.26,7.565352563844538
18.27,7.564022320051026
18.28,7.562695631401956
18.29,7.561372860155626
18.3,7.560054368570329
18.31,7.5587405189043615
18.32,7.557431673416016
18.33,7.556128194363593
18.34,7.554830444005382
18.35,7.553538784599684
18.36,7.55225357840479
18.37,7.550975187678996
18.38,7.549703974680601
18.39,7.548440301667896
18.4,7.547184530899176
18.41,7.54593702463274
18.42,7.5446981451268815
18.43,7.543468254639895
18.44,7.542247715430077
18.45,7.541036889755722
18.46,7.539836139875124
18.47,7.538645828046581
18.48,7.537466316528386
18.49,7.536297967578837
18.5,7.535141143456228
18.51,7.533996206418853
18.52,7.532863518725009
18.53,7.53174344263299
18.54,7.530636340401092
18.55,7.52954257428761
18.56,7.52846250655084
18.57,7.527396499449076
18.58,7.526344915240615
18.59,7.525308116183751
18.6,7.52428646453678
18.61,7.523280322557999
18.62,7.522290052505699
18.63,7.521316016638176
18.64,7.520358577213728
18.65,7.519418096490651
18.66,7.518494936727237
18.67,7.5175894601817825
18.68,7.516702029112586
18.69,7.515833005777936
18.7,7.514982752436135
18.71,7.514151631345473
18.72,7.513340004764248
18.73,7.512548234950754
18.74,7.511776684163288
18.75,7.511025714660144
18.76,7.510295688699616
18.77,7.509586968540002
18.78,7.508899916439596
18.79,7.508234894656692
18.8,7.507592265449589
18.81,7.506972391076579
18.82,7.506375633795958
18.83,7.505802355866022
18.84,7.5052529195450655
18.85,7.504727687091385
18.86,7.504227020763275
18.87,7.50375128281903
18.88,7.5033008355169475
18.89,7.502876041115321
18.9,7.502477261872444
18.91,7.502104860046616
18.92,7.50175919789613
18.93,7.501440637679281
18.94,7.5011495416543665
18.95,7.500886272079678
18.96,7.500651191213516
18.97,7.5004446613141695
18.98,7.500267044639939
18.99,7.500118703449118
19.0,7.5
19.01,7.499911296550883
19.02,7.499852955360062
19.03,7.499825338685831
19.04,7.499828808786486
19.05,7.499863727920323
19.06,7.499930458345633
19.07,7.500029362320719
19.08,7.50016080210387
19.09,7.500325139953386
19.1,7.500522738127557
19.11,7.50075395888468
19.12,7.501019164483052
19.13,7.50131871718097
19.14,7.501652979236725
19.15,7.502022312908616
19.16,7.502427080454934
19.17,7.502867644133979
19.18,7.503344366204043
19.19,7.503857608923422
19.2,7.504407734550411
19.21,7.5049951053433075
19.22,7.505620083560405
19.23,7.506283031459998
19.24,7.506984311300386
19.25,7.507724285339858
19.26,7.508503315836712
19.27,7.509321765049247
19.28,7.510179995235753
19.29,7.511078368654527
19.3,7.512017247563866
19.31,7.512996994222064
19.32,7.514017970887416
19.33,7.515080539818216
19.34,7.516185063272763
19.35,7.51733190350935
19.36,7.518521422786272
19.37,7.519753983361824
19.38,7.521029947494303
19.39,7.522349677442003
19.4,7.523713535463221
19.41,7.525121883816251
19.42,7.526575084759386
19.43,7.528073500550924
19.44,7.529617493449161
19.45,7.53120742571239
19.46,7.532843659598909
19.47,7.534526557367011
19.48,7.536256481274991
19.49,7.538033793581147
19.5,7.539858856543772
19.51,7.541732032421162
19.52,7.543653683471614
19.53,7.545624171953419
19.54,7.547643860124875
19.55,7.549713110244279
19.56,7.551832284569924
19.57,7.554001745360106
19.58,7.556221854873119
19.59,7.558492975367258
19.6,7.560815469100823
19.61,7.563189698332104
19.62,7.565616025319399
19.63,7.568094812321002
19.64,7.570626421595209
19.65,7.573211215400315
19.66,7.575849555994617
19.67,7.578541805636408
19.68,7.581288326583984
19.69,7.58408948109564
19.7,7.586945631429671
19.71,7.589857139844375
19.72,7.592824368598043
19.73,7.5958476799489745
19.74,7.598927436155461
19.75,7.602063999475801
19.76,7.605257732168289
19.77,7.608508996491218
19.78,7.6118181547028865
19.79,7.6151855690615875
19.8,7.618611601825618
19.81,7.6220966152532705
19.82,7.625640971602844
19.83,7.629245033132632
19.84,7.63290916210093
19.85,7.636633720766033
19.86,7.640419071386236
19.87,7.644265576219835
19.88,7.648173597525124
19.89,7.652143497560402
19.9,7.65617563858396
19.91,7.660270382854096
19.92,7.664428092629104
19.93,7.668649130167279
19.94,7.672933857726917
19.95,7.677282637566312
19.96,7.681695831943762
19.97,7.686173803117559
19.98,7.690716913346002
19.99,7.695325524887383
20.0,7.7
20.01,0.0
20.02,0.0
20.03,0.0
20.04,0.0
20.05,0.0
20.06,0.0
20.07,0.0
20.08,0.0
20.09,0.0
20.1,0.0
20.11,0.0
20.12,0.0
20.13,0.0
20.14,0.0
20.15,0.0
20.16,0.0
20.17,0.0
20.18,0.0
20.19,0.0
20.2,0.0
20.21,0.0
20.22,0.0
20.23,0.0
20.24,0.0
20.25,0.0
20.26,0.0
20.27,0.0
20.28,0.0
20.29,0.0
20.3,0.0
20.31,0.0
20.32,0.0
20.33,0.0
20.34,0.0
20.35,0.0
20.36,0.0
20.37,0.0
20.38,0.0
20.39,0.0
20.4,0.0
20.41,0.0
20.42,0.0
20.43,0.0
20.44,0.0
20.45,0.0
20.46,0.0
20.47,0.0
20.48,0.0
20.49,0.0
20.5,0.0
20.51,0.0
20.52,0.0
20.53,0.0
20.54,0.0
20.55,0.0
20.56,0.0
20.57,0.0
20.58,0.0
20.59,0.0
20.6,0.0
20.61,0.0
20.62,0.0
20.63,0.0
20.64,0.0
20.65,0.0
20.66,0.0
20.67,0.0
20.68,0.0
20.69,0.0
20.7,0.0
20.71,0.0
20.72,0.0
20.73,0.0
20.74,0.0
20.75,0.0
20.76,0.0
20.77,0.0
20.78,0.0
20.79,0.0
20.8,0.0
20.81,0.0
20.82,0.0
20.83,0.0
20.84,0.0
20.85,0.0
20.86,0.0
20.87,0.0
20.88,0.0
20.89,0.0
20.9,0.0
20.91,0.0
20.92,0.0
20.93,0.0
20.94,0.0
20.95,0.0
20.96,0.0
20.97,0.0
20.98,0.0
20.99,0.0
21.0,0.0
