experiment,park_id,variant,r2,energy_ratio,wasserstein,rmse_n,mae_n,n_hours,outlier_share,bias_n,commissioning_date,age_years_2023_12
M1,00198_1,raw,0.453913,1.094736,0.025553,0.20302,0.126876,7512,0.097577,0.025534,2013-09-01,10.25
M1,00198_1,clean,0.617702,1.048207,0.018416,0.167349,0.109658,6779,0.097577,0.013359,2013-09-01,10.25
M1,00198_1,clean_exkl_curt,0.598861,1.042205,0.017672,0.166808,0.108927,6779,0.097577,0.013359,2013-09-01,10.25
M1,00198_2,raw,0.739371,1.082058,0.029649,0.171376,0.116563,3649,0.180049,0.029649,2018-12-13,4.97
M1,00198_2,clean,0.870854,1.080886,0.03098,0.119796,0.086694,2992,0.180049,0.028551,2018-12-13,4.97
M1,00198_2,clean_exkl_curt,0.86785,1.081367,0.030899,0.120201,0.087101,2992,0.180049,0.028551,2018-12-13,4.97
M1,00282,raw,0.617835,0.957353,0.021635,0.203266,0.129447,7512,0.15402,-0.015328,2017-02-20,6.78
M1,00282,clean,0.823052,0.886658,0.040225,0.137207,0.094569,6355,0.15402,-0.04022,2017-02-20,6.78
M1,00282,clean_exkl_curt,0.82182,0.88611,0.040199,0.136866,0.094641,6355,0.15402,-0.04022,2017-02-20,6.78
M1,00298,raw,0.501627,1.282191,0.099461,0.233003,0.1438,7512,0.169995,0.09946,2016-12-01,7.0
M1,00298,clean,0.793958,1.194363,0.068431,0.147304,0.100264,6235,0.169995,0.06796,2016-12-01,7.0
M1,00298,clean_exkl_curt,0.785562,1.202284,0.069501,0.148466,0.101256,6235,0.169995,0.06796,2016-12-01,7.0
M1,01200_1,raw,0.074491,1.554983,0.15256,0.28077,0.172154,7512,0.126065,0.15256,2012-01-01,11.92
M1,01200_1,clean,0.607176,1.400999,0.111685,0.176624,0.125018,6565,0.126065,0.110972,2012-01-01,11.92
M1,01200_1,clean_exkl_curt,0.580962,1.417848,0.11173,0.176836,0.125155,6565,0.126065,0.110972,2012-01-01,11.92
M1,01200_2,raw,0.350676,1.505052,0.144283,0.234464,0.15809,7512,0.133387,0.144278,2014-01-01,9.91
M1,01200_2,clean,0.425041,1.531981,0.133628,0.200276,0.140762,6510,0.133387,0.133554,2014-01-01,9.91
M1,01200_2,clean_exkl_curt,0.388407,1.553585,0.133934,0.200445,0.140938,6510,0.133387,0.133554,2014-01-01,9.91
M1,01303_1,raw,0.628683,1.316865,0.069414,0.143408,0.097068,7511,0.05898,0.069,2009-02-02,14.83
M1,01303_1,clean,0.64937,1.33949,0.070559,0.130452,0.090048,7068,0.05898,0.069816,2009-02-02,14.83
M1,01303_1,clean_exkl_curt,0.629331,1.347815,0.069349,0.12871,0.088542,7068,0.05898,0.069816,2009-02-02,14.83
M1,01303_2,raw,0.59863,1.311952,0.063662,0.136743,0.09173,7511,0.07935,0.062303,2001-11-23,22.02
M1,01303_2,clean,0.621136,1.331383,0.063069,0.120238,0.08286,6915,0.07935,0.060982,2001-11-23,22.02
M1,01303_2,clean_exkl_curt,0.603808,1.336079,0.061731,0.118481,0.081224,6915,0.07935,0.060982,2001-11-23,22.02
M1,02483,raw,0.738465,0.929183,0.032827,0.184006,0.122685,7512,0.176917,-0.032827,2015-12-01,8.0
M1,02483,clean,0.905869,0.9176,0.039563,0.113766,0.083985,6183,0.176917,-0.037605,2015-12-01,8.0
M1,02483,clean_exkl_curt,0.902412,0.915714,0.039365,0.114769,0.084743,6183,0.176917,-0.037605,2015-12-01,8.0
M1,04745,raw,0.057068,1.720989,0.077623,0.136078,0.086468,7501,0.020931,0.077577,2003-06-01,20.5
M1,04745,clean,0.084243,1.714653,0.076035,0.129731,0.084111,7344,0.020931,0.075936,2003-06-01,20.5
M1,04745,clean_exkl_curt,-0.001934,1.747918,0.073465,0.124838,0.08082,7344,0.020931,0.075936,2003-06-01,20.5
M1,05347,raw,0.124368,1.674857,0.182832,0.281597,0.199559,7511,0.258421,0.182832,2018-07-01,5.42
M1,05347,clean,0.336398,1.570063,0.163878,0.236263,0.17042,5570,0.258421,0.163835,2018-07-01,5.42
M1,05347,clean_exkl_curt,0.286759,1.597381,0.165677,0.237835,0.172091,5570,0.258421,0.163835,2018-07-01,5.42
M1,05426,raw,0.668687,1.108915,0.030943,0.176351,0.110602,7512,0.151624,0.030761,2016-09-26,7.18
M1,05426,clean,0.837522,1.060662,0.019296,0.122268,0.085071,6373,0.151624,0.018165,2016-09-26,7.18
M1,05426,clean_exkl_curt,0.832245,1.061508,0.019109,0.122003,0.085102,6373,0.151624,0.018165,2016-09-26,7.18
M1,07374,raw,0.653492,1.123791,0.023797,0.123264,0.074539,7512,0.030884,0.023794,2002-05-17,21.54
M1,07374,clean,0.731668,1.088268,0.018406,0.108502,0.069085,7280,0.030884,0.017442,2002-05-17,21.54
M1,07374,clean_exkl_curt,0.736928,1.080212,0.01643,0.103784,0.066267,7280,0.030884,0.017442,2002-05-17,21.54
M1noage,00198_1,raw,0.453913,1.094736,0.025553,0.20302,0.126876,7512,0.097577,0.025534,2013-09-01,10.25
M1noage,00198_1,clean,0.617702,1.048207,0.018416,0.167349,0.109658,6779,0.097577,0.013359,2013-09-01,10.25
M1noage,00198_1,clean_exkl_curt,0.598861,1.042205,0.017672,0.166808,0.108927,6779,0.097577,0.013359,2013-09-01,10.25
M1noage,00198_2,raw,0.739371,1.082058,0.029649,0.171376,0.116563,3649,0.180049,0.029649,2018-12-13,4.97
M1noage,00198_2,clean,0.870854,1.080886,0.03098,0.119796,0.086694,2992,0.180049,0.028551,2018-12-13,4.97
M1noage,00198_2,clean_exkl_curt,0.86785,1.081367,0.030899,0.120201,0.087101,2992,0.180049,0.028551,2018-12-13,4.97
M1noage,00282,raw,0.62048,0.984848,0.016511,0.202561,0.128391,7512,0.15402,-0.005446,2017-02-20,6.78
M1noage,00282,clean,0.831796,0.914934,0.030207,0.133774,0.092468,6355,0.15402,-0.030186,2017-02-20,6.78
M1noage,00282,clean_exkl_curt,0.830591,0.914632,0.030198,0.133454,0.09255,6355,0.15402,-0.030186,2017-02-20,6.78
M1noage,00298,raw,0.472221,1.313827,0.110612,0.239778,0.149921,7512,0.169995,0.110611,2016-12-01,7.0
M1noage,00298,clean,0.764357,1.227662,0.080032,0.15753,0.107303,6235,0.169995,0.079603,2016-12-01,7.0
M1noage,00298,clean_exkl_curt,0.754814,1.23644,0.081109,0.158753,0.108328,6235,0.169995,0.079603,2016-12-01,7.0
M1noage,01200_1,raw,0.074491,1.554983,0.15256,0.28077,0.172154,7512,0.126065,0.15256,2012-01-01,11.92
M1noage,01200_1,clean,0.607176,1.400999,0.111685,0.176624,0.125018,6565,0.126065,0.110972,2012-01-01,11.92
M1noage,01200_1,clean_exkl_curt,0.580962,1.417848,0.11173,0.176836,0.125155,6565,0.126065,0.110972,2012-01-01,11.92
M1noage,01200_2,raw,0.350676,1.505052,0.144283,0.234464,0.15809,7512,0.133387,0.144278,2014-01-01,9.91
M1noage,01200_2,clean,0.425041,1.531981,0.133628,0.200276,0.140762,6510,0.133387,0.133554,2014-01-01,9.91
M1noage,01200_2,clean_exkl_curt,0.388407,1.553585,0.133934,0.200445,0.140938,6510,0.133387,0.133554,2014-01-01,9.91
M1noage,01303_1,raw,0.518535,1.413078,0.090365,0.163299,0.112371,7511,0.05898,0.089951,2009-02-02,14.83
M1noage,01303_1,clean,0.520271,1.442488,0.091741,0.15259,0.106396,7068,0.05898,0.090998,2009-02-02,14.83
M1noage,01303_1,clean_exkl_curt,0.490924,1.454396,0.090364,0.150838,0.104804,7068,0.05898,0.090998,2009-02-02,14.83
M1noage,01303_2,raw,0.59863,1.311952,0.063662,0.136743,0.09173,7511,0.07935,0.062303,2001-11-23,22.02
M1noage,01303_2,clean,0.621136,1.331383,0.063069,0.120238,0.08286,6915,0.07935,0.060982,2001-11-23,22.02
M1noage,01303_2,clean_exkl_curt,0.603808,1.336079,0.061731,0.118481,0.081224,6915,0.07935,0.060982,2001-11-23,22.02
M1noage,02483,raw,0.742996,0.955755,0.020582,0.182405,0.1209,7512,0.176917,-0.02051,2015-12-01,8.0
M1noage,02483,clean,0.913426,0.944574,0.033651,0.109104,0.081268,6183,0.176917,-0.025295,2015-12-01,8.0
M1noage,02483,clean_exkl_curt,0.910308,0.943591,0.033284,0.110028,0.081985,6183,0.176917,-0.025295,2015-12-01,8.0
M1noage,04745,raw,0.057068,1.720989,0.077623,0.136078,0.086468,7501,0.020931,0.077577,2003-06-01,20.5
M1noage,04745,clean,0.084243,1.714653,0.076035,0.129731,0.084111,7344,0.020931,0.075936,2003-06-01,20.5
M1noage,04745,clean_exkl_curt,-0.001934,1.747918,0.073465,0.124838,0.08082,7344,0.020931,0.075936,2003-06-01,20.5
M1noage,05347,raw,0.124368,1.674857,0.182832,0.281597,0.199559,7511,0.258421,0.182832,2018-07-01,5.42
M1noage,05347,clean,0.336398,1.570063,0.163878,0.236263,0.17042,5570,0.258421,0.163835,2018-07-01,5.42
M1noage,05347,clean_exkl_curt,0.286759,1.597381,0.165677,0.237835,0.172091,5570,0.258421,0.163835,2018-07-01,5.42
M1noage,05426,raw,0.668687,1.108915,0.030943,0.176351,0.110602,7512,0.151624,0.030761,2016-09-26,7.18
M1noage,05426,clean,0.837522,1.060662,0.019296,0.122268,0.085071,6373,0.151624,0.018165,2016-09-26,7.18
M1noage,05426,clean_exkl_curt,0.832245,1.061508,0.019109,0.122003,0.085102,6373,0.151624,0.018165,2016-09-26,7.18
M1noage,07374,raw,0.551858,1.263283,0.050609,0.140181,0.086581,7512,0.030884,0.050607,2002-05-17,21.54
M1noage,07374,clean,0.643101,1.223801,0.044398,0.125133,0.08066,7280,0.030884,0.044224,2002-05-17,21.54
M1noage,07374,clean_exkl_curt,0.648273,1.217844,0.041544,0.120004,0.07754,7280,0.030884,0.044224,2002-05-17,21.54
M2,00198_1,raw,0.453913,1.094736,0.025553,0.20302,0.126876,7512,0.097577,0.025534,2013-09-01,10.25
M2,00198_1,clean,0.617702,1.048207,0.018416,0.167349,0.109658,6779,0.097577,0.013359,2013-09-01,10.25
M2,00198_1,clean_exkl_curt,0.598861,1.042205,0.017672,0.166808,0.108927,6779,0.097577,0.013359,2013-09-01,10.25
M2,00198_2,raw,0.739371,1.082058,0.029649,0.171376,0.116563,3649,0.180049,0.029649,2018-12-13,4.97
M2,00198_2,clean,0.870854,1.080886,0.03098,0.119796,0.086694,2992,0.180049,0.028551,2018-12-13,4.97
M2,00198_2,clean_exkl_curt,0.86785,1.081367,0.030899,0.120201,0.087101,2992,0.180049,0.028551,2018-12-13,4.97
M2,00282,raw,0.617835,0.957353,0.021635,0.203266,0.129447,7512,0.15402,-0.015328,2017-02-20,6.78
M2,00282,clean,0.823052,0.886658,0.040225,0.137207,0.094569,6355,0.15402,-0.04022,2017-02-20,6.78
M2,00282,clean_exkl_curt,0.82182,0.88611,0.040199,0.136866,0.094641,6355,0.15402,-0.04022,2017-02-20,6.78
M2,00298,raw,0.501627,1.282191,0.099461,0.233003,0.1438,7512,0.169995,0.09946,2016-12-01,7.0
M2,00298,clean,0.793958,1.194363,0.068431,0.147304,0.100264,6235,0.169995,0.06796,2016-12-01,7.0
M2,00298,clean_exkl_curt,0.785562,1.202284,0.069501,0.148466,0.101256,6235,0.169995,0.06796,2016-12-01,7.0
M2,01200_1,raw,0.074491,1.554983,0.15256,0.28077,0.172154,7512,0.126065,0.15256,2012-01-01,11.92
M2,01200_1,clean,0.607176,1.400999,0.111685,0.176624,0.125018,6565,0.126065,0.110972,2012-01-01,11.92
M2,01200_1,clean_exkl_curt,0.580962,1.417848,0.11173,0.176836,0.125155,6565,0.126065,0.110972,2012-01-01,11.92
M2,01200_2,raw,0.350676,1.505052,0.144283,0.234464,0.15809,7512,0.133387,0.144278,2014-01-01,9.91
M2,01200_2,clean,0.425041,1.531981,0.133628,0.200276,0.140762,6510,0.133387,0.133554,2014-01-01,9.91
M2,01200_2,clean_exkl_curt,0.388407,1.553585,0.133934,0.200445,0.140938,6510,0.133387,0.133554,2014-01-01,9.91
M2,01303_1,raw,0.628683,1.316865,0.069414,0.143408,0.097068,7511,0.05898,0.069,2009-02-02,14.83
M2,01303_1,clean,0.64937,1.33949,0.070559,0.130452,0.090048,7068,0.05898,0.069816,2009-02-02,14.83
M2,01303_1,clean_exkl_curt,0.629331,1.347815,0.069349,0.12871,0.088542,7068,0.05898,0.069816,2009-02-02,14.83
M2,01303_2,raw,0.59863,1.311952,0.063662,0.136743,0.09173,7511,0.07935,0.062303,2001-11-23,22.02
M2,01303_2,clean,0.621136,1.331383,0.063069,0.120238,0.08286,6915,0.07935,0.060982,2001-11-23,22.02
M2,01303_2,clean_exkl_curt,0.603808,1.336079,0.061731,0.118481,0.081224,6915,0.07935,0.060982,2001-11-23,22.02
M2,02483,raw,0.738465,0.929183,0.032827,0.184006,0.122685,7512,0.176917,-0.032827,2015-12-01,8.0
M2,02483,clean,0.905869,0.9176,0.039563,0.113766,0.083985,6183,0.176917,-0.037605,2015-12-01,8.0
M2,02483,clean_exkl_curt,0.902412,0.915714,0.039365,0.114769,0.084743,6183,0.176917,-0.037605,2015-12-01,8.0
M2,04745,raw,0.525113,1.285627,0.034707,0.09657,0.055256,7501,0.012932,0.030733,2003-06-01,20.5
M2,04745,clean,0.57589,1.273715,0.033261,0.088639,0.052327,7404,0.012932,0.028947,2003-06-01,20.5
M2,04745,clean_exkl_curt,0.548131,1.282002,0.032157,0.084216,0.049622,7404,0.012932,0.028947,2003-06-01,20.5
M2,05347,raw,0.571036,1.193672,0.052478,0.197096,0.12279,7511,0.231261,0.05247,2018-07-01,5.42
M2,05347,clean,0.808211,1.077821,0.038861,0.12452,0.082292,5774,0.231261,0.02056,2018-07-01,5.42
M2,05347,clean_exkl_curt,0.794472,1.078394,0.038893,0.124811,0.082649,5774,0.231261,0.02056,2018-07-01,5.42
M2,05426,raw,0.668687,1.108915,0.030943,0.176351,0.110602,7512,0.151624,0.030761,2016-09-26,7.18
M2,05426,clean,0.837522,1.060662,0.019296,0.122268,0.085071,6373,0.151624,0.018165,2016-09-26,7.18
M2,05426,clean_exkl_curt,0.832245,1.061508,0.019109,0.122003,0.085102,6373,0.151624,0.018165,2016-09-26,7.18
M2,07374,raw,0.653492,1.123791,0.023797,0.123264,0.074539,7512,0.030884,0.023794,2002-05-17,21.54
M2,07374,clean,0.731668,1.088268,0.018406,0.108502,0.069085,7280,0.030884,0.017442,2002-05-17,21.54
M2,07374,clean_exkl_curt,0.736928,1.080212,0.01643,0.103784,0.066267,7280,0.030884,0.017442,2002-05-17,21.54
M2_simgate,00198_1,raw,0.453913,1.094736,0.025553,0.20302,0.126876,7512,0.097577,0.025534,2013-09-01,10.25
M2_simgate,00198_1,clean,0.617702,1.048207,0.018416,0.167349,0.109658,6779,0.097577,0.013359,2013-09-01,10.25
M2_simgate,00198_1,clean_exkl_curt,0.598861,1.042205,0.017672,0.166808,0.108927,6779,0.097577,0.013359,2013-09-01,10.25
M2_simgate,00198_2,raw,0.673445,1.121458,0.044187,0.19183,0.127086,3649,0.176487,0.043885,2018-12-13,4.97
M2_simgate,00198_2,clean,0.840475,1.123669,0.043761,0.133436,0.091406,3005,0.176487,0.042552,2018-12-13,4.97
M2_simgate,00198_2,clean_exkl_curt,0.836861,1.123921,0.043582,0.133735,0.09198,3005,0.176487,0.042552,2018-12-13,4.97
M2_simgate,00282,raw,0.322959,0.600223,0.143688,0.27055,0.189908,7512,0.134318,-0.143688,2017-02-20,6.78
M2_simgate,00282,clean,0.476447,0.528174,0.162841,0.236606,0.168015,6503,0.134318,-0.162841,2017-02-20,6.78
M2_simgate,00282,clean_exkl_curt,0.468387,0.524215,0.16341,0.237013,0.168579,6503,0.134318,-0.162841,2017-02-20,6.78
M2_simgate,00298,raw,0.472221,1.313827,0.110612,0.239778,0.149921,7512,0.169995,0.110611,2016-12-01,7.0
M2_simgate,00298,clean,0.764357,1.227662,0.080032,0.15753,0.107303,6235,0.169995,0.079603,2016-12-01,7.0
M2_simgate,00298,clean_exkl_curt,0.754814,1.23644,0.081109,0.158753,0.108328,6235,0.169995,0.079603,2016-12-01,7.0
M2_simgate,01200_1,raw,0.074491,1.554983,0.15256,0.28077,0.172154,7512,0.126065,0.15256,2012-01-01,11.92
M2_simgate,01200_1,clean,0.607176,1.400999,0.111685,0.176624,0.125018,6565,0.126065,0.110972,2012-01-01,11.92
M2_simgate,01200_1,clean_exkl_curt,0.580962,1.417848,0.11173,0.176836,0.125155,6565,0.126065,0.110972,2012-01-01,11.92
M2_simgate,01200_2,raw,0.350676,1.505052,0.144283,0.234464,0.15809,7512,0.133387,0.144278,2014-01-01,9.91
M2_simgate,01200_2,clean,0.425041,1.531981,0.133628,0.200276,0.140762,6510,0.133387,0.133554,2014-01-01,9.91
M2_simgate,01200_2,clean_exkl_curt,0.388407,1.553585,0.133934,0.200445,0.140938,6510,0.133387,0.133554,2014-01-01,9.91
M2_simgate,01303_1,raw,0.518535,1.413078,0.090365,0.163299,0.112371,7511,0.05898,0.089951,2009-02-02,14.83
M2_simgate,01303_1,clean,0.520271,1.442488,0.091741,0.15259,0.106396,7068,0.05898,0.090998,2009-02-02,14.83
M2_simgate,01303_1,clean_exkl_curt,0.490924,1.454396,0.090364,0.150838,0.104804,7068,0.05898,0.090998,2009-02-02,14.83
M2_simgate,01303_2,raw,0.59863,1.311952,0.063662,0.136743,0.09173,7511,0.07935,0.062303,2001-11-23,22.02
M2_simgate,01303_2,clean,0.621136,1.331383,0.063069,0.120238,0.08286,6915,0.07935,0.060982,2001-11-23,22.02
M2_simgate,01303_2,clean_exkl_curt,0.603808,1.336079,0.061731,0.118481,0.081224,6915,0.07935,0.060982,2001-11-23,22.02
M2_simgate,02483,raw,-0.014069,1.541025,0.255285,0.362327,0.277482,7512,0.185304,0.250795,2015-12-01,8.0
M2_simgate,02483,clean,0.11147,1.557589,0.262631,0.348346,0.271087,6120,0.185304,0.255769,2015-12-01,8.0
M2_simgate,02483,clean_exkl_curt,0.074043,1.581084,0.267496,0.352332,0.275862,6120,0.185304,0.255769,2015-12-01,8.0
M2_simgate,04745,raw,0.525113,1.285627,0.034707,0.09657,0.055256,7501,0.012932,0.030733,2003-06-01,20.5
M2_simgate,04745,clean,0.57589,1.273715,0.033261,0.088639,0.052327,7404,0.012932,0.028947,2003-06-01,20.5
M2_simgate,04745,clean_exkl_curt,0.548131,1.282002,0.032157,0.084216,0.049622,7404,0.012932,0.028947,2003-06-01,20.5
M2_simgate,05347,raw,0.571036,1.193672,0.052478,0.197096,0.12279,7511,0.231261,0.05247,2018-07-01,5.42
M2_simgate,05347,clean,0.808211,1.077821,0.038861,0.12452,0.082292,5774,0.231261,0.02056,2018-07-01,5.42
M2_simgate,05347,clean_exkl_curt,0.794472,1.078394,0.038893,0.124811,0.082649,5774,0.231261,0.02056,2018-07-01,5.42
M2_simgate,05426,raw,0.668687,1.108915,0.030943,0.176351,0.110602,7512,0.151624,0.030761,2016-09-26,7.18
M2_simgate,05426,clean,0.837522,1.060662,0.019296,0.122268,0.085071,6373,0.151624,0.018165,2016-09-26,7.18
M2_simgate,05426,clean_exkl_curt,0.832245,1.061508,0.019109,0.122003,0.085102,6373,0.151624,0.018165,2016-09-26,7.18
M2_simgate,07374,raw,0.651468,0.956161,0.024434,0.123624,0.076536,7512,0.02263,-0.008426,2002-05-17,21.54
M2_simgate,07374,clean,0.72431,0.923503,0.028979,0.109997,0.071278,7342,0.02263,-0.014996,2002-05-17,21.54
M2_simgate,07374,clean_exkl_curt,0.726445,0.906969,0.028256,0.105845,0.068682,7342,0.02263,-0.014996,2002-05-17,21.54
M2all,00198_1,raw,0.466706,1.067011,0.019171,0.200628,0.125637,7512,0.097577,0.018062,2013-09-01,10.25
M2all,00198_1,clean,0.628062,1.02035,0.017708,0.165066,0.10861,6779,0.097577,0.005639,2013-09-01,10.25
M2all,00198_1,clean_exkl_curt,0.60934,1.013566,0.017614,0.164614,0.107919,6779,0.097577,0.005639,2013-09-01,10.25
M2all,00198_2,raw,0.741027,1.076105,0.027498,0.170831,0.116126,3649,0.180049,0.027498,2018-12-13,4.97
M2all,00198_2,clean,0.872266,1.074597,0.029403,0.11914,0.086268,2992,0.180049,0.026331,2018-12-13,4.97
M2all,00198_2,clean_exkl_curt,0.869292,1.074995,0.029297,0.119544,0.086665,2992,0.180049,0.026331,2018-12-13,4.97
M2all,00282,raw,0.6198,0.974761,0.018195,0.202743,0.128707,7512,0.15402,-0.009072,2017-02-20,6.78
M2all,00282,clean,0.828938,0.904532,0.033884,0.134906,0.093146,6355,0.15402,-0.033878,2017-02-20,6.78
M2all,00282,clean_exkl_curt,0.827728,0.904139,0.033838,0.134578,0.093226,6355,0.15402,-0.033878,2017-02-20,6.78
M2all,00298,raw,0.483687,1.301858,0.106393,0.237159,0.14756,7512,0.169995,0.106392,2016-12-01,7.0
M2all,00298,clean,0.776009,1.215061,0.075645,0.153586,0.104581,6235,0.169995,0.075197,2016-12-01,7.0
M2all,00298,clean_exkl_curt,0.766903,1.223527,0.076723,0.15479,0.105597,6235,0.169995,0.075197,2016-12-01,7.0
M2all,01200_1,raw,0.124307,1.511769,0.140681,0.273109,0.163232,7512,0.126065,0.140681,2012-01-01,11.92
M2all,01200_1,clean,0.660616,1.355344,0.099241,0.164171,0.115034,6565,0.126065,0.098337,2012-01-01,11.92
M2all,01200_1,clean_exkl_curt,0.637974,1.370217,0.099262,0.164367,0.115161,6565,0.126065,0.098337,2012-01-01,11.92
M2all,01200_2,raw,0.390928,1.475844,0.135941,0.22708,0.151376,7512,0.133387,0.135935,2014-01-01,9.91
M2all,01200_2,clean,0.477173,1.497723,0.125037,0.19098,0.133163,6510,0.133387,0.124954,2014-01-01,9.91
M2all,01200_2,clean_exkl_curt,0.443858,1.518071,0.125354,0.191142,0.133316,6510,0.133387,0.124954,2014-01-01,9.91
M2all,01303_1,raw,0.60814,1.336446,0.073678,0.147322,0.100029,7511,0.05898,0.073264,2009-02-02,14.83
M2all,01303_1,clean,0.625331,1.36043,0.074866,0.13485,0.093215,7068,0.05898,0.074123,2009-02-02,14.83
M2all,01303_1,clean_exkl_curt,0.603596,1.369459,0.073617,0.133103,0.091691,7068,0.05898,0.074123,2009-02-02,14.83
M2all,01303_2,raw,0.740548,1.142322,0.032817,0.109941,0.072264,7511,0.07935,0.028425,2001-11-23,22.02
M2all,01303_2,clean,0.791835,1.146407,0.032084,0.089126,0.062076,6915,0.07935,0.026942,2001-11-23,22.02
M2all,01303_2,clean_exkl_curt,0.783464,1.147259,0.031282,0.087591,0.060802,6915,0.07935,0.026942,2001-11-23,22.02
M2all,02483,raw,0.741467,0.944317,0.025812,0.182947,0.121547,7512,0.176917,-0.025812,2015-12-01,8.0
M2all,02483,clean,0.910646,0.932951,0.035975,0.110841,0.082273,6183,0.176917,-0.030599,2015-12-01,8.0
M2all,02483,clean_exkl_curt,0.907396,0.931581,0.03566,0.1118,0.083008,6183,0.176917,-0.030599,2015-12-01,8.0
M2all,04745,raw,0.667037,1.120266,0.019078,0.080862,0.046093,7501,0.012932,0.01294,2003-06-01,20.5
M2all,04745,clean,0.715178,1.107978,0.017992,0.072639,0.043265,7404,0.012932,0.011419,2003-06-01,20.5
M2all,04745,clean_exkl_curt,0.701103,1.113326,0.018063,0.068494,0.040842,7404,0.012932,0.011419,2003-06-01,20.5
M2all,05347,raw,0.575781,1.186707,0.050595,0.196003,0.122083,7511,0.231261,0.050583,2018-07-01,5.42
M2all,05347,clean,0.812019,1.070827,0.038072,0.123278,0.081644,5774,0.231261,0.018712,2018-07-01,5.42
M2all,05347,clean_exkl_curt,0.798514,1.071131,0.038122,0.123578,0.081999,5774,0.231261,0.018712,2018-07-01,5.42
M2all,05426,raw,0.673614,1.09562,0.027205,0.175035,0.109538,7512,0.151624,0.027006,2016-09-26,7.18
M2all,05426,clean,0.841102,1.047677,0.015471,0.120914,0.084117,6373,0.151624,0.014277,2016-09-26,7.18
M2all,05426,clean_exkl_curt,0.835961,1.048165,0.015262,0.120644,0.084144,6373,0.151624,0.014277,2016-09-26,7.18
M2all,07374,raw,0.663888,1.103585,0.019913,0.121401,0.073298,7512,0.030884,0.01991,2002-05-17,21.54
M2all,07374,clean,0.740177,1.068616,0.01502,0.106767,0.067924,7280,0.030884,0.013559,2002-05-17,21.54
M2all,07374,clean_exkl_curt,0.74522,1.060341,0.013199,0.102135,0.06516,7280,0.030884,0.013559,2002-05-17,21.54
M2noage,00198_1,raw,0.453913,1.094736,0.025553,0.20302,0.126876,7512,0.097577,0.025534,2013-09-01,10.25
M2noage,00198_1,clean,0.617702,1.048207,0.018416,0.167349,0.109658,6779,0.097577,0.013359,2013-09-01,10.25
M2noage,00198_1,clean_exkl_curt,0.598861,1.042205,0.017672,0.166808,0.108927,6779,0.097577,0.013359,2013-09-01,10.25
M2noage,00198_2,raw,0.739371,1.082058,0.029649,0.171376,0.116563,3649,0.180049,0.029649,2018-12-13,4.97
M2noage,00198_2,clean,0.870854,1.080886,0.03098,0.119796,0.086694,2992,0.180049,0.028551,2018-12-13,4.97
M2noage,00198_2,clean_exkl_curt,0.86785,1.081367,0.030899,0.120201,0.087101,2992,0.180049,0.028551,2018-12-13,4.97
M2noage,00282,raw,0.62048,0.984848,0.016511,0.202561,0.128391,7512,0.15402,-0.005446,2017-02-20,6.78
M2noage,00282,clean,0.831796,0.914934,0.030207,0.133774,0.092468,6355,0.15402,-0.030186,2017-02-20,6.78
M2noage,00282,clean_exkl_curt,0.830591,0.914632,0.030198,0.133454,0.09255,6355,0.15402,-0.030186,2017-02-20,6.78
M2noage,00298,raw,0.472221,1.313827,0.110612,0.239778,0.149921,7512,0.169995,0.110611,2016-12-01,7.0
M2noage,00298,clean,0.764357,1.227662,0.080032,0.15753,0.107303,6235,0.169995,0.079603,2016-12-01,7.0
M2noage,00298,clean_exkl_curt,0.754814,1.23644,0.081109,0.158753,0.108328,6235,0.169995,0.079603,2016-12-01,7.0
M2noage,01200_1,raw,0.074491,1.554983,0.15256,0.28077,0.172154,7512,0.126065,0.15256,2012-01-01,11.92
M2noage,01200_1,clean,0.607176,1.400999,0.111685,0.176624,0.125018,6565,0.126065,0.110972,2012-01-01,11.92
M2noage,01200_1,clean_exkl_curt,0.580962,1.417848,0.11173,0.176836,0.125155,6565,0.126065,0.110972,2012-01-01,11.92
M2noage,01200_2,raw,0.350676,1.505052,0.144283,0.234464,0.15809,7512,0.133387,0.144278,2014-01-01,9.91
M2noage,01200_2,clean,0.425041,1.531981,0.133628,0.200276,0.140762,6510,0.133387,0.133554,2014-01-01,9.91
M2noage,01200_2,clean_exkl_curt,0.388407,1.553585,0.133934,0.200445,0.140938,6510,0.133387,0.133554,2014-01-01,9.91
M2noage,01303_1,raw,0.518535,1.413078,0.090365,0.163299,0.112371,7511,0.05898,0.089951,2009-02-02,14.83
M2noage,01303_1,clean,0.520271,1.442488,0.091741,0.15259,0.106396,7068,0.05898,0.090998,2009-02-02,14.83
M2noage,01303_1,clean_exkl_curt,0.490924,1.454396,0.090364,0.150838,0.104804,7068,0.05898,0.090998,2009-02-02,14.83
M2noage,01303_2,raw,0.59863,1.311952,0.063662,0.136743,0.09173,7511,0.07935,0.062303,2001-11-23,22.02
M2noage,01303_2,clean,0.621136,1.331383,0.063069,0.120238,0.08286,6915,0.07935,0.060982,2001-11-23,22.02
M2noage,01303_2,clean_exkl_curt,0.603808,1.336079,0.061731,0.118481,0.081224,6915,0.07935,0.060982,2001-11-23,22.02
M2noage,02483,raw,0.742996,0.955755,0.020582,0.182405,0.1209,7512,0.176917,-0.02051,2015-12-01,8.0
M2noage,02483,clean,0.913426,0.944574,0.033651,0.109104,0.081268,6183,0.176917,-0.025295,2015-12-01,8.0
M2noage,02483,clean_exkl_curt,0.910308,0.943591,0.033284,0.110028,0.081985,6183,0.176917,-0.025295,2015-12-01,8.0
M2noage,04745,raw,0.525113,1.285627,0.034707,0.09657,0.055256,7501,0.012932,0.030733,2003-06-01,20.5
M2noage,04745,clean,0.57589,1.273715,0.033261,0.088639,0.052327,7404,0.012932,0.028947,2003-06-01,20.5
M2noage,04745,clean_exkl_curt,0.548131,1.282002,0.032157,0.084216,0.049622,7404,0.012932,0.028947,2003-06-01,20.5
M2noage,05347,raw,0.571036,1.193672,0.052478,0.197096,0.12279,7511,0.231261,0.05247,2018-07-01,5.42
M2noage,05347,clean,0.808211,1.077821,0.038861,0.12452,0.082292,5774,0.231261,0.02056,2018-07-01,5.42
M2noage,05347,clean_exkl_curt,0.794472,1.078394,0.038893,0.124811,0.082649,5774,0.231261,0.02056,2018-07-01,5.42
M2noage,05426,raw,0.668687,1.108915,0.030943,0.176351,0.110602,7512,0.151624,0.030761,2016-09-26,7.18
M2noage,05426,clean,0.837522,1.060662,0.019296,0.122268,0.085071,6373,0.151624,0.018165,2016-09-26,7.18
M2noage,05426,clean_exkl_curt,0.832245,1.061508,0.019109,0.122003,0.085102,6373,0.151624,0.018165,2016-09-26,7.18
M2noage,07374,raw,0.551858,1.263283,0.050609,0.140181,0.086581,7512,0.030884,0.050607,2002-05-17,21.54
M2noage,07374,clean,0.643101,1.223801,0.044398,0.125133,0.08066,7280,0.030884,0.044224,2002-05-17,21.54
M2noage,07374,clean_exkl_curt,0.648273,1.217844,0.041544,0.120004,0.07754,7280,0.030884,0.044224,2002-05-17,21.54
M3,00198_1,raw,0.378496,1.088502,0.033812,0.216586,0.136316,7512,0.09558,0.023854,2013-09-01,10.25
M3,00198_1,clean,0.536349,1.045913,0.036853,0.183274,0.120087,6794,0.09558,0.01271,2013-09-01,10.25
M3,00198_1,clean_exkl_curt,0.511651,1.038316,0.036985,0.182826,0.119627,6794,0.09558,0.01271,2013-09-01,10.25
M3,00198_2,raw,0.707921,1.010141,0.031215,0.181421,0.121947,3649,0.207728,0.003664,2018-12-13,4.97
M3,00198_2,clean,0.870018,0.994592,0.026491,0.118924,0.084444,2891,0.207728,-0.001832,2018-12-13,4.97
M3,00198_2,clean_exkl_curt,0.866016,0.992152,0.027058,0.119579,0.084884,2891,0.207728,-0.001832,2018-12-13,4.97
M3,00282,raw,0.546564,0.893576,0.044522,0.22141,0.144326,7512,0.14976,-0.038251,2017-02-20,6.78
M3,00282,clean,0.72473,0.802899,0.069911,0.17078,0.115111,6387,0.14976,-0.069906,2017-02-20,6.78
M3,00282,clean_exkl_curt,0.719767,0.800206,0.070446,0.171258,0.115674,6387,0.14976,-0.069906,2017-02-20,6.78
M3,00298,raw,0.501667,1.282339,0.099513,0.232993,0.143804,7512,0.170261,0.099512,2016-12-01,7.0
M3,00298,clean,0.794057,1.194596,0.068526,0.147278,0.10024,6233,0.170261,0.068053,2016-12-01,7.0
M3,00298,clean_exkl_curt,0.785668,1.202533,0.069601,0.148439,0.101231,6233,0.170261,0.068053,2016-12-01,7.0
M3,01200_1,raw,0.079879,1.552785,0.151956,0.279951,0.171561,7512,0.127396,0.151956,2012-01-01,11.92
M3,01200_1,clean,0.614632,1.39829,0.11081,0.174863,0.124101,6555,0.127396,0.11015,2012-01-01,11.92
M3,01200_1,clean_exkl_curt,0.588153,1.415295,0.110924,0.175194,0.124304,6555,0.127396,0.11015,2012-01-01,11.92
M3,01200_2,raw,0.369982,1.49887,0.142516,0.230952,0.156123,7512,0.140176,0.142512,2014-01-01,9.91
M3,01200_2,clean,0.44166,1.532356,0.13211,0.19602,0.138594,6459,0.140176,0.13204,2014-01-01,9.91
M3,01200_2,clean_exkl_curt,0.404515,1.554515,0.132386,0.196145,0.138737,6459,0.140176,0.13204,2014-01-01,9.91
M3,01303_1,raw,0.672082,1.289806,0.063454,0.134767,0.091222,7511,0.065504,0.063107,2009-02-02,14.83
M3,01303_1,clean,0.7081,1.306106,0.062648,0.117271,0.082344,7019,0.065504,0.06199,2009-02-02,14.83
M3,01303_1,clean_exkl_curt,0.689393,1.31411,0.061661,0.115869,0.081103,7019,0.065504,0.06199,2009-02-02,14.83
M3,01303_2,raw,0.650321,1.279472,0.056342,0.127634,0.08514,7511,0.080149,0.055816,2001-11-23,22.02
M3,01303_2,clean,0.69547,1.287362,0.053948,0.107678,0.075082,6909,0.080149,0.052808,2001-11-23,22.02
M3,01303_2,clean_exkl_curt,0.679781,1.290981,0.05249,0.105827,0.073463,6909,0.080149,0.052808,2001-11-23,22.02
M3,02483,raw,0.688591,0.925067,0.034736,0.200786,0.1335,7512,0.187167,-0.034736,2015-12-01,8.0
M3,02483,clean,0.882329,0.897368,0.046334,0.127672,0.090736,6106,0.187167,-0.046334,2015-12-01,8.0
M3,02483,clean_exkl_curt,0.877485,0.893138,0.047308,0.129151,0.091768,6106,0.187167,-0.046334,2015-12-01,8.0
M3,04745,raw,0.612741,1.219801,0.026349,0.087206,0.049669,7501,0.012398,0.02365,2003-06-01,20.5
M3,04745,clean,0.667362,1.202979,0.02452,0.078332,0.046725,7408,0.012398,0.021486,2003-06-01,20.5
M3,04745,clean_exkl_curt,0.646656,1.209325,0.023668,0.074075,0.044228,7408,0.012398,0.021486,2003-06-01,20.5
M3,05347,raw,0.549449,1.186305,0.051064,0.201994,0.125726,7511,0.228731,0.050474,2018-07-01,5.42
M3,05347,clean,0.786221,1.074081,0.046994,0.130359,0.085598,5793,0.228731,0.019042,2018-07-01,5.42
M3,05347,clean_exkl_curt,0.773946,1.071829,0.046862,0.130116,0.085582,5793,0.228731,0.019042,2018-07-01,5.42
M3,05426,raw,0.577596,1.137724,0.038902,0.199123,0.125449,7512,0.156816,0.038898,2016-09-26,7.18
M3,05426,clean,0.757446,1.106098,0.035194,0.146752,0.098965,6334,0.156816,0.030948,2016-09-26,7.18
M3,05426,clean_exkl_curt,0.746557,1.106488,0.035217,0.147197,0.099277,6334,0.156816,0.030948,2016-09-26,7.18
M3,07374,raw,0.670583,1.10846,0.02085,0.120186,0.072405,7512,0.031949,0.020848,2002-05-17,21.54
M3,07374,clean,0.749489,1.072344,0.014594,0.10477,0.066842,7272,0.031949,0.014297,2002-05-17,21.54
M3,07374,clean_exkl_curt,0.752953,1.064924,0.012672,0.100488,0.064273,7272,0.031949,0.014297,2002-05-17,21.54
M3allconst,00198_1,raw,0.40048,1.042841,0.033141,0.212721,0.134294,7512,0.09558,0.011547,2013-09-01,10.25
M3allconst,00198_1,clean,0.555738,1.000411,0.037715,0.179401,0.118238,6794,0.09558,0.000114,2013-09-01,10.25
M3allconst,00198_1,clean_exkl_curt,0.531317,0.991571,0.038125,0.179107,0.117853,6794,0.09558,0.000114,2013-09-01,10.25
M3allconst,00198_2,raw,0.707955,0.99153,0.034462,0.181411,0.121788,3649,0.207728,-0.00306,2018-12-13,4.97
M3allconst,00198_2,clean,0.868037,0.975418,0.030884,0.119827,0.084771,2891,0.207728,-0.008326,2018-12-13,4.97
M3allconst,00198_2,clean_exkl_curt,0.863924,0.972757,0.03148,0.120509,0.085208,2891,0.207728,-0.008326,2018-12-13,4.97
M3allconst,00282,raw,0.546564,0.893576,0.044522,0.22141,0.144326,7512,0.14976,-0.038251,2017-02-20,6.78
M3allconst,00282,clean,0.72473,0.802899,0.069911,0.17078,0.115111,6387,0.14976,-0.069906,2017-02-20,6.78
M3allconst,00282,clean_exkl_curt,0.719767,0.800206,0.070446,0.171258,0.115674,6387,0.14976,-0.069906,2017-02-20,6.78
M3allconst,00298,raw,0.501667,1.282339,0.099513,0.232993,0.143804,7512,0.170261,0.099512,2016-12-01,7.0
M3allconst,00298,clean,0.794057,1.194596,0.068526,0.147278,0.10024,6233,0.170261,0.068053,2016-12-01,7.0
M3allconst,00298,clean_exkl_curt,0.785668,1.202533,0.069601,0.148439,0.101231,6233,0.170261,0.068053,2016-12-01,7.0
M3allconst,01200_1,raw,0.155224,1.485097,0.133349,0.268245,0.157867,7512,0.127396,0.133349,2012-01-01,11.92
M3allconst,01200_1,clean,0.694774,1.326788,0.091332,0.155622,0.108798,6555,0.127396,0.090376,2012-01-01,11.92
M3allconst,01200_1,clean_exkl_curt,0.673738,1.340675,0.091403,0.155931,0.108982,6555,0.127396,0.090376,2012-01-01,11.92
M3allconst,01200_2,raw,0.442229,1.443832,0.126796,0.217307,0.1436,7512,0.140176,0.12679,2014-01-01,9.91
M3allconst,01200_2,clean,0.536999,1.466907,0.115895,0.178502,0.124226,6459,0.140176,0.115807,2014-01-01,9.91
M3allconst,01200_2,clean_exkl_curt,0.506222,1.486565,0.116188,0.178611,0.124324,6459,0.140176,0.115807,2014-01-01,9.91
M3allconst,01303_1,raw,0.672082,1.289806,0.063454,0.134767,0.091222,7511,0.065504,0.063107,2009-02-02,14.83
M3allconst,01303_1,clean,0.7081,1.306106,0.062648,0.117271,0.082344,7019,0.065504,0.06199,2009-02-02,14.83
M3allconst,01303_1,clean_exkl_curt,0.689393,1.31411,0.061661,0.115869,0.081103,7019,0.065504,0.06199,2009-02-02,14.83
M3allconst,01303_2,raw,0.754348,1.133989,0.028231,0.106978,0.069829,7511,0.080149,0.02676,2001-11-23,22.02
M3allconst,01303_2,clean,0.815895,1.129298,0.025992,0.083723,0.058834,6909,0.080149,0.023761,2001-11-23,22.02
M3allconst,01303_2,clean_exkl_curt,0.806038,1.129627,0.025076,0.082363,0.057699,6909,0.080149,0.023761,2001-11-23,22.02
M3allconst,02483,raw,0.688591,0.925067,0.034736,0.200786,0.1335,7512,0.187167,-0.034736,2015-12-01,8.0
M3allconst,02483,clean,0.882329,0.897368,0.046334,0.127672,0.090736,6106,0.187167,-0.046334,2015-12-01,8.0
M3allconst,02483,clean_exkl_curt,0.877485,0.893138,0.047308,0.129151,0.091768,6106,0.187167,-0.046334,2015-12-01,8.0
M3allconst,04745,raw,0.70799,1.073856,0.012325,0.075726,0.043406,7501,0.012398,0.007947,2003-06-01,20.5
M3allconst,04745,clean,0.755734,1.057036,0.010888,0.067125,0.040676,7408,0.012398,0.006038,2003-06-01,20.5
M3allconst,04745,clean_exkl_curt,0.744205,1.061031,0.011131,0.063026,0.038266,7408,0.012398,0.006038,2003-06-01,20.5
M3allconst,05347,raw,0.564788,1.164031,0.046651,0.198526,0.123566,7511,0.228731,0.044439,2018-07-01,5.42
M3allconst,05347,clean,0.798579,1.051834,0.045171,0.126535,0.083569,5793,0.228731,0.013324,2018-07-01,5.42
M3allconst,05347,clean_exkl_curt,0.786767,1.048876,0.045139,0.126372,0.083605,5793,0.228731,0.013324,2018-07-01,5.42
M3allconst,05426,raw,0.5922,1.107882,0.032857,0.195651,0.122588,7512,0.156816,0.03047,2016-09-26,7.18
M3allconst,05426,clean,0.772746,1.076889,0.03404,0.142048,0.095929,6334,0.156816,0.022428,2016-09-26,7.18
M3allconst,05426,clean_exkl_curt,0.762589,1.076459,0.034197,0.142465,0.096225,6334,0.156816,0.022428,2016-09-26,7.18
M3allconst,07374,raw,0.670583,1.10846,0.02085,0.120186,0.072405,7512,0.031949,0.020848,2002-05-17,21.54
M3allconst,07374,clean,0.749489,1.072344,0.014594,0.10477,0.066842,7272,0.031949,0.014297,2002-05-17,21.54
M3allconst,07374,clean_exkl_curt,0.752953,1.064924,0.012672,0.100488,0.064273,7272,0.031949,0.014297,2002-05-17,21.54
M3noage,00198_1,raw,0.378496,1.088502,0.033812,0.216586,0.136316,7512,0.09558,0.023854,2013-09-01,10.25
M3noage,00198_1,clean,0.536349,1.045913,0.036853,0.183274,0.120087,6794,0.09558,0.01271,2013-09-01,10.25
M3noage,00198_1,clean_exkl_curt,0.511651,1.038316,0.036985,0.182826,0.119627,6794,0.09558,0.01271,2013-09-01,10.25
M3noage,00198_2,raw,0.707921,1.010141,0.031215,0.181421,0.121947,3649,0.207728,0.003664,2018-12-13,4.97
M3noage,00198_2,clean,0.870018,0.994592,0.026491,0.118924,0.084444,2891,0.207728,-0.001832,2018-12-13,4.97
M3noage,00198_2,clean_exkl_curt,0.866016,0.992152,0.027058,0.119579,0.084884,2891,0.207728,-0.001832,2018-12-13,4.97
M3noage,00282,raw,0.55407,0.918024,0.037705,0.21957,0.142675,7512,0.14976,-0.029464,2017-02-20,6.78
M3noage,00282,clean,0.739883,0.827621,0.061154,0.166013,0.112222,6387,0.14976,-0.061138,2017-02-20,6.78
M3noage,00282,clean_exkl_curt,0.735093,0.825098,0.06168,0.166509,0.112801,6387,0.14976,-0.061138,2017-02-20,6.78
M3noage,00298,raw,0.472258,1.313983,0.110667,0.23977,0.149926,7512,0.170261,0.110666,2016-12-01,7.0
M3noage,00298,clean,0.764444,1.227902,0.080131,0.157511,0.107282,6233,0.170261,0.0797,2016-12-01,7.0
M3noage,00298,clean_exkl_curt,0.754907,1.236697,0.081212,0.158734,0.108307,6233,0.170261,0.0797,2016-12-01,7.0
M3noage,01200_1,raw,0.079879,1.552785,0.151956,0.279951,0.171561,7512,0.127396,0.151956,2012-01-01,11.92
M3noage,01200_1,clean,0.614632,1.39829,0.11081,0.174863,0.124101,6555,0.127396,0.11015,2012-01-01,11.92
M3noage,01200_1,clean_exkl_curt,0.588153,1.415295,0.110924,0.175194,0.124304,6555,0.127396,0.11015,2012-01-01,11.92
M3noage,01200_2,raw,0.369982,1.49887,0.142516,0.230952,0.156123,7512,0.140176,0.142512,2014-01-01,9.91
M3noage,01200_2,clean,0.44166,1.532356,0.13211,0.19602,0.138594,6459,0.140176,0.13204,2014-01-01,9.91
M3noage,01200_2,clean_exkl_curt,0.404515,1.554515,0.132386,0.196145,0.138737,6459,0.140176,0.13204,2014-01-01,9.91
M3noage,01303_1,raw,0.574081,1.386903,0.084597,0.153591,0.105957,7511,0.065504,0.084251,2009-02-02,14.83
M3noage,01303_1,clean,0.591604,1.411249,0.083941,0.138712,0.098172,7019,0.065504,0.083282,2009-02-02,14.83
M3noage,01303_1,clean_exkl_curt,0.564565,1.422848,0.082773,0.13719,0.096807,7019,0.065504,0.083282,2009-02-02,14.83
M3noage,01303_2,raw,0.650321,1.279472,0.056342,0.127634,0.08514,7511,0.080149,0.055816,2001-11-23,22.02
M3noage,01303_2,clean,0.69547,1.287362,0.053948,0.107678,0.075082,6909,0.080149,0.052808,2001-11-23,22.02
M3noage,01303_2,clean_exkl_curt,0.679781,1.290981,0.05249,0.105827,0.073463,6909,0.080149,0.052808,2001-11-23,22.02
M3noage,02483,raw,0.692893,0.948849,0.023719,0.199394,0.132221,7512,0.187167,-0.023712,2015-12-01,8.0
M3noage,02483,clean,0.890703,0.921388,0.03549,0.123045,0.088224,6106,0.187167,-0.03549,2015-12-01,8.0
M3noage,02483,clean_exkl_curt,0.88636,0.917819,0.036382,0.124385,0.08919,6106,0.187167,-0.03549,2015-12-01,8.0
M3noage,04745,raw,0.612741,1.219801,0.026349,0.087206,0.049669,7501,0.012398,0.02365,2003-06-01,20.5
M3noage,04745,clean,0.667362,1.202979,0.02452,0.078332,0.046725,7408,0.012398,0.021486,2003-06-01,20.5
M3noage,04745,clean_exkl_curt,0.646656,1.209325,0.023668,0.074075,0.044228,7408,0.012398,0.021486,2003-06-01,20.5
M3noage,05347,raw,0.549449,1.186305,0.051064,0.201994,0.125726,7511,0.228731,0.050474,2018-07-01,5.42
M3noage,05347,clean,0.786221,1.074081,0.046994,0.130359,0.085598,5793,0.228731,0.019042,2018-07-01,5.42
M3noage,05347,clean_exkl_curt,0.773946,1.071829,0.046862,0.130116,0.085582,5793,0.228731,0.019042,2018-07-01,5.42
M3noage,05426,raw,0.577596,1.137724,0.038902,0.199123,0.125449,7512,0.156816,0.038898,2016-09-26,7.18
M3noage,05426,clean,0.757446,1.106098,0.035194,0.146752,0.098965,6334,0.156816,0.030948,2016-09-26,7.18
M3noage,05426,clean_exkl_curt,0.746557,1.106488,0.035217,0.147197,0.099277,6334,0.156816,0.030948,2016-09-26,7.18
M3noage,07374,raw,0.58031,1.247847,0.047642,0.135658,0.083353,7512,0.031949,0.047639,2002-05-17,21.54
M3noage,07374,clean,0.673189,1.207764,0.041212,0.119667,0.077273,7272,0.031949,0.041059,2002-05-17,21.54
M3noage,07374,clean_exkl_curt,0.677103,1.202347,0.038578,0.114883,0.074363,7272,0.031949,0.041059,2002-05-17,21.54
M4,00198_1,raw,0.378496,1.088502,0.033812,0.216586,0.136316,7512,0.09558,0.023854,2013-09-01,10.25
M4,00198_1,clean,0.536349,1.045913,0.036853,0.183274,0.120087,6794,0.09558,0.01271,2013-09-01,10.25
M4,00198_1,clean_exkl_curt,0.511651,1.038316,0.036985,0.182826,0.119627,6794,0.09558,0.01271,2013-09-01,10.25
M4,00198_2,raw,0.707921,1.010141,0.031215,0.181421,0.121947,3649,0.207728,0.003664,2018-12-13,4.97
M4,00198_2,clean,0.870018,0.994592,0.026491,0.118924,0.084444,2891,0.207728,-0.001832,2018-12-13,4.97
M4,00198_2,clean_exkl_curt,0.866016,0.992152,0.027058,0.119579,0.084884,2891,0.207728,-0.001832,2018-12-13,4.97
M4,00282,raw,0.551515,0.909038,0.040131,0.220198,0.143232,7512,0.14976,-0.032694,2017-02-20,6.78
M4,00282,clean,0.734569,0.818512,0.064377,0.1677,0.113221,6387,0.14976,-0.064368,2017-02-20,6.78
M4,00282,clean_exkl_curt,0.729716,0.81593,0.064906,0.168191,0.113797,6387,0.14976,-0.064368,2017-02-20,6.78
M4,00298,raw,0.483726,1.302011,0.106447,0.23715,0.147565,7512,0.170261,0.106446,2016-12-01,7.0
M4,00298,clean,0.776101,1.215298,0.075742,0.153564,0.104559,6233,0.170261,0.075293,2016-12-01,7.0
M4,00298,clean_exkl_curt,0.767001,1.223782,0.076825,0.154768,0.105574,6233,0.170261,0.075293,2016-12-01,7.0
M4,01200_1,raw,0.079879,1.552785,0.151956,0.279951,0.171561,7512,0.127396,0.151956,2012-01-01,11.92
M4,01200_1,clean,0.614632,1.39829,0.11081,0.174863,0.124101,6555,0.127396,0.11015,2012-01-01,11.92
M4,01200_1,clean_exkl_curt,0.588153,1.415295,0.110924,0.175194,0.124304,6555,0.127396,0.11015,2012-01-01,11.92
M4,01200_2,raw,0.369982,1.49887,0.142516,0.230952,0.156123,7512,0.140176,0.142512,2014-01-01,9.91
M4,01200_2,clean,0.44166,1.532356,0.13211,0.19602,0.138594,6459,0.140176,0.13204,2014-01-01,9.91
M4,01200_2,clean_exkl_curt,0.404515,1.554515,0.132386,0.196145,0.138737,6459,0.140176,0.13204,2014-01-01,9.91
M4,01303_1,raw,0.654097,1.309545,0.067752,0.138414,0.094049,7511,0.065504,0.067406,2009-02-02,14.83
M4,01303_1,clean,0.686857,1.327426,0.066966,0.121463,0.085378,7019,0.065504,0.066307,2009-02-02,14.83
M4,01303_1,clean_exkl_curt,0.666664,1.336132,0.065936,0.120033,0.084106,7019,0.065504,0.066307,2009-02-02,14.83
M4,01303_2,raw,0.650321,1.279472,0.056342,0.127634,0.08514,7511,0.080149,0.055816,2001-11-23,22.02
M4,01303_2,clean,0.69547,1.287362,0.053948,0.107678,0.075082,6909,0.080149,0.052808,2001-11-23,22.02
M4,01303_2,clean_exkl_curt,0.679781,1.290981,0.05249,0.105827,0.073463,6909,0.080149,0.052808,2001-11-23,22.02
M4,02483,raw,0.691341,0.938605,0.02846,0.199897,0.132703,7512,0.187167,-0.02846,2015-12-01,8.0
M4,02483,clean,0.887451,0.911022,0.04017,0.124862,0.089204,6106,0.187167,-0.04017,2015-12-01,8.0
M4,02483,clean_exkl_curt,0.882897,0.90717,0.041096,0.126266,0.090197,6106,0.187167,-0.04017,2015-12-01,8.0
M4,04745,raw,0.612741,1.219801,0.026349,0.087206,0.049669,7501,0.012398,0.02365,2003-06-01,20.5
M4,04745,clean,0.667362,1.202979,0.02452,0.078332,0.046725,7408,0.012398,0.021486,2003-06-01,20.5
M4,04745,clean_exkl_curt,0.646656,1.209325,0.023668,0.074075,0.044228,7408,0.012398,0.021486,2003-06-01,20.5
M4,05347,raw,0.549449,1.186305,0.051064,0.201994,0.125726,7511,0.228731,0.050474,2018-07-01,5.42
M4,05347,clean,0.786221,1.074081,0.046994,0.130359,0.085598,5793,0.228731,0.019042,2018-07-01,5.42
M4,05347,clean_exkl_curt,0.773946,1.071829,0.046862,0.130116,0.085582,5793,0.228731,0.019042,2018-07-01,5.42
M4,05426,raw,0.577596,1.137724,0.038902,0.199123,0.125449,7512,0.156816,0.038898,2016-09-26,7.18
M4,05426,clean,0.757446,1.106098,0.035194,0.146752,0.098965,6334,0.156816,0.030948,2016-09-26,7.18
M4,05426,clean_exkl_curt,0.746557,1.106488,0.035217,0.147197,0.099277,6334,0.156816,0.030948,2016-09-26,7.18
M4,07374,raw,0.679307,1.088272,0.01697,0.118584,0.071345,7512,0.031949,0.016967,2002-05-17,21.54
M4,07374,clean,0.756205,1.052707,0.011019,0.103356,0.065869,7272,0.031949,0.010416,2002-05-17,21.54
M4,07374,clean_exkl_curt,0.759412,1.04507,0.009204,0.099166,0.063357,7272,0.031949,0.010416,2002-05-17,21.54
M4all,00198_1,raw,0.391098,1.063319,0.033198,0.214379,0.135135,7512,0.09558,0.017067,2013-09-01,10.25
M4all,00198_1,clean,0.547598,1.020812,0.037143,0.181037,0.118991,6794,0.09558,0.005761,2013-09-01,10.25
M4all,00198_1,clean_exkl_curt,0.523097,1.012522,0.037451,0.18067,0.118567,6794,0.09558,0.005761,2013-09-01,10.25
M4all,00198_2,raw,0.708024,1.004908,0.032072,0.181389,0.121878,3649,0.207728,0.001773,2018-12-13,4.97
M4all,00198_2,clean,0.869586,0.989186,0.027694,0.119121,0.084495,2891,0.207728,-0.003663,2018-12-13,4.97
M4all,00198_2,clean_exkl_curt,0.865552,0.986687,0.028271,0.119786,0.084934,2891,0.207728,-0.003663,2018-12-13,4.97
M4all,00282,raw,0.551515,0.909038,0.040131,0.220198,0.143232,7512,0.14976,-0.032694,2017-02-20,6.78
M4all,00282,clean,0.734569,0.818512,0.064377,0.1677,0.113221,6387,0.14976,-0.064368,2017-02-20,6.78
M4all,00282,clean_exkl_curt,0.729716,0.81593,0.064906,0.168191,0.113797,6387,0.14976,-0.064368,2017-02-20,6.78
M4all,00298,raw,0.483726,1.302011,0.106447,0.23715,0.147565,7512,0.170261,0.106446,2016-12-01,7.0
M4all,00298,clean,0.776101,1.215298,0.075742,0.153564,0.104559,6233,0.170261,0.075293,2016-12-01,7.0
M4all,00298,clean_exkl_curt,0.767001,1.223782,0.076825,0.154768,0.105574,6233,0.170261,0.075293,2016-12-01,7.0
M4all,01200_1,raw,0.129423,1.509398,0.140029,0.27231,0.162648,7512,0.127396,0.140029,2012-01-01,11.92
M4all,01200_1,clean,0.667682,1.352416,0.098309,0.162381,0.114125,6555,0.127396,0.097463,2012-01-01,11.92
M4all,01200_1,clean_exkl_curt,0.644796,1.367426,0.098395,0.162701,0.114318,6555,0.127396,0.097463,2012-01-01,11.92
M4all,01200_2,raw,0.40961,1.469443,0.13411,0.223571,0.149343,7512,0.140176,0.134106,2014-01-01,9.91
M4all,01200_2,clean,0.494022,1.497313,0.123427,0.186602,0.130831,6459,0.140176,0.123348,2014-01-01,9.91
M4all,01200_2,clean_exkl_curt,0.460356,1.518149,0.123715,0.186722,0.130952,6459,0.140176,0.123348,2014-01-01,9.91
M4all,01303_1,raw,0.654097,1.309545,0.067752,0.138414,0.094049,7511,0.065504,0.067406,2009-02-02,14.83
M4all,01303_1,clean,0.686857,1.327426,0.066966,0.121463,0.085378,7019,0.065504,0.066307,2009-02-02,14.83
M4all,01303_1,clean_exkl_curt,0.666664,1.336132,0.065936,0.120033,0.084106,7019,0.065504,0.066307,2009-02-02,14.83
M4all,01303_2,raw,0.766504,1.109281,0.023605,0.104297,0.067869,7511,0.080149,0.021826,2001-11-23,22.02
M4all,01303_2,clean,0.829377,1.102654,0.021418,0.080599,0.056789,6909,0.080149,0.018865,2001-11-23,22.02
M4all,01303_2,clean_exkl_curt,0.819985,1.102579,0.020619,0.079346,0.055748,6909,0.080149,0.018865,2001-11-23,22.02
M4all,02483,raw,0.691341,0.938605,0.02846,0.199897,0.132703,7512,0.187167,-0.02846,2015-12-01,8.0
M4all,02483,clean,0.887451,0.911022,0.04017,0.124862,0.089204,6106,0.187167,-0.04017,2015-12-01,8.0
M4all,02483,clean_exkl_curt,0.882897,0.90717,0.041096,0.126266,0.090197,6106,0.187167,-0.04017,2015-12-01,8.0
M4all,04745,raw,0.713743,1.060588,0.011139,0.074976,0.043034,7501,0.012398,0.006519,2003-06-01,20.5
M4all,04745,clean,0.760755,1.043786,0.009742,0.066432,0.040324,7408,0.012398,0.004635,2003-06-01,20.5
M4all,04745,clean_exkl_curt,0.749955,1.047577,0.010085,0.062313,0.037902,7408,0.012398,0.004635,2003-06-01,20.5
M4all,05347,raw,0.554007,1.179781,0.049635,0.20097,0.125085,7511,0.228731,0.048706,2018-07-01,5.42
M4all,05347,clean,0.789955,1.067562,0.046424,0.129215,0.084994,5793,0.228731,0.017366,2018-07-01,5.42
M4all,05347,clean_exkl_curt,0.777822,1.065101,0.046324,0.128996,0.084993,5793,0.228731,0.017366,2018-07-01,5.42
M4all,05426,raw,0.58346,1.126174,0.035909,0.197736,0.124313,7512,0.156816,0.035636,2016-09-26,7.18
M4all,05426,clean,0.76365,1.094785,0.034561,0.144863,0.09775,6334,0.156816,0.027648,2016-09-26,7.18
M4all,05426,clean_exkl_curt,0.753059,1.094851,0.03467,0.145296,0.098054,6334,0.156816,0.027648,2016-09-26,7.18
M4all,07374,raw,0.679307,1.088272,0.01697,0.118584,0.071345,7512,0.031949,0.016967,2002-05-17,21.54
M4all,07374,clean,0.756205,1.052707,0.011019,0.103356,0.065869,7272,0.031949,0.010416,2002-05-17,21.54
M4all,07374,clean_exkl_curt,0.759412,1.04507,0.009204,0.099166,0.063357,7272,0.031949,0.010416,2002-05-17,21.54
M4all_noage,00198_1,raw,0.378496,1.088502,0.033812,0.216586,0.136316,7512,0.09558,0.023854,2013-09-01,10.25
M4all_noage,00198_1,clean,0.536349,1.045913,0.036853,0.183274,0.120087,6794,0.09558,0.01271,2013-09-01,10.25
M4all_noage,00198_1,clean_exkl_curt,0.511651,1.038316,0.036985,0.182826,0.119627,6794,0.09558,0.01271,2013-09-01,10.25
M4all_noage,00198_2,raw,0.707921,1.010141,0.031215,0.181421,0.121947,3649,0.207728,0.003664,2018-12-13,4.97
M4all_noage,00198_2,clean,0.870018,0.994592,0.026491,0.118924,0.084444,2891,0.207728,-0.001832,2018-12-13,4.97
M4all_noage,00198_2,clean_exkl_curt,0.866016,0.992152,0.027058,0.119579,0.084884,2891,0.207728,-0.001832,2018-12-13,4.97
M4all_noage,00282,raw,0.55407,0.918024,0.037705,0.21957,0.142675,7512,0.14976,-0.029464,2017-02-20,6.78
M4all_noage,00282,clean,0.739883,0.827621,0.061154,0.166013,0.112222,6387,0.14976,-0.061138,2017-02-20,6.78
M4all_noage,00282,clean_exkl_curt,0.735093,0.825098,0.06168,0.166509,0.112801,6387,0.14976,-0.061138,2017-02-20,6.78
M4all_noage,00298,raw,0.472258,1.313983,0.110667,0.23977,0.149926,7512,0.170261,0.110666,2016-12-01,7.0
M4all_noage,00298,clean,0.764444,1.227902,0.080131,0.157511,0.107282,6233,0.170261,0.0797,2016-12-01,7.0
M4all_noage,00298,clean_exkl_curt,0.754907,1.236697,0.081212,0.158734,0.108307,6233,0.170261,0.0797,2016-12-01,7.0
M4all_noage,01200_1,raw,0.079879,1.552785,0.151956,0.279951,0.171561,7512,0.127396,0.151956,2012-01-01,11.92
M4all_noage,01200_1,clean,0.614632,1.39829,0.11081,0.174863,0.124101,6555,0.127396,0.11015,2012-01-01,11.92
M4all_noage,01200_1,clean_exkl_curt,0.588153,1.415295,0.110924,0.175194,0.124304,6555,0.127396,0.11015,2012-01-01,11.92
M4all_noage,01200_2,raw,0.369982,1.49887,0.142516,0.230952,0.156123,7512,0.140176,0.142512,2014-01-01,9.91
M4all_noage,01200_2,clean,0.44166,1.532356,0.13211,0.19602,0.138594,6459,0.140176,0.13204,2014-01-01,9.91
M4all_noage,01200_2,clean_exkl_curt,0.404515,1.554515,0.132386,0.196145,0.138737,6459,0.140176,0.13204,2014-01-01,9.91
M4all_noage,01303_1,raw,0.574081,1.386903,0.084597,0.153591,0.105957,7511,0.065504,0.084251,2009-02-02,14.83
M4all_noage,01303_1,clean,0.591604,1.411249,0.083941,0.138712,0.098172,7019,0.065504,0.083282,2009-02-02,14.83
M4all_noage,01303_1,clean_exkl_curt,0.564565,1.422848,0.082773,0.13719,0.096807,7019,0.065504,0.083282,2009-02-02,14.83
M4all_noage,01303_2,raw,0.650321,1.279472,0.056342,0.127634,0.08514,7511,0.080149,0.055816,2001-11-23,22.02
M4all_noage,01303_2,clean,0.69547,1.287362,0.053948,0.107678,0.075082,6909,0.080149,0.052808,2001-11-23,22.02
M4all_noage,01303_2,clean_exkl_curt,0.679781,1.290981,0.05249,0.105827,0.073463,6909,0.080149,0.052808,2001-11-23,22.02
M4all_noage,02483,raw,0.692893,0.948849,0.023719,0.199394,0.132221,7512,0.187167,-0.023712,2015-12-01,8.0
M4all_noage,02483,clean,0.890703,0.921388,0.03549,0.123045,0.088224,6106,0.187167,-0.03549,2015-12-01,8.0
M4all_noage,02483,clean_exkl_curt,0.88636,0.917819,0.036382,0.124385,0.08919,6106,0.187167,-0.03549,2015-12-01,8.0
M4all_noage,04745,raw,0.612741,1.219801,0.026349,0.087206,0.049669,7501,0.012398,0.02365,2003-06-01,20.5
M4all_noage,04745,clean,0.667362,1.202979,0.02452,0.078332,0.046725,7408,0.012398,0.021486,2003-06-01,20.5
M4all_noage,04745,clean_exkl_curt,0.646656,1.209325,0.023668,0.074075,0.044228,7408,0.012398,0.021486,2003-06-01,20.5
M4all_noage,05347,raw,0.549449,1.186305,0.051064,0.201994,0.125726,7511,0.228731,0.050474,2018-07-01,5.42
M4all_noage,05347,clean,0.786221,1.074081,0.046994,0.130359,0.085598,5793,0.228731,0.019042,2018-07-01,5.42
M4all_noage,05347,clean_exkl_curt,0.773946,1.071829,0.046862,0.130116,0.085582,5793,0.228731,0.019042,2018-07-01,5.42
M4all_noage,05426,raw,0.577596,1.137724,0.038902,0.199123,0.125449,7512,0.156816,0.038898,2016-09-26,7.18
M4all_noage,05426,clean,0.757446,1.106098,0.035194,0.146752,0.098965,6334,0.156816,0.030948,2016-09-26,7.18
M4all_noage,05426,clean_exkl_curt,0.746557,1.106488,0.035217,0.147197,0.099277,6334,0.156816,0.030948,2016-09-26,7.18
M4all_noage,07374,raw,0.58031,1.247847,0.047642,0.135658,0.083353,7512,0.031949,0.047639,2002-05-17,21.54
M4all_noage,07374,clean,0.673189,1.207764,0.041212,0.119667,0.077273,7272,0.031949,0.041059,2002-05-17,21.54
M4all_noage,07374,clean_exkl_curt,0.677103,1.202347,0.038578,0.114883,0.074363,7272,0.031949,0.041059,2002-05-17,21.54
M4b,00198_1,raw,0.378496,1.088502,0.033812,0.216586,0.136316,7512,0.09558,0.023854,2013-09-01,10.25
M4b,00198_1,clean,0.536349,1.045913,0.036853,0.183274,0.120087,6794,0.09558,0.01271,2013-09-01,10.25
M4b,00198_1,clean_exkl_curt,0.511651,1.038316,0.036985,0.182826,0.119627,6794,0.09558,0.01271,2013-09-01,10.25
M4b,00198_2,raw,0.707921,1.010141,0.031215,0.181421,0.121947,3649,0.207728,0.003664,2018-12-13,4.97
M4b,00198_2,clean,0.870018,0.994592,0.026491,0.118924,0.084444,2891,0.207728,-0.001832,2018-12-13,4.97
M4b,00198_2,clean_exkl_curt,0.866016,0.992152,0.027058,0.119579,0.084884,2891,0.207728,-0.001832,2018-12-13,4.97
M4b,00282,raw,0.551515,0.909038,0.040131,0.220198,0.143232,7512,0.14976,-0.032694,2017-02-20,6.78
M4b,00282,clean,0.734569,0.818512,0.064377,0.1677,0.113221,6387,0.14976,-0.064368,2017-02-20,6.78
M4b,00282,clean_exkl_curt,0.729716,0.81593,0.064906,0.168191,0.113797,6387,0.14976,-0.064368,2017-02-20,6.78
M4b,00298,raw,0.483726,1.302011,0.106447,0.23715,0.147565,7512,0.170261,0.106446,2016-12-01,7.0
M4b,00298,clean,0.776101,1.215298,0.075742,0.153564,0.104559,6233,0.170261,0.075293,2016-12-01,7.0
M4b,00298,clean_exkl_curt,0.767001,1.223782,0.076825,0.154768,0.105574,6233,0.170261,0.075293,2016-12-01,7.0
M4b,01200_1,raw,0.079879,1.552785,0.151956,0.279951,0.171561,7512,0.127396,0.151956,2012-01-01,11.92
M4b,01200_1,clean,0.614632,1.39829,0.11081,0.174863,0.124101,6555,0.127396,0.11015,2012-01-01,11.92
M4b,01200_1,clean_exkl_curt,0.588153,1.415295,0.110924,0.175194,0.124304,6555,0.127396,0.11015,2012-01-01,11.92
M4b,01200_2,raw,0.369982,1.49887,0.142516,0.230952,0.156123,7512,0.140176,0.142512,2014-01-01,9.91
M4b,01200_2,clean,0.44166,1.532356,0.13211,0.19602,0.138594,6459,0.140176,0.13204,2014-01-01,9.91
M4b,01200_2,clean_exkl_curt,0.404515,1.554515,0.132386,0.196145,0.138737,6459,0.140176,0.13204,2014-01-01,9.91
M4b,01303_1,raw,0.654097,1.309545,0.067752,0.138414,0.094049,7511,0.065504,0.067406,2009-02-02,14.83
M4b,01303_1,clean,0.686857,1.327426,0.066966,0.121463,0.085378,7019,0.065504,0.066307,2009-02-02,14.83
M4b,01303_1,clean_exkl_curt,0.666664,1.336132,0.065936,0.120033,0.084106,7019,0.065504,0.066307,2009-02-02,14.83
M4b,01303_2,raw,0.650321,1.279472,0.056342,0.127634,0.08514,7511,0.080149,0.055816,2001-11-23,22.02
M4b,01303_2,clean,0.69547,1.287362,0.053948,0.107678,0.075082,6909,0.080149,0.052808,2001-11-23,22.02
M4b,01303_2,clean_exkl_curt,0.679781,1.290981,0.05249,0.105827,0.073463,6909,0.080149,0.052808,2001-11-23,22.02
M4b,02483,raw,0.691341,0.938605,0.02846,0.199897,0.132703,7512,0.187167,-0.02846,2015-12-01,8.0
M4b,02483,clean,0.887451,0.911022,0.04017,0.124862,0.089204,6106,0.187167,-0.04017,2015-12-01,8.0
M4b,02483,clean_exkl_curt,0.882897,0.90717,0.041096,0.126266,0.090197,6106,0.187167,-0.04017,2015-12-01,8.0
M4b,04745,raw,0.612741,1.219801,0.026349,0.087206,0.049669,7501,0.012398,0.02365,2003-06-01,20.5
M4b,04745,clean,0.667362,1.202979,0.02452,0.078332,0.046725,7408,0.012398,0.021486,2003-06-01,20.5
M4b,04745,clean_exkl_curt,0.646656,1.209325,0.023668,0.074075,0.044228,7408,0.012398,0.021486,2003-06-01,20.5
M4b,05347,raw,0.549449,1.186305,0.051064,0.201994,0.125726,7511,0.228731,0.050474,2018-07-01,5.42
M4b,05347,clean,0.786221,1.074081,0.046994,0.130359,0.085598,5793,0.228731,0.019042,2018-07-01,5.42
M4b,05347,clean_exkl_curt,0.773946,1.071829,0.046862,0.130116,0.085582,5793,0.228731,0.019042,2018-07-01,5.42
M4b,05426,raw,0.577596,1.137724,0.038902,0.199123,0.125449,7512,0.156816,0.038898,2016-09-26,7.18
M4b,05426,clean,0.757446,1.106098,0.035194,0.146752,0.098965,6334,0.156816,0.030948,2016-09-26,7.18
M4b,05426,clean_exkl_curt,0.746557,1.106488,0.035217,0.147197,0.099277,6334,0.156816,0.030948,2016-09-26,7.18
M4b,07374,raw,0.690481,1.057045,0.011439,0.1165,0.070001,7512,0.031949,0.010965,2002-05-17,21.54
M4b,07374,clean,0.764317,1.022312,0.007059,0.101622,0.064667,7272,0.031949,0.004409,2002-05-17,21.54
M4b,07374,clean_exkl_curt,0.767053,1.014365,0.005575,0.097578,0.062247,7272,0.031949,0.004409,2002-05-17,21.54
M4ball,00198_1,raw,0.391098,1.063319,0.033198,0.214379,0.135135,7512,0.09558,0.017067,2013-09-01,10.25
M4ball,00198_1,clean,0.547598,1.020812,0.037143,0.181037,0.118991,6794,0.09558,0.005761,2013-09-01,10.25
M4ball,00198_1,clean_exkl_curt,0.523097,1.012522,0.037451,0.18067,0.118567,6794,0.09558,0.005761,2013-09-01,10.25
M4ball,00198_2,raw,0.708024,1.004908,0.032072,0.181389,0.121878,3649,0.207728,0.001773,2018-12-13,4.97
M4ball,00198_2,clean,0.869586,0.989186,0.027694,0.119121,0.084495,2891,0.207728,-0.003663,2018-12-13,4.97
M4ball,00198_2,clean_exkl_curt,0.865552,0.986687,0.028271,0.119786,0.084934,2891,0.207728,-0.003663,2018-12-13,4.97
M4ball,00282,raw,0.551515,0.909038,0.040131,0.220198,0.143232,7512,0.14976,-0.032694,2017-02-20,6.78
M4ball,00282,clean,0.734569,0.818512,0.064377,0.1677,0.113221,6387,0.14976,-0.064368,2017-02-20,6.78
M4ball,00282,clean_exkl_curt,0.729716,0.81593,0.064906,0.168191,0.113797,6387,0.14976,-0.064368,2017-02-20,6.78
M4ball,00298,raw,0.483726,1.302011,0.106447,0.23715,0.147565,7512,0.170261,0.106446,2016-12-01,7.0
M4ball,00298,clean,0.776101,1.215298,0.075742,0.153564,0.104559,6233,0.170261,0.075293,2016-12-01,7.0
M4ball,00298,clean_exkl_curt,0.767001,1.223782,0.076825,0.154768,0.105574,6233,0.170261,0.075293,2016-12-01,7.0
M4ball,01200_1,raw,0.129423,1.509398,0.140029,0.27231,0.162648,7512,0.127396,0.140029,2012-01-01,11.92
M4ball,01200_1,clean,0.667682,1.352416,0.098309,0.162381,0.114125,6555,0.127396,0.097463,2012-01-01,11.92
M4ball,01200_1,clean_exkl_curt,0.644796,1.367426,0.098395,0.162701,0.114318,6555,0.127396,0.097463,2012-01-01,11.92
M4ball,01200_2,raw,0.40961,1.469443,0.13411,0.223571,0.149343,7512,0.140176,0.134106,2014-01-01,9.91
M4ball,01200_2,clean,0.494022,1.497313,0.123427,0.186602,0.130831,6459,0.140176,0.123348,2014-01-01,9.91
M4ball,01200_2,clean_exkl_curt,0.460356,1.518149,0.123715,0.186722,0.130952,6459,0.140176,0.123348,2014-01-01,9.91
M4ball,01303_1,raw,0.654097,1.309545,0.067752,0.138414,0.094049,7511,0.065504,0.067406,2009-02-02,14.83
M4ball,01303_1,clean,0.686857,1.327426,0.066966,0.121463,0.085378,7019,0.065504,0.066307,2009-02-02,14.83
M4ball,01303_1,clean_exkl_curt,0.666664,1.336132,0.065936,0.120033,0.084106,7019,0.065504,0.066307,2009-02-02,14.83
M4ball,01303_2,raw,0.783163,1.067821,0.015957,0.100508,0.065158,7511,0.080149,0.013545,2001-11-23,22.02
M4ball,01303_2,clean,0.847338,1.058048,0.013878,0.076239,0.053985,6909,0.080149,0.010667,2001-11-23,22.02
M4ball,01303_2,clean_exkl_curt,0.838473,1.057388,0.013269,0.075161,0.053083,6909,0.080149,0.010667,2001-11-23,22.02
M4ball,02483,raw,0.691341,0.938605,0.02846,0.199897,0.132703,7512,0.187167,-0.02846,2015-12-01,8.0
M4ball,02483,clean,0.887451,0.911022,0.04017,0.124862,0.089204,6106,0.187167,-0.04017,2015-12-01,8.0
M4ball,02483,clean_exkl_curt,0.882897,0.90717,0.041096,0.126266,0.090197,6106,0.187167,-0.04017,2015-12-01,8.0
M4ball,04745,raw,0.718165,1.04839,0.010056,0.074395,0.042742,7501,0.012398,0.005207,2003-06-01,20.5
M4ball,04745,clean,0.764606,1.031578,0.008695,0.065895,0.040048,7408,0.012398,0.003343,2003-06-01,20.5
M4ball,04745,clean_exkl_curt,0.754568,1.035166,0.009117,0.061736,0.037612,7408,0.012398,0.003343,2003-06-01,20.5
M4ball,05347,raw,0.554007,1.179781,0.049635,0.20097,0.125085,7511,0.228731,0.048706,2018-07-01,5.42
M4ball,05347,clean,0.789955,1.067562,0.046424,0.129215,0.084994,5793,0.228731,0.017366,2018-07-01,5.42
M4ball,05347,clean_exkl_curt,0.777822,1.065101,0.046324,0.128996,0.084993,5793,0.228731,0.017366,2018-07-01,5.42
M4ball,05426,raw,0.58346,1.126174,0.035909,0.197736,0.124313,7512,0.156816,0.035636,2016-09-26,7.18
M4ball,05426,clean,0.76365,1.094785,0.034561,0.144863,0.09775,6334,0.156816,0.027648,2016-09-26,7.18
M4ball,05426,clean_exkl_curt,0.753059,1.094851,0.03467,0.145296,0.098054,6334,0.156816,0.027648,2016-09-26,7.18
M4ball,07374,raw,0.690481,1.057045,0.011439,0.1165,0.070001,7512,0.031949,0.010965,2002-05-17,21.54
M4ball,07374,clean,0.764317,1.022312,0.007059,0.101622,0.064667,7272,0.031949,0.004409,2002-05-17,21.54
M4ball,07374,clean_exkl_curt,0.767053,1.014365,0.005575,0.097578,0.062247,7272,0.031949,0.004409,2002-05-17,21.54
M5,00198_1,raw,0.430827,1.003623,0.032356,0.207267,0.131605,7512,0.09558,0.000976,2013-09-01,10.25
M5,00198_1,clean,0.582557,0.96109,0.038189,0.173902,0.115733,6794,0.09558,-0.010771,2013-09-01,10.25
M5,00198_1,clean_exkl_curt,0.559088,0.951726,0.038792,0.173719,0.115397,6794,0.09558,-0.010771,2013-09-01,10.25
M5,00198_2,raw,0.699382,0.923042,0.04843,0.184054,0.122756,3649,0.207728,-0.027806,2018-12-13,4.97
M5,00198_2,clean,0.849312,0.907222,0.046624,0.128046,0.088422,2891,0.207728,-0.031426,2018-12-13,4.97
M5,00198_2,clean_exkl_curt,0.844555,0.903702,0.047268,0.128801,0.088858,2891,0.207728,-0.031426,2018-12-13,4.97
M5,00282,raw,0.51075,0.832568,0.063886,0.229988,0.151047,7512,0.14976,-0.060179,2017-02-20,6.78
M5,00282,clean,0.670509,0.741045,0.091845,0.186844,0.125093,6387,0.14976,-0.091844,2017-02-20,6.78
M5,00282,clean_exkl_curt,0.664919,0.737988,0.092378,0.187269,0.125593,6387,0.14976,-0.091844,2017-02-20,6.78
M5,00298,raw,0.483726,1.302011,0.106447,0.23715,0.147565,7512,0.170261,0.106446,2016-12-01,7.0
M5,00298,clean,0.776101,1.215298,0.075742,0.153564,0.104559,6233,0.170261,0.075293,2016-12-01,7.0
M5,00298,clean_exkl_curt,0.767001,1.223782,0.076825,0.154768,0.105574,6233,0.170261,0.075293,2016-12-01,7.0
M5,01200_1,raw,0.209489,1.429247,0.117996,0.259486,0.149068,7512,0.127396,0.117996,2012-01-01,11.92
M5,01200_1,clean,0.740255,1.270596,0.075513,0.14356,0.099728,6555,0.127396,0.074835,2012-01-01,11.92
M5,01200_1,clean_exkl_curt,0.722487,1.282358,0.075636,0.143811,0.099888,6555,0.127396,0.074835,2012-01-01,11.92
M5,01200_2,raw,0.479101,1.4135,0.118128,0.210001,0.136345,7512,0.140176,0.118125,2014-01-01,9.91
M5,01200_2,clean,0.581361,1.429591,0.106621,0.169735,0.11641,6459,0.140176,0.106551,2014-01-01,9.91
M5,01200_2,clean_exkl_curt,0.553672,1.447748,0.106909,0.169812,0.116401,6459,0.140176,0.106551,2014-01-01,9.91
M5,01303_1,raw,0.670185,1.28424,0.062242,0.135157,0.09129,7511,0.065504,0.061895,2009-02-02,14.83
M5,01303_1,clean,0.705702,1.300107,0.061434,0.117751,0.082381,7019,0.065504,0.060775,2009-02-02,14.83
M5,01303_1,clean_exkl_curt,0.68655,1.307628,0.060402,0.116398,0.081165,7019,0.065504,0.060775,2009-02-02,14.83
M5,01303_2,raw,0.712283,1.186012,0.038136,0.115775,0.075847,7511,0.080149,0.03715,2001-11-23,22.02
M5,01303_2,clean,0.770225,1.184923,0.035691,0.093533,0.06501,6909,0.080149,0.033983,2001-11-23,22.02
M5,01303_2,clean_exkl_curt,0.758397,1.185603,0.034449,0.091923,0.063638,6909,0.080149,0.033983,2001-11-23,22.02
M5,02483,raw,0.686255,0.914162,0.039791,0.201537,0.134205,7512,0.187167,-0.039791,2015-12-01,8.0
M5,02483,clean,0.876208,0.886615,0.051189,0.13095,0.092428,6106,0.187167,-0.051189,2015-12-01,8.0
M5,02483,clean_exkl_curt,0.871416,0.882408,0.052058,0.13231,0.093309,6106,0.187167,-0.051189,2015-12-01,8.0
M5,04745,raw,0.66725,1.146104,0.019118,0.080836,0.045553,7501,0.012398,0.01572,2003-06-01,20.5
M5,04745,clean,0.719428,1.129025,0.017445,0.071941,0.042704,7408,0.012398,0.013658,2003-06-01,20.5
M5,04745,clean_exkl_curt,0.704623,1.132757,0.017007,0.067727,0.040293,7408,0.012398,0.013658,2003-06-01,20.5
M5,05347,raw,0.619611,1.07738,0.035636,0.185601,0.115165,7511,0.228731,0.020964,2018-07-01,5.42
M5,05347,clean,0.837566,0.962001,0.042052,0.113631,0.076083,5793,0.228731,-0.009767,2018-07-01,5.42
M5,05347,clean_exkl_curt,0.8267,0.956427,0.042719,0.113926,0.07642,5793,0.228731,-0.009767,2018-07-01,5.42
M5,05426,raw,0.577596,1.137724,0.038902,0.199123,0.125449,7512,0.156816,0.038898,2016-09-26,7.18
M5,05426,clean,0.757446,1.106098,0.035194,0.146752,0.098965,6334,0.156816,0.030948,2016-09-26,7.18
M5,05426,clean_exkl_curt,0.746557,1.106488,0.035217,0.147197,0.099277,6334,0.156816,0.030948,2016-09-26,7.18
M5,07374,raw,0.689093,1.06323,0.012483,0.116761,0.070126,7512,0.031949,0.012154,2002-05-17,21.54
M5,07374,clean,0.762844,1.028693,0.007686,0.101939,0.064825,7272,0.031949,0.00567,2002-05-17,21.54
M5,07374,clean_exkl_curt,0.76545,1.020793,0.006124,0.097914,0.062431,7272,0.031949,0.00567,2002-05-17,21.54
M5_hybgate,00198_1,raw,0.435341,0.981057,0.03399,0.206443,0.131485,7512,0.09558,-0.005106,2013-09-01,10.25
M5_hybgate,00198_1,clean,0.585329,0.938627,0.040322,0.173324,0.11579,6794,0.09558,-0.01699,2013-09-01,10.25
M5_hybgate,00198_1,clean_exkl_curt,0.561765,0.928633,0.041023,0.173191,0.115469,6794,0.09558,-0.01699,2013-09-01,10.25
M5_hybgate,00198_2,raw,0.697766,0.918553,0.049672,0.184548,0.123009,3649,0.207728,-0.029428,2018-12-13,4.97
M5_hybgate,00198_2,clean,0.847292,0.902589,0.04792,0.128902,0.088832,2891,0.207728,-0.032995,2018-12-13,4.97
M5_hybgate,00198_2,clean_exkl_curt,0.842488,0.89902,0.048563,0.129654,0.089267,2891,0.207728,-0.032995,2018-12-13,4.97
M5_hybgate,00282,raw,-0.083581,1.179059,0.065808,0.342271,0.224243,7512,0.179446,0.064357,2017-02-20,6.78
M5_hybgate,00282,clean,0.166773,1.193828,0.06987,0.291515,0.185774,6164,0.179446,0.067327,2017-02-20,6.78
M5_hybgate,00282,clean_exkl_curt,0.156533,1.197099,0.070883,0.292031,0.186767,6164,0.179446,0.067327,2017-02-20,6.78
M5_hybgate,00298,raw,0.483726,1.302011,0.106447,0.23715,0.147565,7512,0.170261,0.106446,2016-12-01,7.0
M5_hybgate,00298,clean,0.776101,1.215298,0.075742,0.153564,0.104559,6233,0.170261,0.075293,2016-12-01,7.0
M5_hybgate,00298,clean_exkl_curt,0.767001,1.223782,0.076825,0.154768,0.105574,6233,0.170261,0.075293,2016-12-01,7.0
M5_hybgate,01200_1,raw,0.196967,1.427069,0.117397,0.261533,0.148704,7512,0.127396,0.117397,2012-01-01,11.92
M5_hybgate,01200_1,clean,0.745266,1.264498,0.074002,0.142168,0.098237,6555,0.127396,0.073149,2012-01-01,11.92
M5_hybgate,01200_1,clean_exkl_curt,0.728404,1.274858,0.073818,0.14227,0.098253,6555,0.127396,0.073149,2012-01-01,11.92
M5_hybgate,01200_2,raw,0.465324,1.40984,0.117084,0.21276,0.136602,7512,0.140176,0.117079,2014-01-01,9.91
M5_hybgate,01200_2,clean,0.571587,1.422526,0.104878,0.171705,0.115827,6459,0.140176,0.104799,2014-01-01,9.91
M5_hybgate,01200_2,clean_exkl_curt,0.544009,1.439629,0.104978,0.17164,0.11564,6459,0.140176,0.104799,2014-01-01,9.91
M5_hybgate,01303_1,raw,0.670185,1.28424,0.062242,0.135157,0.09129,7511,0.065504,0.061895,2009-02-02,14.83
M5_hybgate,01303_1,clean,0.705702,1.300107,0.061434,0.117751,0.082381,7019,0.065504,0.060775,2009-02-02,14.83
M5_hybgate,01303_1,clean_exkl_curt,0.68655,1.307628,0.060402,0.116398,0.081165,7019,0.065504,0.060775,2009-02-02,14.83
M5_hybgate,01303_2,raw,0.782296,1.030303,0.010416,0.100708,0.064949,7511,0.080149,0.006052,2001-11-23,22.02
M5_hybgate,01303_2,clean,0.848226,1.016225,0.007796,0.076017,0.053601,6909,0.080149,0.002982,2001-11-23,22.02
M5_hybgate,01303_2,clean_exkl_curt,0.83954,1.013769,0.007322,0.074913,0.052643,6909,0.080149,0.002982,2001-11-23,22.02
M5_hybgate,02483,raw,0.509442,1.075062,0.049012,0.252007,0.15912,7512,0.160676,0.034795,2015-12-01,8.0
M5_hybgate,02483,clean,0.759022,1.076514,0.050178,0.180022,0.11502,6305,0.160676,0.034267,2015-12-01,8.0
M5_hybgate,02483,clean_exkl_curt,0.764731,1.081245,0.050328,0.176224,0.114074,6305,0.160676,0.034267,2015-12-01,8.0
M5_hybgate,04745,raw,0.736714,0.996935,0.005956,0.071905,0.041159,7501,0.012398,-0.00033,2003-06-01,20.5
M5_hybgate,04745,clean,0.780603,0.979962,0.005527,0.063616,0.038549,7408,0.012398,-0.002121,2003-06-01,20.5
M5_hybgate,04745,clean_exkl_curt,0.772909,0.981578,0.005877,0.059384,0.036084,7408,0.012398,-0.002121,2003-06-01,20.5
M5_hybgate,05347,raw,0.556187,1.138085,0.048999,0.200478,0.124333,7511,0.228731,0.03741,2018-07-01,5.42
M5_hybgate,05347,clean,0.788348,1.022016,0.051898,0.129709,0.085393,5793,0.228731,0.005659,2018-07-01,5.42
M5_hybgate,05347,clean_exkl_curt,0.775882,1.017219,0.051962,0.129558,0.085468,5793,0.228731,0.005659,2018-07-01,5.42
M5_hybgate,05426,raw,0.58346,1.126174,0.035909,0.197736,0.124313,7512,0.156816,0.035636,2016-09-26,7.18
M5_hybgate,05426,clean,0.76365,1.094785,0.034561,0.144863,0.09775,6334,0.156816,0.027648,2016-09-26,7.18
M5_hybgate,05426,clean_exkl_curt,0.753059,1.094851,0.03467,0.145296,0.098054,6334,0.156816,0.027648,2016-09-26,7.18
M5_hybgate,07374,raw,0.689093,1.06323,0.012483,0.116761,0.070126,7512,0.031949,0.012154,2002-05-17,21.54
M5_hybgate,07374,clean,0.762844,1.028693,0.007686,0.101939,0.064825,7272,0.031949,0.00567,2002-05-17,21.54
M5_hybgate,07374,clean_exkl_curt,0.76545,1.020793,0.006124,0.097914,0.062431,7272,0.031949,0.00567,2002-05-17,21.54
M5all,00198_1,raw,0.435341,0.981057,0.03399,0.206443,0.131485,7512,0.09558,-0.005106,2013-09-01,10.25
M5all,00198_1,clean,0.585329,0.938627,0.040322,0.173324,0.11579,6794,0.09558,-0.01699,2013-09-01,10.25
M5all,00198_1,clean_exkl_curt,0.561765,0.928633,0.041023,0.173191,0.115469,6794,0.09558,-0.01699,2013-09-01,10.25
M5all,00198_2,raw,0.697766,0.918553,0.049672,0.184548,0.123009,3649,0.207728,-0.029428,2018-12-13,4.97
M5all,00198_2,clean,0.847292,0.902589,0.04792,0.128902,0.088832,2891,0.207728,-0.032995,2018-12-13,4.97
M5all,00198_2,clean_exkl_curt,0.842488,0.89902,0.048563,0.129654,0.089267,2891,0.207728,-0.032995,2018-12-13,4.97
M5all,00282,raw,0.51075,0.832568,0.063886,0.229988,0.151047,7512,0.14976,-0.060179,2017-02-20,6.78
M5all,00282,clean,0.670509,0.741045,0.091845,0.186844,0.125093,6387,0.14976,-0.091844,2017-02-20,6.78
M5all,00282,clean_exkl_curt,0.664919,0.737988,0.092378,0.187269,0.125593,6387,0.14976,-0.091844,2017-02-20,6.78
M5all,00298,raw,0.483726,1.302011,0.106447,0.23715,0.147565,7512,0.170261,0.106446,2016-12-01,7.0
M5all,00298,clean,0.776101,1.215298,0.075742,0.153564,0.104559,6233,0.170261,0.075293,2016-12-01,7.0
M5all,00298,clean_exkl_curt,0.767001,1.223782,0.076825,0.154768,0.105574,6233,0.170261,0.075293,2016-12-01,7.0
M5all,01200_1,raw,0.241494,1.390964,0.107473,0.254179,0.142758,7512,0.127396,0.107473,2012-01-01,11.92
M5all,01200_1,clean,0.773752,1.230125,0.064509,0.133984,0.092714,6555,0.127396,0.063643,2012-01-01,11.92
M5all,01200_1,clean_exkl_curt,0.758314,1.240159,0.064617,0.134207,0.092824,6555,0.127396,0.063643,2012-01-01,11.92
M5all,01200_2,raw,0.508482,1.386663,0.110463,0.203993,0.130804,7512,0.140176,0.110458,2014-01-01,9.91
M5all,01200_2,clean,0.620421,1.397734,0.098728,0.161623,0.109959,6459,0.140176,0.09865,2014-01-01,9.91
M5all,01200_2,clean_exkl_curt,0.595389,1.414702,0.09903,0.161681,0.10992,6459,0.140176,0.09865,2014-01-01,9.91
M5all,01303_1,raw,0.670185,1.28424,0.062242,0.135157,0.09129,7511,0.065504,0.061895,2009-02-02,14.83
M5all,01303_1,clean,0.705702,1.300107,0.061434,0.117751,0.082381,7019,0.065504,0.060775,2009-02-02,14.83
M5all,01303_1,clean_exkl_curt,0.68655,1.307628,0.060402,0.116398,0.081165,7019,0.065504,0.060775,2009-02-02,14.83
M5all,01303_2,raw,0.782296,1.030303,0.010416,0.100708,0.064949,7511,0.080149,0.006052,2001-11-23,22.02
M5all,01303_2,clean,0.848226,1.016225,0.007796,0.076017,0.053601,6909,0.080149,0.002982,2001-11-23,22.02
M5all,01303_2,clean_exkl_curt,0.83954,1.013769,0.007322,0.074913,0.052643,6909,0.080149,0.002982,2001-11-23,22.02
M5all,02483,raw,0.686255,0.914162,0.039791,0.201537,0.134205,7512,0.187167,-0.039791,2015-12-01,8.0
M5all,02483,clean,0.876208,0.886615,0.051189,0.13095,0.092428,6106,0.187167,-0.051189,2015-12-01,8.0
M5all,02483,clean_exkl_curt,0.871416,0.882408,0.052058,0.13231,0.093309,6106,0.187167,-0.051189,2015-12-01,8.0
M5all,04745,raw,0.736714,0.996935,0.005956,0.071905,0.041159,7501,0.012398,-0.00033,2003-06-01,20.5
M5all,04745,clean,0.780603,0.979962,0.005527,0.063616,0.038549,7408,0.012398,-0.002121,2003-06-01,20.5
M5all,04745,clean_exkl_curt,0.772909,0.981578,0.005877,0.059384,0.036084,7408,0.012398,-0.002121,2003-06-01,20.5
M5all,05347,raw,0.62154,1.071841,0.035363,0.18513,0.114914,7511,0.228731,0.019463,2018-07-01,5.42
M5all,05347,clean,0.838536,0.956517,0.04225,0.113291,0.075917,5793,0.228731,-0.011177,2018-07-01,5.42
M5all,05347,clean_exkl_curt,0.827685,0.950773,0.042956,0.113602,0.076267,5793,0.228731,-0.011177,2018-07-01,5.42
M5all,05426,raw,0.58346,1.126174,0.035909,0.197736,0.124313,7512,0.156816,0.035636,2016-09-26,7.18
M5all,05426,clean,0.76365,1.094785,0.034561,0.144863,0.09775,6334,0.156816,0.027648,2016-09-26,7.18
M5all,05426,clean_exkl_curt,0.753059,1.094851,0.03467,0.145296,0.098054,6334,0.156816,0.027648,2016-09-26,7.18
M5all,07374,raw,0.689093,1.06323,0.012483,0.116761,0.070126,7512,0.031949,0.012154,2002-05-17,21.54
M5all,07374,clean,0.762844,1.028693,0.007686,0.101939,0.064825,7272,0.031949,0.00567,2002-05-17,21.54
M5all,07374,clean_exkl_curt,0.76545,1.020793,0.006124,0.097914,0.062431,7272,0.031949,0.00567,2002-05-17,21.54
M5all_PL,00198_1,raw,0.499358,0.983019,0.021354,0.194389,0.123077,7512,0.097577,-0.004577,2013-09-01,10.25
M5all_PL,00198_1,clean,0.65081,0.935889,0.025784,0.159938,0.106902,6779,0.097577,-0.017767,2013-09-01,10.25
M5all_PL,00198_1,clean_exkl_curt,0.631726,0.927431,0.026451,0.159828,0.106415,6779,0.097577,-0.017767,2013-09-01,10.25
M5all_PL,00198_2,raw,0.748541,0.978271,0.031473,0.168334,0.113391,3649,0.180049,-0.007851,2018-12-13,4.97
M5all_PL,00198_2,clean,0.871281,0.972296,0.029541,0.119598,0.085246,2992,0.180049,-0.009779,2018-12-13,4.97
M5all_PL,00198_2,clean_exkl_curt,0.868243,0.971457,0.02962,0.120022,0.08551,2992,0.180049,-0.009779,2018-12-13,4.97
M5all_PL,00282,raw,0.589225,0.887615,0.042331,0.210737,0.136115,7512,0.15402,-0.040394,2017-02-20,6.78
M5all_PL,00282,clean,0.779898,0.814408,0.06586,0.153026,0.104192,6355,0.15402,-0.065859,2017-02-20,6.78
M5all_PL,00282,clean_exkl_curt,0.778202,0.813345,0.065876,0.152702,0.104249,6355,0.15402,-0.065859,2017-02-20,6.78
M5all_PL,00298,raw,0.483687,1.301858,0.106393,0.237159,0.14756,7512,0.169995,0.106392,2016-12-01,7.0
M5all_PL,00298,clean,0.776009,1.215061,0.075645,0.153586,0.104581,6235,0.169995,0.075197,2016-12-01,7.0
M5all_PL,00298,clean_exkl_curt,0.766903,1.223527,0.076723,0.15479,0.105597,6235,0.169995,0.075197,2016-12-01,7.0
M5all_PL,01200_1,raw,0.23822,1.393145,0.108072,0.254727,0.143176,7512,0.126065,0.108072,2012-01-01,11.92
M5all_PL,01200_1,clean,0.768802,1.232933,0.065385,0.135501,0.093444,6565,0.126065,0.064461,2012-01-01,11.92
M5all_PL,01200_1,clean_exkl_curt,0.753632,1.242825,0.065428,0.135593,0.093478,6565,0.126065,0.064461,2012-01-01,11.92
M5all_PL,01200_2,raw,0.493927,1.392749,0.112203,0.206991,0.132741,7512,0.133387,0.112197,2014-01-01,9.91
M5all_PL,01200_2,clean,0.606247,1.399083,0.100273,0.165738,0.112386,6510,0.133387,0.10019,2014-01-01,9.91
M5all_PL,01200_2,clean_exkl_curt,0.581284,1.415663,0.10059,0.165853,0.112368,6510,0.133387,0.10019,2014-01-01,9.91
M5all_PL,01303_1,raw,0.629112,1.310539,0.068037,0.143326,0.096677,7511,0.05898,0.067622,2009-02-02,14.83
M5all_PL,01303_1,clean,0.650833,1.332453,0.069112,0.13018,0.08955,7068,0.05898,0.068369,2009-02-02,14.83
M5all_PL,01303_1,clean_exkl_curt,0.630972,1.340198,0.067847,0.128425,0.088026,7068,0.05898,0.068369,2009-02-02,14.83
M5all_PL,01303_2,raw,0.77078,1.060857,0.019871,0.103338,0.067177,7511,0.07935,0.012154,2001-11-23,22.02
M5all_PL,01303_2,clean,0.829508,1.056934,0.01883,0.080659,0.056544,6915,0.07935,0.010477,2001-11-23,22.02
M5all_PL,01303_2,clean_exkl_curt,0.823226,1.055567,0.018191,0.079142,0.055339,6915,0.07935,0.010477,2001-11-23,22.02
M5all_PL,02483,raw,0.733748,0.91958,0.037279,0.185658,0.124095,7512,0.176917,-0.037279,2015-12-01,8.0
M5all_PL,02483,clean,0.900018,0.908408,0.042183,0.117249,0.085837,6183,0.176917,-0.0418,2015-12-01,8.0
M5all_PL,02483,clean_exkl_curt,0.896697,0.906612,0.042077,0.118081,0.086451,6183,0.176917,-0.0418,2015-12-01,8.0
M5all_PL,04745,raw,0.707259,1.05287,0.013254,0.075821,0.043062,7501,0.012932,0.005689,2003-06-01,20.5
M5all_PL,04745,clean,0.753484,1.040431,0.012348,0.067578,0.040302,7404,0.012932,0.004276,2003-06-01,20.5
M5all_PL,04745,clean_exkl_curt,0.744603,1.04335,0.012786,0.063314,0.037858,7404,0.012932,0.004276,2003-06-01,20.5
M5all_PL,05347,raw,0.637852,1.076482,0.029406,0.181096,0.112501,7511,0.231261,0.02072,2018-07-01,5.42
M5all_PL,05347,clean,0.85206,0.957713,0.033723,0.109363,0.073884,5774,0.231261,-0.011172,2018-07-01,5.42
M5all_PL,05347,clean_exkl_curt,0.840606,0.954061,0.034464,0.109915,0.074344,5774,0.231261,-0.011172,2018-07-01,5.42
M5all_PL,05426,raw,0.673614,1.09562,0.027205,0.175035,0.109538,7512,0.151624,0.027006,2016-09-26,7.18
M5all_PL,05426,clean,0.841102,1.047677,0.015471,0.120914,0.084117,6373,0.151624,0.014277,2016-09-26,7.18
M5all_PL,05426,clean_exkl_curt,0.835961,1.048165,0.015262,0.120644,0.084144,6373,0.151624,0.014277,2016-09-26,7.18
M5all_PL,07374,raw,0.675819,1.078174,0.015029,0.119227,0.071822,7512,0.030884,0.015026,2002-05-17,21.54
M5all_PL,07374,clean,0.749063,1.044243,0.011618,0.104926,0.066613,7280,0.030884,0.008743,2002-05-17,21.54
M5all_PL,07374,clean_exkl_curt,0.753424,1.03573,0.010054,0.100477,0.063983,7280,0.030884,0.008743,2002-05-17,21.54
M5all_noQM,00198_1,raw,0.435341,0.981057,0.03399,0.206443,0.131485,7512,0.09558,-0.005106,2013-09-01,10.25
M5all_noQM,00198_1,clean,0.585329,0.938627,0.040322,0.173324,0.11579,6794,0.09558,-0.01699,2013-09-01,10.25
M5all_noQM,00198_1,clean_exkl_curt,0.561765,0.928633,0.041023,0.173191,0.115469,6794,0.09558,-0.01699,2013-09-01,10.25
M5all_noQM,00198_2,raw,0.697766,0.918553,0.049672,0.184548,0.123009,3649,0.207728,-0.029428,2018-12-13,4.97
M5all_noQM,00198_2,clean,0.847292,0.902589,0.04792,0.128902,0.088832,2891,0.207728,-0.032995,2018-12-13,4.97
M5all_noQM,00198_2,clean_exkl_curt,0.842488,0.89902,0.048563,0.129654,0.089267,2891,0.207728,-0.032995,2018-12-13,4.97
M5all_noQM,00282,raw,0.51075,0.832568,0.063886,0.229988,0.151047,7512,0.14976,-0.060179,2017-02-20,6.78
M5all_noQM,00282,clean,0.670509,0.741045,0.091845,0.186844,0.125093,6387,0.14976,-0.091844,2017-02-20,6.78
M5all_noQM,00282,clean_exkl_curt,0.664919,0.737988,0.092378,0.187269,0.125593,6387,0.14976,-0.091844,2017-02-20,6.78
M5all_noQM,00298,raw,0.483726,1.302011,0.106447,0.23715,0.147565,7512,0.170261,0.106446,2016-12-01,7.0
M5all_noQM,00298,clean,0.776101,1.215298,0.075742,0.153564,0.104559,6233,0.170261,0.075293,2016-12-01,7.0
M5all_noQM,00298,clean_exkl_curt,0.767001,1.223782,0.076825,0.154768,0.105574,6233,0.170261,0.075293,2016-12-01,7.0
M5all_noQM,01200_1,raw,0.241494,1.390964,0.107473,0.254179,0.142758,7512,0.127396,0.107473,2012-01-01,11.92
M5all_noQM,01200_1,clean,0.773752,1.230125,0.064509,0.133984,0.092714,6555,0.127396,0.063643,2012-01-01,11.92
M5all_noQM,01200_1,clean_exkl_curt,0.758314,1.240159,0.064617,0.134207,0.092824,6555,0.127396,0.063643,2012-01-01,11.92
M5all_noQM,01200_2,raw,0.508482,1.386663,0.110463,0.203993,0.130804,7512,0.140176,0.110458,2014-01-01,9.91
M5all_noQM,01200_2,clean,0.620421,1.397734,0.098728,0.161623,0.109959,6459,0.140176,0.09865,2014-01-01,9.91
M5all_noQM,01200_2,clean_exkl_curt,0.595389,1.414702,0.09903,0.161681,0.10992,6459,0.140176,0.09865,2014-01-01,9.91
M5all_noQM,01303_1,raw,0.670185,1.28424,0.062242,0.135157,0.09129,7511,0.065504,0.061895,2009-02-02,14.83
M5all_noQM,01303_1,clean,0.705702,1.300107,0.061434,0.117751,0.082381,7019,0.065504,0.060775,2009-02-02,14.83
M5all_noQM,01303_1,clean_exkl_curt,0.68655,1.307628,0.060402,0.116398,0.081165,7019,0.065504,0.060775,2009-02-02,14.83
M5all_noQM,01303_2,raw,0.782296,1.030303,0.010416,0.100708,0.064949,7511,0.080149,0.006052,2001-11-23,22.02
M5all_noQM,01303_2,clean,0.848226,1.016225,0.007796,0.076017,0.053601,6909,0.080149,0.002982,2001-11-23,22.02
M5all_noQM,01303_2,clean_exkl_curt,0.83954,1.013769,0.007322,0.074913,0.052643,6909,0.080149,0.002982,2001-11-23,22.02
M5all_noQM,02483,raw,0.686255,0.914162,0.039791,0.201537,0.134205,7512,0.187167,-0.039791,2015-12-01,8.0
M5all_noQM,02483,clean,0.876208,0.886615,0.051189,0.13095,0.092428,6106,0.187167,-0.051189,2015-12-01,8.0
M5all_noQM,02483,clean_exkl_curt,0.871416,0.882408,0.052058,0.13231,0.093309,6106,0.187167,-0.051189,2015-12-01,8.0
M5all_noQM,04745,raw,0.568672,1.361601,0.038939,0.092034,0.055817,7501,0.02213,0.038908,2003-06-01,20.5
M5all_noQM,04745,clean,0.620641,1.347638,0.037133,0.083628,0.053113,7335,0.02213,0.037047,2003-06-01,20.5
M5all_noQM,04745,clean_exkl_curt,0.589855,1.370003,0.036448,0.079843,0.050966,7335,0.02213,0.037047,2003-06-01,20.5
M5all_noQM,05347,raw,0.441588,1.439092,0.118984,0.224877,0.149427,7511,0.252962,0.118959,2018-07-01,5.42
M5all_noQM,05347,clean,0.656113,1.335792,0.095853,0.169162,0.115433,5611,0.252962,0.095583,2018-07-01,5.42
M5all_noQM,05347,clean_exkl_curt,0.634981,1.348666,0.09623,0.169671,0.11598,5611,0.252962,0.095583,2018-07-01,5.42
M5all_noQM,05426,raw,0.58346,1.126174,0.035909,0.197736,0.124313,7512,0.156816,0.035636,2016-09-26,7.18
M5all_noQM,05426,clean,0.76365,1.094785,0.034561,0.144863,0.09775,6334,0.156816,0.027648,2016-09-26,7.18
M5all_noQM,05426,clean_exkl_curt,0.753059,1.094851,0.03467,0.145296,0.098054,6334,0.156816,0.027648,2016-09-26,7.18
M5all_noQM,07374,raw,0.689093,1.06323,0.012483,0.116761,0.070126,7512,0.031949,0.012154,2002-05-17,21.54
M5all_noQM,07374,clean,0.762844,1.028693,0.007686,0.101939,0.064825,7272,0.031949,0.00567,2002-05-17,21.54
M5all_noQM,07374,clean_exkl_curt,0.76545,1.020793,0.006124,0.097914,0.062431,7272,0.031949,0.00567,2002-05-17,21.54
M5all_noage,00198_1,raw,0.430827,1.003623,0.032356,0.207267,0.131605,7512,0.09558,0.000976,2013-09-01,10.25
M5all_noage,00198_1,clean,0.582557,0.96109,0.038189,0.173902,0.115733,6794,0.09558,-0.010771,2013-09-01,10.25
M5all_noage,00198_1,clean_exkl_curt,0.559088,0.951726,0.038792,0.173719,0.115397,6794,0.09558,-0.010771,2013-09-01,10.25
M5all_noage,00198_2,raw,0.699382,0.923042,0.04843,0.184054,0.122756,3649,0.207728,-0.027806,2018-12-13,4.97
M5all_noage,00198_2,clean,0.849312,0.907222,0.046624,0.128046,0.088422,2891,0.207728,-0.031426,2018-12-13,4.97
M5all_noage,00198_2,clean_exkl_curt,0.844555,0.903702,0.047268,0.128801,0.088858,2891,0.207728,-0.031426,2018-12-13,4.97
M5all_noage,00282,raw,0.515349,0.840365,0.061395,0.228904,0.150159,7512,0.14976,-0.057376,2017-02-20,6.78
M5all_noage,00282,clean,0.677577,0.748921,0.089052,0.184829,0.123762,6387,0.14976,-0.08905,2017-02-20,6.78
M5all_noage,00282,clean_exkl_curt,0.67207,0.745915,0.089583,0.18526,0.124267,6387,0.14976,-0.08905,2017-02-20,6.78
M5all_noage,00298,raw,0.472258,1.313983,0.110667,0.23977,0.149926,7512,0.170261,0.110666,2016-12-01,7.0
M5all_noage,00298,clean,0.764444,1.227902,0.080131,0.157511,0.107282,6233,0.170261,0.0797,2016-12-01,7.0
M5all_noage,00298,clean_exkl_curt,0.754907,1.236697,0.081212,0.158734,0.108307,6233,0.170261,0.0797,2016-12-01,7.0
M5all_noage,01200_1,raw,0.209489,1.429247,0.117996,0.259486,0.149068,7512,0.127396,0.117996,2012-01-01,11.92
M5all_noage,01200_1,clean,0.740255,1.270596,0.075513,0.14356,0.099728,6555,0.127396,0.074835,2012-01-01,11.92
M5all_noage,01200_1,clean_exkl_curt,0.722487,1.282358,0.075636,0.143811,0.099888,6555,0.127396,0.074835,2012-01-01,11.92
M5all_noage,01200_2,raw,0.479101,1.4135,0.118128,0.210001,0.136345,7512,0.140176,0.118125,2014-01-01,9.91
M5all_noage,01200_2,clean,0.581361,1.429591,0.106621,0.169735,0.11641,6459,0.140176,0.106551,2014-01-01,9.91
M5all_noage,01200_2,clean_exkl_curt,0.553672,1.447748,0.106909,0.169812,0.116401,6459,0.140176,0.106551,2014-01-01,9.91
M5all_noage,01303_1,raw,0.597118,1.359709,0.078676,0.14938,0.10229,7511,0.065504,0.078329,2009-02-02,14.83
M5all_noage,01303_1,clean,0.618595,1.381868,0.077991,0.13405,0.094204,7019,0.065504,0.077332,2009-02-02,14.83
M5all_noage,01303_1,clean_exkl_curt,0.593195,1.392191,0.076821,0.132603,0.09287,7019,0.065504,0.077332,2009-02-02,14.83
M5all_noage,01303_2,raw,0.712283,1.186012,0.038136,0.115775,0.075847,7511,0.080149,0.03715,2001-11-23,22.02
M5all_noage,01303_2,clean,0.770225,1.184923,0.035691,0.093533,0.06501,6909,0.080149,0.033983,2001-11-23,22.02
M5all_noage,01303_2,clean_exkl_curt,0.758397,1.185603,0.034449,0.091923,0.063638,6909,0.080149,0.033983,2001-11-23,22.02
M5all_noage,02483,raw,0.689086,0.923953,0.035252,0.200626,0.133505,7512,0.187167,-0.035252,2015-12-01,8.0
M5all_noage,02483,clean,0.880559,0.896515,0.046719,0.128628,0.091204,6106,0.187167,-0.046719,2015-12-01,8.0
M5all_noage,02483,clean_exkl_curt,0.875985,0.892581,0.047555,0.129938,0.092054,6106,0.187167,-0.046719,2015-12-01,8.0
M5all_noage,04745,raw,0.66725,1.146104,0.019118,0.080836,0.045553,7501,0.012398,0.01572,2003-06-01,20.5
M5all_noage,04745,clean,0.719428,1.129025,0.017445,0.071941,0.042704,7408,0.012398,0.013658,2003-06-01,20.5
M5all_noage,04745,clean_exkl_curt,0.704623,1.132757,0.017007,0.067727,0.040293,7408,0.012398,0.013658,2003-06-01,20.5
M5all_noage,05347,raw,0.619611,1.07738,0.035636,0.185601,0.115165,7511,0.228731,0.020964,2018-07-01,5.42
M5all_noage,05347,clean,0.837566,0.962001,0.042052,0.113631,0.076083,5793,0.228731,-0.009767,2018-07-01,5.42
M5all_noage,05347,clean_exkl_curt,0.8267,0.956427,0.042719,0.113926,0.07642,5793,0.228731,-0.009767,2018-07-01,5.42
M5all_noage,05426,raw,0.577596,1.137724,0.038902,0.199123,0.125449,7512,0.156816,0.038898,2016-09-26,7.18
M5all_noage,05426,clean,0.757446,1.106098,0.035194,0.146752,0.098965,6334,0.156816,0.030948,2016-09-26,7.18
M5all_noage,05426,clean_exkl_curt,0.746557,1.106488,0.035217,0.147197,0.099277,6334,0.156816,0.030948,2016-09-26,7.18
M5all_noage,07374,raw,0.604983,1.218709,0.042041,0.13161,0.080412,7512,0.031949,0.042039,2002-05-17,21.54
M5all_noage,07374,clean,0.694047,1.179819,0.035698,0.115785,0.074484,7272,0.031949,0.035536,2002-05-17,21.54
M5all_noage,07374,clean_exkl_curt,0.697541,1.174055,0.033217,0.111188,0.071718,7272,0.031949,0.035536,2002-05-17,21.54
M0,00198_1,raw,0.57404,1.045519,0.05512,0.177142,0.120672,8088,0.136622,0.01197,2013-09-01,10.25
M0,00198_1,clean,0.646154,1.003321,0.057914,0.152548,0.108289,6983,0.136622,0.000883,2013-09-01,10.25
M0,00198_1,clean_exkl_curt,0.638302,0.999624,0.057879,0.150522,0.107124,6983,0.136622,0.000883,2013-09-01,10.25
M0,00198_2,raw,0.71321,1.020843,0.07991,0.179771,0.136756,3649,0.270485,0.007531,2018-12-13,4.97
M0,00198_2,clean,0.805408,1.006266,0.085608,0.143263,0.114401,2662,0.270485,0.002273,2018-12-13,4.97
M0,00198_2,clean_exkl_curt,0.802005,1.007439,0.085024,0.1433,0.114286,2662,0.270485,0.002273,2018-12-13,4.97
M0,00282,raw,0.586303,1.094547,0.085014,0.209125,0.155186,8088,0.193373,0.032746,2017-02-20,6.78
M0,00282,clean,0.737137,1.022593,0.091995,0.163981,0.130995,6524,0.193373,0.008049,2017-02-20,6.78
M0,00282,clean_exkl_curt,0.737215,1.019242,0.091401,0.163005,0.130125,6524,0.193373,0.008049,2017-02-20,6.78
M0,01303_2,raw,0.112058,0.398039,0.120657,0.201464,0.126001,8087,0.103994,-0.118163,2001-11-23,22.02
M0,01303_2,clean,0.10012,0.407293,0.111941,0.184173,0.116283,7246,0.103994,-0.110483,2001-11-23,22.02
M0,01303_2,clean_exkl_curt,0.110968,0.414864,0.105466,0.174627,0.109791,7246,0.103994,-0.110483,2001-11-23,22.02
M0,02483,raw,0.592524,0.779036,0.129825,0.227854,0.169902,8088,0.20277,-0.100617,2015-12-01,8.0
M0,02483,clean,0.686886,0.777458,0.137503,0.205006,0.153783,6448,0.20277,-0.099064,2015-12-01,8.0
M0,02483,clean_exkl_curt,0.677416,0.772885,0.137395,0.205821,0.153945,6448,0.20277,-0.099064,2015-12-01,8.0
M0,04745,raw,0.079298,1.935227,0.099069,0.13326,0.101992,8077,0.048161,0.099069,2003-06-01,20.5
M0,04745,clean,0.07486,1.933812,0.099571,0.128528,0.101583,7688,0.048161,0.099571,2003-06-01,20.5
M0,04745,clean_exkl_curt,-0.043196,1.994778,0.097528,0.125001,0.099352,7688,0.048161,0.099571,2003-06-01,20.5
M0,05347,raw,0.416874,1.514751,0.141964,0.227223,0.174532,8087,0.312477,0.136301,2018-07-01,5.42
M0,05347,clean,0.601618,1.408691,0.127708,0.175102,0.140506,5560,0.312477,0.11627,2018-07-01,5.42
M0,05347,clean_exkl_curt,0.576319,1.429809,0.128631,0.175428,0.141237,5560,0.312477,0.11627,2018-07-01,5.42
M0,05426,raw,0.61447,1.25233,0.087804,0.187921,0.14048,8088,0.205366,0.068929,2016-09-26,7.18
M0,05426,clean,0.757343,1.176465,0.078576,0.146285,0.115954,6427,0.205366,0.053445,2016-09-26,7.18
M0,05426,clean_exkl_curt,0.749488,1.182539,0.078739,0.145713,0.115643,6427,0.205366,0.053445,2016-09-26,7.18
M0,07374,raw,0.700101,1.036438,0.036375,0.112962,0.074709,8088,0.054278,0.006855,2002-05-17,21.54
M0,07374,clean,0.749332,1.000236,0.035058,0.103475,0.071073,7649,0.054278,4.7e-05,2002-05-17,21.54
M0,07374,clean_exkl_curt,0.748178,0.99783,0.03453,0.100331,0.068868,7649,0.054278,4.7e-05,2002-05-17,21.54
M5all_distgate,00282,raw,0.025317,1.107096,0.043734,0.324617,0.208066,7512,0.179446,0.038492,2017-02-20,6.78
M5all_distgate,00282,clean,0.252658,1.121885,0.054201,0.276083,0.171443,6164,0.179446,0.042337,2017-02-20,6.78
M5all_distgate,00282,clean_exkl_curt,0.244002,1.124889,0.05517,0.276475,0.172315,6164,0.179446,0.042337,2017-02-20,6.78
M5all_distgate,01200_1,raw,0.042436,1.473438,0.131783,0.285591,0.173013,7512,0.123669,0.130144,2012-01-01,11.92
M5all_distgate,01200_1,clean,0.531936,1.34755,0.10377,0.189716,0.125842,6583,0.123669,0.093167,2012-01-01,11.92
M5all_distgate,01200_1,clean_exkl_curt,0.507482,1.355375,0.102438,0.188792,0.1248,6583,0.123669,0.093167,2012-01-01,11.92
M5all_distgate,01200_2,raw,0.091463,1.44698,0.131,0.277343,0.177143,7512,0.136182,0.127689,2014-01-01,9.91
M5all_distgate,01200_2,clean,0.235475,1.519937,0.12873,0.225987,0.146825,6489,0.136182,0.125709,2014-01-01,9.91
M5all_distgate,01200_2,clean_exkl_curt,0.197757,1.53237,0.126988,0.224739,0.145357,6489,0.136182,0.125709,2014-01-01,9.91
M5all_distgate,02483,raw,0.524448,1.062753,0.045069,0.248123,0.156642,7512,0.160676,0.02909,2015-12-01,8.0
M5all_distgate,02483,clean,0.766301,1.064629,0.046975,0.177283,0.113435,6305,0.160676,0.028944,2015-12-01,8.0
M5all_distgate,02483,clean_exkl_curt,0.772083,1.069494,0.047143,0.173449,0.112513,6305,0.160676,0.028944,2015-12-01,8.0
M5all_distgate,05347,raw,-0.23103,1.520055,0.140948,0.333888,0.228842,7511,0.278125,0.140893,2018-07-01,5.42
M5all_distgate,05347,clean,-0.087792,1.495015,0.129737,0.286937,0.192621,5422,0.278125,0.128832,2018-07-01,5.42
M5all_distgate,05347,clean_exkl_curt,-0.091485,1.539718,0.136053,0.27817,0.188037,5422,0.278125,0.128832,2018-07-01,5.42
M2noage_distgate,00282,raw,-0.280926,1.390246,0.14074,0.372136,0.26521,7512,0.177716,0.140262,2017-02-20,6.78
M2noage_distgate,00282,clean,-0.09057,1.42881,0.151307,0.334883,0.2368,6177,0.177716,0.149796,2017-02-20,6.78
M2noage_distgate,00282,clean_exkl_curt,-0.099965,1.436348,0.153742,0.335002,0.237702,6177,0.177716,0.149796,2017-02-20,6.78
M2noage_distgate,01200_1,raw,-0.216337,1.636522,0.176029,0.321875,0.207567,7512,0.124068,0.174974,2012-01-01,11.92
M2noage_distgate,01200_1,clean,0.260548,1.518142,0.144855,0.238473,0.162542,6580,0.124068,0.138839,2012-01-01,11.92
M2noage_distgate,01200_1,clean_exkl_curt,0.222075,1.531871,0.14306,0.237281,0.161124,6580,0.124068,0.138839,2012-01-01,11.92
M2noage_distgate,01200_2,raw,-0.141261,1.563723,0.162587,0.310841,0.205545,7512,0.138312,0.161039,2014-01-01,9.91
M2noage_distgate,01200_2,clean,-0.069132,1.662811,0.161029,0.266884,0.176502,6473,0.138312,0.159765,2014-01-01,9.91
M2noage_distgate,01200_2,clean_exkl_curt,-0.132571,1.683227,0.159465,0.265696,0.175079,6473,0.138312,0.159765,2014-01-01,9.91
M2noage_distgate,02483,raw,0.566699,1.145331,0.078629,0.236844,0.153026,7512,0.164803,0.067369,2015-12-01,8.0
M2noage_distgate,02483,clean,0.809329,1.162664,0.08573,0.159159,0.111942,6274,0.164803,0.072479,2015-12-01,8.0
M2noage_distgate,02483,clean_exkl_curt,0.803687,1.168155,0.085901,0.160017,0.112759,6274,0.164803,0.072479,2015-12-01,8.0
M2noage_distgate,05347,raw,-0.785514,1.83258,0.225562,0.402113,0.297425,7511,0.280122,0.225562,2018-07-01,5.42
M2noage_distgate,05347,clean,-0.754283,1.809839,0.214506,0.36955,0.270399,5407,0.280122,0.214212,2018-07-01,5.42
M2noage_distgate,05347,clean_exkl_curt,-0.830713,1.870998,0.222193,0.364712,0.267795,5407,0.280122,0.214212,2018-07-01,5.42
M5_simgate,00198_1,raw,0.435341,0.981057,0.03399,0.206443,0.131485,7512,0.09558,-0.005106,2013-09-01,10.25
M5_simgate,00198_1,clean,0.585329,0.938627,0.040322,0.173324,0.11579,6794,0.09558,-0.01699,2013-09-01,10.25
M5_simgate,00198_1,clean_exkl_curt,0.561765,0.928633,0.041023,0.173191,0.115469,6794,0.09558,-0.01699,2013-09-01,10.25
M5_simgate,00198_2,raw,0.678701,0.957746,0.038873,0.19028,0.125921,3649,0.185804,-0.015267,2018-12-13,4.97
M5_simgate,00198_2,clean,0.848875,0.941829,0.036992,0.127993,0.088242,2971,0.185804,-0.019468,2018-12-13,4.97
M5_simgate,00198_2,clean_exkl_curt,0.842801,0.937464,0.038384,0.12919,0.089159,2971,0.185804,-0.019468,2018-12-13,4.97
M5_simgate,00282,raw,0.187855,0.544075,0.163869,0.296317,0.207441,7512,0.140176,-0.163869,2017-02-20,6.78
M5_simgate,00282,clean,0.32477,0.466505,0.181697,0.267634,0.187236,6459,0.140176,-0.181697,2017-02-20,6.78
M5_simgate,00282,clean_exkl_curt,0.314941,0.461551,0.182211,0.267844,0.187625,6459,0.140176,-0.181697,2017-02-20,6.78
M5_simgate,00298,raw,0.483726,1.302011,0.106447,0.23715,0.147565,7512,0.170261,0.106446,2016-12-01,7.0
M5_simgate,00298,clean,0.776101,1.215298,0.075742,0.153564,0.104559,6233,0.170261,0.075293,2016-12-01,7.0
M5_simgate,00298,clean_exkl_curt,0.767001,1.223782,0.076825,0.154768,0.105574,6233,0.170261,0.075293,2016-12-01,7.0
M5_simgate,01200_1,raw,0.241494,1.390964,0.107473,0.254179,0.142758,7512,0.127396,0.107473,2012-01-01,11.92
M5_simgate,01200_1,clean,0.773752,1.230125,0.064509,0.133984,0.092714,6555,0.127396,0.063643,2012-01-01,11.92
M5_simgate,01200_1,clean_exkl_curt,0.758314,1.240159,0.064617,0.134207,0.092824,6555,0.127396,0.063643,2012-01-01,11.92
M5_simgate,01200_2,raw,0.508482,1.386663,0.110463,0.203993,0.130804,7512,0.140176,0.110458,2014-01-01,9.91
M5_simgate,01200_2,clean,0.620421,1.397734,0.098728,0.161623,0.109959,6459,0.140176,0.09865,2014-01-01,9.91
M5_simgate,01200_2,clean_exkl_curt,0.595389,1.414702,0.09903,0.161681,0.10992,6459,0.140176,0.09865,2014-01-01,9.91
M5_simgate,01303_1,raw,0.670185,1.28424,0.062242,0.135157,0.09129,7511,0.065504,0.061895,2009-02-02,14.83
M5_simgate,01303_1,clean,0.705702,1.300107,0.061434,0.117751,0.082381,7019,0.065504,0.060775,2009-02-02,14.83
M5_simgate,01303_1,clean_exkl_curt,0.68655,1.307628,0.060402,0.116398,0.081165,7019,0.065504,0.060775,2009-02-02,14.83
M5_simgate,01303_2,raw,0.782296,1.030303,0.010416,0.100708,0.064949,7511,0.080149,0.006052,2001-11-23,22.02
M5_simgate,01303_2,clean,0.848226,1.016225,0.007796,0.076017,0.053601,6909,0.080149,0.002982,2001-11-23,22.02
M5_simgate,01303_2,clean_exkl_curt,0.83954,1.013769,0.007322,0.074913,0.052643,6909,0.080149,0.002982,2001-11-23,22.02
M5_simgate,02483,raw,0.193151,1.432019,0.207892,0.323194,0.241448,7512,0.193024,0.200265,2015-12-01,8.0
M5_simgate,02483,clean,0.349059,1.455675,0.217292,0.297675,0.22795,6062,0.193024,0.206447,2015-12-01,8.0
M5_simgate,02483,clean_exkl_curt,0.328357,1.47369,0.220258,0.299566,0.230687,6062,0.193024,0.206447,2015-12-01,8.0
M5_simgate,04745,raw,0.736714,0.996935,0.005956,0.071905,0.041159,7501,0.012398,-0.00033,2003-06-01,20.5
M5_simgate,04745,clean,0.780603,0.979962,0.005527,0.063616,0.038549,7408,0.012398,-0.002121,2003-06-01,20.5
M5_simgate,04745,clean_exkl_curt,0.772909,0.981578,0.005877,0.059384,0.036084,7408,0.012398,-0.002121,2003-06-01,20.5
M5_simgate,05347,raw,0.62154,1.071841,0.035363,0.18513,0.114914,7511,0.228731,0.019463,2018-07-01,5.42
M5_simgate,05347,clean,0.838536,0.956517,0.04225,0.113291,0.075917,5793,0.228731,-0.011177,2018-07-01,5.42
M5_simgate,05347,clean_exkl_curt,0.827685,0.950773,0.042956,0.113602,0.076267,5793,0.228731,-0.011177,2018-07-01,5.42
M5_simgate,05426,raw,0.58346,1.126174,0.035909,0.197736,0.124313,7512,0.156816,0.035636,2016-09-26,7.18
M5_simgate,05426,clean,0.76365,1.094785,0.034561,0.144863,0.09775,6334,0.156816,0.027648,2016-09-26,7.18
M5_simgate,05426,clean_exkl_curt,0.753059,1.094851,0.03467,0.145296,0.098054,6334,0.156816,0.027648,2016-09-26,7.18
M5_simgate,07374,raw,0.660507,0.796586,0.041375,0.12201,0.079077,7512,0.023429,-0.039099,2002-05-17,21.54
M5_simgate,07374,clean,0.715317,0.768579,0.047265,0.111618,0.074869,7336,0.023429,-0.045331,2002-05-17,21.54
M5_simgate,07374,clean_exkl_curt,0.710692,0.752209,0.048017,0.108667,0.072896,7336,0.023429,-0.045331,2002-05-17,21.54
M5_gate5,00198_1,raw,0.435341,0.981057,0.03399,0.206443,0.131485,7512,0.09558,-0.005106,2013-09-01,10.25
M5_gate5,00198_1,clean,0.585329,0.938627,0.040322,0.173324,0.11579,6794,0.09558,-0.01699,2013-09-01,10.25
M5_gate5,00198_1,clean_exkl_curt,0.561765,0.928633,0.041023,0.173191,0.115469,6794,0.09558,-0.01699,2013-09-01,10.25
M5_gate5,00198_2,raw,0.697766,0.918553,0.049672,0.184548,0.123009,3649,0.207728,-0.029428,2018-12-13,4.97
M5_gate5,00198_2,clean,0.847292,0.902589,0.04792,0.128902,0.088832,2891,0.207728,-0.032995,2018-12-13,4.97
M5_gate5,00198_2,clean_exkl_curt,0.842488,0.89902,0.048563,0.129654,0.089267,2891,0.207728,-0.032995,2018-12-13,4.97
M5_gate5,00282,raw,0.025317,1.107096,0.043734,0.324617,0.208066,7512,0.179446,0.038492,2017-02-20,6.78
M5_gate5,00282,clean,0.252658,1.121885,0.054201,0.276083,0.171443,6164,0.179446,0.042337,2017-02-20,6.78
M5_gate5,00282,clean_exkl_curt,0.244002,1.124889,0.05517,0.276475,0.172315,6164,0.179446,0.042337,2017-02-20,6.78
M5_gate5,00298,raw,0.483726,1.302011,0.106447,0.23715,0.147565,7512,0.170261,0.106446,2016-12-01,7.0
M5_gate5,00298,clean,0.776101,1.215298,0.075742,0.153564,0.104559,6233,0.170261,0.075293,2016-12-01,7.0
M5_gate5,00298,clean_exkl_curt,0.767001,1.223782,0.076825,0.154768,0.105574,6233,0.170261,0.075293,2016-12-01,7.0
M5_gate5,01200_1,raw,-0.311809,1.649774,0.179559,0.334269,0.226418,7512,0.124734,0.178617,2012-01-01,11.92
M5_gate5,01200_1,clean,0.066853,1.638858,0.174077,0.267422,0.189156,6575,0.124734,0.171375,2012-01-01,11.92
M5_gate5,01200_1,clean_exkl_curt,0.012083,1.663449,0.173862,0.266866,0.188358,6575,0.124734,0.171375,2012-01-01,11.92
M5_gate5,01200_2,raw,0.444701,1.300787,0.08806,0.216825,0.130876,7512,0.144702,0.085926,2014-01-01,9.91
M5_gate5,01200_2,clean,0.593941,1.333357,0.07987,0.1568,0.101032,6425,0.144702,0.077299,2014-01-01,9.91
M5_gate5,01200_2,clean_exkl_curt,0.57343,1.343068,0.079412,0.156214,0.100312,6425,0.144702,0.077299,2014-01-01,9.91
M5_gate5,01303_1,raw,0.670185,1.28424,0.062242,0.135157,0.09129,7511,0.065504,0.061895,2009-02-02,14.83
M5_gate5,01303_1,clean,0.705702,1.300107,0.061434,0.117751,0.082381,7019,0.065504,0.060775,2009-02-02,14.83
M5_gate5,01303_1,clean_exkl_curt,0.68655,1.307628,0.060402,0.116398,0.081165,7019,0.065504,0.060775,2009-02-02,14.83
M5_gate5,01303_2,raw,0.782296,1.030303,0.010416,0.100708,0.064949,7511,0.080149,0.006052,2001-11-23,22.02
M5_gate5,01303_2,clean,0.848226,1.016225,0.007796,0.076017,0.053601,6909,0.080149,0.002982,2001-11-23,22.02
M5_gate5,01303_2,clean_exkl_curt,0.83954,1.013769,0.007322,0.074913,0.052643,6909,0.080149,0.002982,2001-11-23,22.02
M5_gate5,02483,raw,0.524448,1.062753,0.045069,0.248123,0.156642,7512,0.160676,0.02909,2015-12-01,8.0
M5_gate5,02483,clean,0.766301,1.064629,0.046975,0.177283,0.113435,6305,0.160676,0.028944,2015-12-01,8.0
M5_gate5,02483,clean_exkl_curt,0.772083,1.069494,0.047143,0.173449,0.112513,6305,0.160676,0.028944,2015-12-01,8.0
M5_gate5,04745,raw,0.736714,0.996935,0.005956,0.071905,0.041159,7501,0.012398,-0.00033,2003-06-01,20.5
M5_gate5,04745,clean,0.780603,0.979962,0.005527,0.063616,0.038549,7408,0.012398,-0.002121,2003-06-01,20.5
M5_gate5,04745,clean_exkl_curt,0.772909,0.981578,0.005877,0.059384,0.036084,7408,0.012398,-0.002121,2003-06-01,20.5
M5_gate5,05347,raw,-0.23103,1.520055,0.140948,0.333888,0.228842,7511,0.278125,0.140893,2018-07-01,5.42
M5_gate5,05347,clean,-0.087792,1.495015,0.129737,0.286937,0.192621,5422,0.278125,0.128832,2018-07-01,5.42
M5_gate5,05347,clean_exkl_curt,-0.091485,1.539718,0.136053,0.27817,0.188037,5422,0.278125,0.128832,2018-07-01,5.42
M5_gate5,05426,raw,0.58346,1.126174,0.035909,0.197736,0.124313,7512,0.156816,0.035636,2016-09-26,7.18
M5_gate5,05426,clean,0.76365,1.094785,0.034561,0.144863,0.09775,6334,0.156816,0.027648,2016-09-26,7.18
M5_gate5,05426,clean_exkl_curt,0.753059,1.094851,0.03467,0.145296,0.098054,6334,0.156816,0.027648,2016-09-26,7.18
M5_gate5,07374,raw,0.689093,1.06323,0.012483,0.116761,0.070126,7512,0.031949,0.012154,2002-05-17,21.54
M5_gate5,07374,clean,0.762844,1.028693,0.007686,0.101939,0.064825,7272,0.031949,0.00567,2002-05-17,21.54
M5_gate5,07374,clean_exkl_curt,0.76545,1.020793,0.006124,0.097914,0.062431,7272,0.031949,0.00567,2002-05-17,21.54
