parameter,mu_star,mu,sigma,mu_star_conf
wind_level_factor,0.13109047900039852,0.13109047900039852,0.03533988538528071,0.011064144865487107
correction_mode,0.08340635858306807,-0.08340635858306807,0.008307259460642235,0.0028502345336752616
power_curve_scale,0.03440590059473154,0.03440590059473154,0.021738961735704512,0.0077980615769839105
aging_kappa,0.010447703653145207,0.008059040947050723,0.010217418286919355,0.0027852607425618227
aging_lambda,0.00821579799681719,0.004098181943216146,0.0087052468017239,0.0018488312984881188
density_mode,0.008196541466709091,-0.0010155959655653185,0.01065999840056297,0.0022539279699218453
wake_k,0.0078509994860896,0.007531952108786872,0.005156732669553549,0.0016875830006603564
shear_method,0.007422013827190152,-0.0004901422755118872,0.009944039570577778,0.0020343157170405707
z0_scale,0.0036441015980263557,-0.0035093213622086504,0.0047447461969293255,0.001795504070626537
